video_id,comment_id,comment_text,comment_author,comment_date,comment_like_count,parent_comment_id
lJcjFGt9eQM,Ugw2WGG3yOPhM-oVHIh4AaABAg,thank u,@Mike-gm9hv,2020-07-05T17:55:13Z,0,
lJcjFGt9eQM,Ugx5ddQHMxgu4adCBy14AaABAg,fox news repeatedly reporting new cases far less actual deaths telling half story,@tonytony6912,2020-07-04T22:13:38Z,0,
lJcjFGt9eQM,UgwRDQUYuQhWeVyn4zN4AaABAg,may talking many die administration nothing holding podium rallies,@jacs2315,2020-04-05T07:45:25Z,0,
lJcjFGt9eQM,Ugylm-n4IfJFoeSJypN4AaABAg,hear israel behold gods mighty hand,@brownowl5843,2020-04-02T00:47:08Z,0,
lJcjFGt9eQM,UgzIZJSE90SFEWtL5oh4AaABAg,question got corona insurance im gonna press hopefully wont infect many people retirement home,@aaronaardvark321,2020-03-18T10:57:56Z,1,
lJcjFGt9eQM,UgwUi6CPEjwKYr37m4Z4AaABAg,media drivin pandemic trying put fear public corrupt one world government working overtime collapse strong american economy taking part judged god actions,@raypadilla254,2020-03-18T03:29:59Z,1,
lJcjFGt9eQM,UgxvnttyGIEV3IgajKl4AaABAg,fear language slaves culture hygiene antiviral self isolation sick strategy lock hysterical self destruction bigger body count people experiencing mild symptoms recorded stats also people live pay check pay check work pay lock dangerous virus dispense antiviral supply chain services lock create food supply crisis bankruptcies going end well plan,@greghall3150,2020-03-18T01:58:53Z,0,
lJcjFGt9eQM,UgxQXBpI82YyGqIQKMd4AaABAg,know bad media help whos going pay people cant go work government going pay utilities many epidemics years lot worse,@kennyrupp7379,2020-03-18T01:38:23Z,0,
lJcjFGt9eQM,UgwKRY7h0sxEI7F93SJ4AaABAg,real message coronavirus doesnt give shits quit buying fckn toilet paper please,@1stcommonsense,2020-03-18T01:31:38Z,0,
lJcjFGt9eQM,UgwRHJg8yAr65TAnMvx4AaABAg,know government isnt us releasing air making self look like savior way im dead without day prescription theres nothing,@neatstuff8200,2020-03-18T01:13:43Z,0,
lJcjFGt9eQM,UgyXGgGz84qH-Z-Fdzh4AaABAg,china wants world power mfg prescription drugs dr france boyle says coronavirus dealing offensive biological warfare weapon leaked wuhan bsl lab next time deadlier,@maryczarnik9750,2020-03-18T00:40:45Z,0,
lJcjFGt9eQM,Ugx1auHd_rcSDuv-Lfl4AaABAg,walk walgreens seeing holding like boss aproch shes like need kid u pay touth brush sir jimmy stop young man,@geofferyblevins1714,2020-03-18T00:01:38Z,0,
lJcjFGt9eQM,UgyqSmzm6Fsm2pVXEMF4AaABAg,kids lucky year kids got everything thing bast technology school newest smart phone bast leading games remember playing board game board git haha,@geofferyblevins1714,2020-03-17T23:51:21Z,0,
lJcjFGt9eQM,UgzzwmnAbr1vkF1-djF4AaABAg,kids lucky year kids got everything thing bast technology school newest smart phone bast leading games remember playing board game board git haha,@geofferyblevins1714,2020-03-17T23:50:09Z,0,
76J7SqZXG1g,Ugx4VeQIFO1lBhF6XLp4AaABAg,american fighting invisible enemy must create biological welfare taskforce,@ChienNguyen-kk1rk,2020-03-17T22:20:33Z,0,
76J7SqZXG1g,UgwBESz3rjchgtTL2ZV4AaABAg,depopulation un agenda work wake folks late,@derekpadgett2519,2020-03-17T21:34:58Z,0,
76J7SqZXG1g,Ugy6bCg1doqS-ezAPEd4AaABAg,trump led immediate forceful response us done korea singapore hong kong instead trump snake oil salesman didnt push implement extensive testing simply use test already developed test germany offered us soft pedaled crisis exponentially spreading pathetic,@maninthemiddle55,2020-03-17T16:25:45Z,0,
76J7SqZXG1g,Ugxm8gOov09LpaOgTGJ4AaABAg,study doesnt include africa south america,@davidwafulake,2020-03-17T14:52:06Z,1,
76J7SqZXG1g,Ugx64arr0DraBTLggTt4AaABAg,coverage number cases canada,@b_uppy,2020-03-17T09:44:26Z,1,
76J7SqZXG1g,UgxmngFOgmS33DKac5F4AaABAg,need china require everyone public wear face mask,@icontrolmyownguns2096,2020-03-17T08:40:27Z,2,
76J7SqZXG1g,UgzDgflBK-BvXvxGlG54AaABAg,different nonexistent media coverage obama looked away americans died swine flu pandemic deaths months nothing warrants media obsession hysteria except fact president isnt democrat busy friends administration instead journalists months still couldnt provide nearly enough test kits first people died obama finally declared national emergency zero mention corrupted media slow response meanwhile label trumps declaration months deaths slow sick reason media looked away million americans contracted virus due quarantines restrictions hospitalized actually spent time hyping oscars year warning anyone swine flu pandemic one store shelf ran anything americans quietly died people survived later said treated escorted back facility told tell anyone families tried sue obama negligence one remembers corrupt media stuffed negative stories reason theyre suddenly acting way acted swine flu pandemic obama always insulated media held much lower standard called bigotry low expectations normally doesnt matter medias job sound alarm govt isnt instead put presidents legacy appearances ahead american people literally cost thousands american lives mainstream media go hell theyre,@secondopinion6654,2020-03-17T06:13:28Z,1,
76J7SqZXG1g,UgwlN_soXYAMhq81MTt4AaABAg,faith jesus president trump said soon disappear poof like miracle believe said mortality rate much lower believe said theres cases soon itll much lowerless believe said uncle doctor maybe natural ability doctors keep asking know much mr president faith president trump loony lefty communists want stay inside trying stop voting show commies wont fooled goto many maga rallies shake everyones hand show arent afraid loony lefty lies listen president trump sent god trust president trump uncle doctor,@eoin401,2020-03-17T05:20:52Z,0,
76J7SqZXG1g,UgzLXt233iWZdp0bbVt4AaABAg,answers worse flu make sense vaccine flu still killing covid im good new math adding,@tthh1944,2020-03-17T04:25:20Z,0,
76J7SqZXG1g,UgxgdX6WRMnRg761WpF4AaABAg,wow reptile feeder dish,@1966bluemax,2020-03-17T03:18:25Z,0,
76J7SqZXG1g,UgxSHxA565ZXM7Fw_kF4AaABAg,people fighting already infected known symptoms infected begin frothing mouth turn violent develop ravenous appetite eating human brains,@nunyobiznez875,2020-03-17T03:16:41Z,0,
76J7SqZXG1g,UgyhTL4vzGV1fM5lwLd4AaABAg,president harry truman buck stops donald trump dont take responsibility,@peteedwards369,2020-03-17T01:03:31Z,3,
76J7SqZXG1g,UgyhTL4vzGV1fM5lwLd4AaABAg.96HheE1M9hA96Jd3vUrBct,charles king dont take responsibility donald trump,@peteedwards369,2020-03-17T19:01:57Z,0,UgyhTL4vzGV1fM5lwLd4AaABAg
76J7SqZXG1g,Ugw9Lw9qBZhXr43GHKF4AaABAg,italy many cases cause socialized health care doesnt work,@zacknelson8918,2020-03-17T00:22:21Z,0,
76J7SqZXG1g,Ugw9Lw9qBZhXr43GHKF4AaABAg.96HcwlBgaYj96HxdJ7rv_x,please explain make connection,@OdieVelez,2020-03-17T03:23:12Z,0,Ugw9Lw9qBZhXr43GHKF4AaABAg
76J7SqZXG1g,UgwHPc4LjWsCL2qOCtJ4AaABAg,italy died today one day alone sobering,@craigfazekas3923,2020-03-16T23:31:26Z,0,
76J7SqZXG1g,Ugz5Df3-bBywBy-3tlh4AaABAg,food grown human waste safeunsafe countries practice arent careful export safeunsafe,@rickcouture2156,2020-03-16T23:16:02Z,0,
76J7SqZXG1g,UgxJRlDVKeVClwzDdwl4AaABAg,infected containment quarantine fear anxiety thought trump removed already one many attempts russia ukraine whatever would hype severe got feeling strong suspicion sf wouldnt lock,@ArmoredEmpathic,2020-03-16T22:34:22Z,0,
76J7SqZXG1g,UgwNNJKmx5gQ3-P-4YZ4AaABAg,annual flu shots still average people die annually us alone hasnt flu target past like covid doesnt make sense,@Brian-ob9ck,2020-03-16T22:11:11Z,0,
76J7SqZXG1g,UgxGDsoCUpf26rnO4QB4AaABAg,know treatment coronavirus tylenol buckleys mixture cold flu,@retrodealer6495,2020-03-16T22:05:48Z,1,
76J7SqZXG1g,Ugx9ffIM6JQpFhFgtih4AaABAg.96HOCGZGKOL96I3SEUmNiV,please put man charge cdc lol,@Joshua-fg8mz,2020-03-17T04:22:43Z,0,Ugx9ffIM6JQpFhFgtih4AaABAg
zwX5z_BvaN4,UgzRgu_x6XK-aZew9j54AaABAg,american fighting invisible enemy must create biological welfare taskforce,@ChienNguyen-kk1rk,2020-03-17T22:11:14Z,0,
zwX5z_BvaN4,UgxgojEeGvTo-1jSCut4AaABAg,nearly enough tests million million health care workers alone,@johnstahl8308,2020-03-17T06:05:18Z,0,
zwX5z_BvaN4,UgyrcepU7Mk_LmedxGd4AaABAg,dude stay israel stay home,@louisjordan4702,2020-03-17T05:52:44Z,0,
zwX5z_BvaN4,UgxoGMNhTABO5zOPeRV4AaABAg,faith jesus president trump said soon disappear poof like miracle believe said mortality rate much lower believe said theres cases soon itll much lowerless believe said uncle doctor maybe natural ability doctors keep asking know much mr president faith president trump loony lefty communists want stay inside trying stop voting show commies wont fooled goto many maga rallies shake everyones hand show arent afraid loony lefty lies listen president trump sent god trust president trump uncle doctor,@eoin401,2020-03-17T05:20:27Z,0,
zwX5z_BvaN4,UgxZFMRqZRUgGaSEuGJ4AaABAg,cannot depend government ive decided worry sold toilet paper ill using neighbors garden hose garden going back traditional values things like pilgrims without toilet paper,@ommeditationmind1554,2020-03-17T02:48:37Z,0,
zwX5z_BvaN4,UgyjvfQMmCbKoU1ayTR4AaABAg,bet trump sees took test came negative waste money,@DeTuks,2020-03-17T02:16:19Z,0,
zwX5z_BvaN4,Ugym0yHguKvlKEccLB54AaABAg,fake fox news scumoftheearth democratic hoax thats went national tv epidemic people dying sons b,@jasminesierra497,2020-03-17T01:14:35Z,1,
zwX5z_BvaN4,UgzZ5x8aB0kudG6BG514AaABAg,trump supporters hope youre watching scumbag president contradict cvc medical experts,@jasminesierra497,2020-03-17T01:14:10Z,1,
zwX5z_BvaN4,Ugx2yGBPyWnRumxpZQF4AaABAg,makebryanpurdy cryagain makeancientlink cryagain tony pinto anthony alvaros anthony pinlo makesamnewcome cryagain makedemonrats cryagain makewolfe cry every page folks deal yesterday user methodically starting antilib threads never talks anyone never debates anyone stirs pot moves anyone think guy genuine antiliberal call russian bot,@gerrydonohoe3931,2020-03-16T23:48:51Z,0,
zwX5z_BvaN4,UgwnBngJbK4QEK-yLcZ4AaABAg,president trump needs talk michael,@michaelmontgomery5326,2020-03-16T23:30:31Z,0,
zwX5z_BvaN4,UgwmC0Z0mQdeDZdhLY54AaABAg,great series thank answering questions one,@KidCity1985,2020-03-16T23:12:05Z,0,
zwX5z_BvaN4,Ugwe_ggoWD8MBiAFiaV4AaABAg,food grown human waste safe safe unsafe food grown way still imported countries practice,@rickcouture2156,2020-03-16T22:56:57Z,0,
zwX5z_BvaN4,UgxPhczw1taSi9Gz9xR4AaABAg,america longer country looked good got wwii hoarders need return stuff looted keep used buy everyone need im making point call people line stores carts toilet paper whats next runs banks shame america,@TOMAS-lh4er,2020-03-16T22:55:24Z,0,
zwX5z_BvaN4,UgzKlKqta8w4HsQA1Kx4AaABAg,idiots buying stores didnt need stores constantly even another year till anyone buy roll toilet paper need stores cant fill normal week two wait see people rest us slowing gasoline types food people stock piling right like crazy rest us realize limits dont work looters take whole families relatives one group stores get around limits people terrorists rest us,@TOMAS-lh4er,2020-03-16T22:41:26Z,0,
zwX5z_BvaN4,UgyFaeSQByQBgmYE9-V4AaABAg,report fox producer admits networks protrump coronavirus coverage really irresponsible fox news guilty orange mennace misleading ppl telling lies,@davidh3750,2020-03-16T22:36:53Z,1,
zwX5z_BvaN4,UgxvsNHIVXI8QilhY_Z4AaABAg,man actually put fingers nose hope doesnt shake hand,@Kwelar,2020-03-16T22:28:49Z,0,
zwX5z_BvaN4,UgxgICV7YqnNcK6QkS14AaABAg,project fear full swing operation plandemic,@LordEagle,2020-03-16T22:25:22Z,0,
zwX5z_BvaN4,Ugz1DXSgMHtMKcS_F3t4AaABAg,b viruses healthiest green grass came contact lots people still healthy green grass,@retrodealer6495,2020-03-16T21:42:29Z,0,
xhpqX1NbusQ,Ugx2QETQG7j3BQGg3H94AaABAg,pretty common right nowposting fake pole dragging experts answer lame questions,@peggygenoway,2020-03-17T22:48:58Z,0,
xhpqX1NbusQ,UgzN6yjNKpezd5aKvBt4AaABAg,american fighting invisible enemy must create biological welfare taskforce,@ChienNguyen-kk1rk,2020-03-17T22:21:00Z,0,
xhpqX1NbusQ,Ugz2n-tsTnWxLjfXGk14AaABAg,trump led immediate forceful response us done korea singapore hong kong instead trump snake oil salesman didnt push implement extensive testing simply use test already developed test germany offered us soft pedaled crisis exponentially spreading pathetic,@maninthemiddle55,2020-03-17T16:25:13Z,0,
xhpqX1NbusQ,Ugx8lW8ehlJ8CwQ53uB4AaABAg,faith jesus president trump said soon disappear poof like miracle believe said mortality rate much lower believe said theres cases soon itll much lowerless believe said uncle doctor maybe natural ability doctors keep asking know much mr president faith president trump loony lefty communists want stay inside trying stop voting show commies wont fooled goto many maga rallies shake everyones hand show arent afraid loony lefty lies listen president trump sent god trust president trump uncle doctor,@eoin401,2020-03-17T05:21:04Z,0,
xhpqX1NbusQ,UgzJ5HEgzqVzRz_87Rh4AaABAg,biological warfare,@invisiblefiddle1645,2020-03-17T02:37:52Z,2,
xhpqX1NbusQ,UgwPyNtmc39sXAsyE314AaABAg,michelle obamas murdered joan rivers barehands,@michaeldesilvio9980,2020-03-17T02:35:24Z,0,
xhpqX1NbusQ,UgzpqoJ8PJKm5-N7YIZ4AaABAg,fox news tagged cdc tag abc cbs nbc tagged,@xyzzyx7812,2020-03-17T01:42:03Z,0,
xhpqX1NbusQ,UgwEtOMJGekZWqOpVHB4AaABAg,trump supporters democratic hoax fox news saying epidemic democratic hoax wow change heart,@jasminesierra497,2020-03-17T01:15:36Z,0,
xhpqX1NbusQ,UgyddJyQnivgVeNle054AaABAg,president harry truman buck stops donald trump dont take responsibility,@peteedwards369,2020-03-17T01:03:05Z,0,
xhpqX1NbusQ,UgzCQUt4QLCJt4qjoKF4AaABAg,trump weve taken bold steps like call democratic hoax done nothing months tell cases soon drop go away april weather warmer besides common flu chances serious threat life needs health test kits help people stimulus bill helps wall street billion emergency funds trillion wall street stimulus package get give money working people socialism bail wall street thats okyou fox viewers easy marks,@Supper-zero,2020-03-17T00:06:49Z,0,
xhpqX1NbusQ,UgzCQUt4QLCJt4qjoKF4AaABAg.96HbA1ZmenM96HpD9cg0R_,commented dumb talking points media,@Sharkattackguy,2020-03-17T02:09:35Z,0,UgzCQUt4QLCJt4qjoKF4AaABAg
xhpqX1NbusQ,UgxSNdB4M5JlnRwJtn54AaABAg,press mr president fire pandemic response team president trump didnt dont know anything maybe someone administration maybe tony things happen dont know great job ok,@JordanFountain003,2020-03-17T00:03:05Z,0,
xhpqX1NbusQ,Ugy5QkizsY-WNU0Acl14AaABAg,hope everyone month disaster fund saved going need thousands people going laid things start shutting,@stevefarris9433,2020-03-16T23:50:00Z,0,
xhpqX1NbusQ,Ugzdlmw_YyBV9JvTbfl4AaABAg,breaking news trump republican congress helped unleash worldwide pandemic resulting thousands deaths trillion worldwide economic losses happen greed prior trump taking office united states worked countries including china india stop prevent pandemics immediately trump republican congress approved signed cut billion national health spending global diseasefighting operational budgets cdc nsc dhs hhs governments million complex crises fund eliminated trump administration fired governments entire pandemic response chain command including white house management infrastructure trump republican congress vile thing us pass massive trillion tax cash giveaway rich wall street ceos drive stock market election guess check came due us,@deadnorth8333,2020-03-16T23:42:25Z,0,
xhpqX1NbusQ,UgzzGfGicdc_T5IX2aR4AaABAg,food grown human waste safeunsafe practice countries exported safeunsafe answer,@rickcouture2156,2020-03-16T23:31:56Z,0,
xhpqX1NbusQ,UgxRHZ2qMhYMH7hWoxd4AaABAg,gaining specific access critical information concerning chinese incompetence worse consists unanswered questions verification excuses innocent mostly accurate definition random obviously access includes contrasting conclusions culpability guilt collaborate ignorance best,@extrasolar213,2020-03-16T23:31:46Z,0,
xhpqX1NbusQ,UgzM9WSuDNQe_wsS4f54AaABAg,leadership hum true leaders led men money know trump leader never never man lots money called time serious adversity passed buck cost us dearly chaos happens absence leadership chaos know easy think money means leadership money impressive lots fancy cars gorgeous arm candy certainly used think money goal younger days believed art deal good book worthy time little know even write thats okay young inexperienced man back learned enough know difference know bombarded ethos money important thing bizarre system easily confuse two true leaders led men money please think leadership carefully choosing want lead much important applauding worthless man knows put cash worthless armani suit,@johnnypunish,2020-03-16T23:27:02Z,0,
xhpqX1NbusQ,UgzGwUI9ntqTUiMcyVh4AaABAg,crashed economy hurt people bug right,@arenmoore2516,2020-03-16T23:22:20Z,1,
xhpqX1NbusQ,Ugy7IXmkCkpYTPDVvNx4AaABAg,wouldnt rather spiked pattern crash whole economy,@arenmoore2516,2020-03-16T23:20:38Z,0,
xhpqX1NbusQ,UgzU8l6X1drmWl145Ql4AaABAg,trump also said inauguration speech rain stopped cloud parted sun came actually trust anything man admin says good reason lies fans brazenly im sorry,@sargentstony4505,2020-03-16T23:15:31Z,0,
xhpqX1NbusQ,UgzgXJIvrUXvAAxiKRF4AaABAg,stupid people buy bidet,@kennybias672,2020-03-16T23:10:23Z,0,
0pkwjVhq230,UgyQIe5iJ7FncrmlvbB4AaABAg,reminder trump fired never replaced officials biodefense preparedness pandemics department tom bosseret rear admiral zimmer others dr luciana borio left trump ignorant child work remarks many great patriotic americans like general mad dog mattis resigned defense secretary making america great,@slraifsnider,2020-04-01T06:08:27Z,0,
0pkwjVhq230,UgxSHYK2qduaYRh1JNt4AaABAg,cruse ship giant incubation chamber virus lab think different speed virus spreads,@GH-if5xw,2020-03-17T19:40:10Z,0,
0pkwjVhq230,Ugz5Zrei1q2pcLPa8uF4AaABAg,faith jesus president trump said soon disappear poof like miracle believe said mortality rate much lower believe said theres cases soon itll much lowerless believe said uncle doctor maybe natural ability doctors keep asking know much mr president faith president trump loony lefty communists want stay inside trying stop voting show commies wont fooled goto many maga rallies shake everyones hand show arent afraid loony lefty lies listen president trump sent god trust president trump uncle doctor,@eoin401,2020-03-17T05:20:38Z,0,
0pkwjVhq230,Ugz5Zrei1q2pcLPa8uF4AaABAg.96IA4S41RK696UFhlzC6v4,covid flying spaghetti monster course,@eoin401,2020-03-21T22:00:43Z,0,Ugz5Zrei1q2pcLPa8uF4AaABAg
0pkwjVhq230,Ugzk9oG_kaMjEuV6bB94AaABAg,didnt show symptoms tested hmm anybody else get feeling governments using take greater control lives oh never mind tinfoil hat yall got enough toilet paper youll fine good lck,@patriot8844,2020-03-17T04:52:50Z,0,
0pkwjVhq230,UgxgeDj7DvUFxmeCfRJ4AaABAg,hes classic example non clinical shedder,@1966bluemax,2020-03-17T03:11:30Z,0,
0pkwjVhq230,Ugy46HOAcPMQSO4E1454AaABAg,virus live long foods boxed cereal canned foods cheese frozen water ice animals get infection virus need stay alive,@mxracks,2020-03-17T01:57:35Z,1,
0pkwjVhq230,Ugy_4l8Tr7EeCBk-eVd4AaABAg,makebryanpurdy cryagain makeancientlink cryagain tony pinto anthony alvaros anthony pinlo makesamnewcome cryagain makedemonrats cryagain watch user starts antilib threads moves another page pattern guy,@gerrydonohoe3931,2020-03-16T23:44:07Z,0,
0pkwjVhq230,Ugy9yukGLXdfZinnoqF4AaABAg,billion people selfish stupid narsists still keep many babies maybe pandemic might thing save planet world population halved many times history things got control maybe time lets hope mostly americans greed ignorance glutony responsible war misery overconsumption pollution world,@gavriloprincip11,2020-03-16T23:36:35Z,0,
0pkwjVhq230,Ugw-7s6nWI1o2aqF_Lx4AaABAg,food grown human waste safe countries export safeunsafe,@rickcouture2156,2020-03-16T23:11:40Z,1,
0pkwjVhq230,UgxVUWu7W31TaAQaooh4AaABAg,end fascist right,@thebigpromasherjamasterfla8084,2020-03-16T21:46:13Z,0,
0pkwjVhq230,UgzmcmzPW32vvRNWx014AaABAg,republicans voted families first coronavirus response bill nothing lies hate america fascist right,@thebigpromasherjamasterfla8084,2020-03-16T21:43:19Z,0,
0pkwjVhq230,UgzReymWkUcFyO0XSd14AaABAg,trust trump fox fake news coronavirus info cnn nyt sources truth facts,@peteedwards369,2020-03-16T21:36:07Z,0,
0pkwjVhq230,UgykJrByBk8pJL7wAFF4AaABAg,atheist im watching alaska ill,@cabococarlos1936,2020-03-16T21:22:58Z,0,
0pkwjVhq230,Ugzx5LOfDOYSQY7xewt4AaABAg,trump fox saying since day democratic hoax itll miraculously go away worse flu contained anyone wants test get one trump fox lying day one nobody stupid enough keep believing anymore,@surfk9836,2020-03-16T20:51:19Z,0,
0pkwjVhq230,UgyJ-F9cBT92zYEZy_t4AaABAg,america ready give freedoms medical martial lawhow long people let government keep medical martial law,@hvdiv17,2020-03-16T20:29:01Z,3,
0pkwjVhq230,UgxKywCfwOKORJx6-vt4AaABAg,put trump boat lame assed reality show,@mtlart,2020-03-16T20:26:17Z,0,
0pkwjVhq230,UgxNVce9TlZCkPT4Q7V4AaABAg,theyve permitting guy move freely us month probably one asymptomatic super spreaders great news,@DOOMJESUS,2020-03-16T20:17:12Z,0,
6G_-qe0iMBs,UgzdjyoWB5dvZ0l0v2R4AaABAg,common cold flu ect corona viruses want cure mix tbsp honey cinnamon turmeric ginger lemon juice half cup hot water shot whiskey drink fast possible get heavy blanket stay till better,@derekpadgett2519,2020-03-17T21:24:13Z,0,
6G_-qe0iMBs,UgzaCKOTtd_42_rJCDZ4AaABAg,trump led immediate forceful response us done korea singapore hong kong instead trump snake oil salesman didnt push implement extensive testing simply use test already developed test germany offered us soft pedaled crisis exponentially spreading pathetic,@maninthemiddle55,2020-03-17T16:25:31Z,0,
6G_-qe0iMBs,UgxNtl-JH-p43uB93f94AaABAg,harris real pro great job first class journalist,@rjinnh3933,2020-03-17T04:35:28Z,1,
6G_-qe0iMBs,UgzTibDRlSnYeHJahwx4AaABAg,anyone calculated reduction regular flu deaths due increased hygiene similar measures corona virus inspired thanks,@brucermarino,2020-03-17T02:26:32Z,0,
6G_-qe0iMBs,UgyD23mqHyqu1jpfIi94AaABAg,president harry truman buck stops donald trump dont take responsibility,@peteedwards369,2020-03-17T01:03:19Z,0,
6G_-qe0iMBs,UgyD23mqHyqu1jpfIi94AaABAg.96HhckUgpLK96HjZApQADx,pete edwards said said yes fix broken system took responsibility fixed,@kake3072,2020-03-17T01:20:10Z,0,UgyD23mqHyqu1jpfIi94AaABAg
6G_-qe0iMBs,Ugx5v5zV1b1rLfkCYOR4AaABAg,corona virus pyramid scheme,@Yvefutura,2020-03-17T00:31:29Z,0,
6G_-qe0iMBs,UgyNKyDrWDRlRPwxLFh4AaABAg,lot military bases shut downgraded reserve bases hospitals could reopened quickly,@george217,2020-03-17T00:13:07Z,1,
6G_-qe0iMBs,Ugy_Mkp8rRis1gN2YpZ4AaABAg,media jerks help reduce number baby number boomers seniors fear could id move america joke upsetting economic market jerks,@tuccum,2020-03-16T23:47:21Z,0,
6G_-qe0iMBs,UgxkY3OXL87_qa6_45R4AaABAg,deaths globally really many people live world tiny tiny compared media promoting fear,@tuccum,2020-03-16T23:45:50Z,4,
6G_-qe0iMBs,UgwnoXnq8QqgbPlSHbp4AaABAg,food grown human waste safeunsafe practice countries exportedsafeunsafe,@rickcouture2156,2020-03-16T23:39:43Z,0,
6G_-qe0iMBs,Ugz6kkEJ2KzBIrHrazN4AaABAg,dont use limited aire time friendly banter thank guests later tell us need know,@michaelmcfeely6588,2020-03-16T23:29:55Z,2,
6G_-qe0iMBs,UgwnjwAlh2iDx1vPlY54AaABAg,far states run democrats important stop sales firearms bullets stop spreading coronavirus enemies constitution people enemies,@rodolphcabrera6636,2020-03-16T22:23:23Z,2,
6G_-qe0iMBs,UgyC9TdO8Ax1ooA_IC94AaABAg,thank dental hygienist going press employers enough protect safety appropriate ppe nature work provide general public thank deb,@FromAllowed2Aloud,2020-03-16T22:04:03Z,5,
6G_-qe0iMBs,Ugw67pJzHt24Zcs88pR4AaABAg,incompetent trump fox fake news republicons put thousands american lives risk downplaying coronavirus much hoax,@peteedwards369,2020-03-16T21:47:48Z,0,
6G_-qe0iMBs,Ugy0avt7RYKXb-k61pp4AaABAg,world reacting random commie virus,@albinopig9916,2020-03-16T21:41:41Z,0,
6G_-qe0iMBs,UgzTsaWK5bb2gCHH4y54AaABAg,trust trump fox fake news coronavirus info cnn nyt sources truth facts,@peteedwards369,2020-03-16T21:35:36Z,0,
6G_-qe0iMBs,Ugw2fYDOkO08qNHTa4x4AaABAg,drove past costco morning parking lot full worse sale black friday went fred meyers yesterday whole aisle toilet paper paper towels pasta pasta sauces bread aisle sold,@PamelaBoyer,2020-03-16T21:31:40Z,0,
6G_-qe0iMBs,UgwgApH1olF5bfruejl4AaABAg,republicans voted families first coronavirus response bill end republican party hates america,@trumpiscorruptaf5844,2020-03-16T21:27:15Z,0,
6g4LpUAjhN0,UgwXR4F8epkB7UwNTL54AaABAg,might wellnobody know personally feedback internet people done pro sports,@plasticpimps,2020-07-30T12:40:43Z,1,
6g4LpUAjhN0,Ugy1PEgbuK8yA91rN7B4AaABAg,start new umbrella real americans follow sports well call patriots sport league psl patrotic athletes wide range sports migrate year well final games events pitting patriots socialist traitors,@los2123,2020-07-29T13:51:06Z,0,
6g4LpUAjhN0,UgweD3VeStx3v-z04q94AaABAg,soon fox news going remove comment section video many blm comments bunch rascist trump lovers,@fridaymanly,2020-07-29T07:43:15Z,1,
6g4LpUAjhN0,UgwjGrPTnb7_d3WhYCF4AaABAg,excited hear sports returning saw going without fans fake crowd noise cardboard cutouts kneeling straw broke camels back dont even know theyre kneeling kneeling coronavirus deaths,@EasyModeFishing,2020-07-28T23:20:03Z,0,
6g4LpUAjhN0,UgwhCRlHz2y19Hb9ptZ4AaABAg,chinas fault cant believe people actually trying blame president bunch weak democratic punks,@bopitbullfishingoutdoors5810,2020-07-28T16:31:39Z,0,
6g4LpUAjhN0,Ugx4NvlMi9CW4fWYrgh4AaABAg,team watched cleveland indians,@toddparker9269,2020-07-28T14:10:40Z,0,
6g4LpUAjhN0,UgyaC6fPIVNCUn2SHcZ4AaABAg,nhl trying make work looking good far course leave usa,@tbz1551,2020-07-28T13:34:04Z,0,
6g4LpUAjhN0,UgzABAcEZczjt9cTQWl4AaABAg,manfran idiot players need quit,@TW-fv2zu,2020-07-28T13:19:49Z,0,
6g4LpUAjhN0,UgwdVvDdCXbAvk2AqCF4AaABAg,close mlb permanently interested watching communists play,@patbrooks9823,2020-07-28T08:50:44Z,1,
6g4LpUAjhN0,UgzBz3CDaDRak_RSwbN4AaABAg,see blm plague hit mlb shame,@t.j.miller7466,2020-07-28T06:04:30Z,0,
6g4LpUAjhN0,Ugyk4wDvrU4JQapQlcd4AaABAg,going watch anyway,@jaredmbennett,2020-07-28T05:22:36Z,0,
6g4LpUAjhN0,UgxUIT-SEGhCkx55NMh4AaABAg,really really really stupid annoying music,@waynemontpetit8181,2020-07-28T04:20:43Z,0,
6g4LpUAjhN0,Ugymxo-bIhlla88Iwv94AaABAg,nobody cares issues filling stadiums previous seasons even less people care jumped kneel anthem cops bad people bandwagon,@ABCEasyas--,2020-07-28T03:44:08Z,1,
6g4LpUAjhN0,Ugwco0aBPrUGg81Vtfl4AaABAg,whi cares,@stephenrottschaefer4585,2020-07-28T03:20:20Z,0,
Pevfw17JS6k,UgxvDQ-GAv7rYaF6d0d4AaABAg,nothing historic early tell wether major breakthrough publication basis authorization ends information may informative treatment covid design randomized clinical trials involving convalescent plasma trial registration identifier nct,@anseroyale2252,2020-08-24T08:35:18Z,0,
Pevfw17JS6k,UgwOoHK_WFKe0i-xu_h4AaABAg,another beautiful morning still cant believe finally beat genital herpes help drademiso youtube,@winniekavali3706,2020-07-07T09:24:46Z,0,
Pevfw17JS6k,UgzXuR6Yy5_Im712nEd4AaABAg,show five fox still speaking coronavirus cdc forget change weiland virus,@samueljacobs6072,2020-06-02T23:25:16Z,0,
Pevfw17JS6k,Ugwj1kr__Gq89qlj3cl4AaABAg,need google representative person preferable woman call,@robertmartinezakatrebor6408,2020-05-11T04:17:20Z,0,
Pevfw17JS6k,UgwrgjOOh3ZIuAxNEtd4AaABAg,well done greg team avoid fake media jail hillary crook new dems spiteful enemies,@johnnygee1625,2020-05-03T11:38:09Z,0,
Pevfw17JS6k,UgyeCYOi_5mRwMk5mzN4AaABAg,hopefully emphasis expedient treatment population sanctimonious acclaim inventing new monetaryrevenue source pages perpetuity cheaper better people want life without exhausted financial resources academia claim,@tedgraves6366,2020-05-01T13:52:30Z,0,
Pevfw17JS6k,UgxUV5RDKjujib7Sxwl4AaABAg,part spin goes overdrive failed mention deaths attributed drug basically monologue record foxs dangerous spiel,@mikescampfire1676,2020-04-24T12:42:59Z,1,
Pevfw17JS6k,UgwasD3_OfHusrwurxl4AaABAg,late april research found none drugs work covid fox trump stopped talking,@Struieboy,2020-04-22T18:56:26Z,0,
Pevfw17JS6k,Ugxud5L5hW2FWdxGVtx4AaABAg,always smirk face real message,@HappyMathDad,2020-04-15T16:53:14Z,0,
Pevfw17JS6k,UgyKj8bKzBvF-QnJGRV4AaABAg,drug possible treating covid already available available four decades treating malaria although heard even though doctors want prescribe new york governor doctor forbidden doctors prescribe,@chrisbriswrites,2020-04-08T10:51:14Z,0,
Pevfw17JS6k,Ugy48BfYqaqUzlc79z94AaABAg,hey greg im watching tv hydroxychloroquine us buy cant made arent us using uv lights sterilize masks ppe reuse large basis seems like would large tool fights covid could cleanse things like rooms whole stores night time nobody,@davescheer5038,2020-04-08T02:49:46Z,0,
Pevfw17JS6k,Ugwg7dCK-qYX805xZ3Z4AaABAg,h n need start tamiflu within hours hours get whole day night began tamiflu within hours sick wasnt half sick could,@elizabethshaw734,2020-04-01T00:10:35Z,0,
Pevfw17JS6k,UgzNaVm7edruu292-E94AaABAg,president trumps audience daily coronavirus briefingseveryone tv mobile device wants get information coronavirus lots lots people thats audience really much tv shows apprentice,@kernalmax,2020-04-01T00:00:08Z,0,
Pevfw17JS6k,UgwPDHkRVwNzdAJEkHl4AaABAg,ha oh people task force daily briefings finally wise msm games running intercept president well dr fauci listens dumb question acosta prefaces saying thats tricky question probably going used context dr birx go back charts reign media reminding high numbers claimed confirmed worse good grip msm games yet go every single day suffer creation,@kernalmax,2020-03-31T23:43:55Z,0,
Pevfw17JS6k,Ugz703HIpPuZbkaoHRV4AaABAg,love watching president trumps daily coronavirus briefings msm involved political hit job endure hours listening talk great things task force ha ha priceless know knows tried plays ever angle try play moves flawlessly along story line create true soooooo entertaining watch suffering grueling hours playing gameall hes getting public exposure hour hour day dayand president trouble talking oh entertaining,@kernalmax,2020-03-31T23:32:51Z,0,
Pevfw17JS6k,UgxmoJ7jF5nREWhmt5t4AaABAg,another anchor trust list since oubreak hoax_caller coz many died,@zodinthara7925,2020-03-31T21:05:49Z,0,
Pevfw17JS6k,UgztSpH6my4xBAMCZlt4AaABAg,ahh yes dana rich get live rest die hunger games real life,@bludog4657,2020-03-31T17:00:59Z,0,
d1eEWihvwpQ,UgzRderPclEUkYagsSl4AaABAg,lowkey insane coming years kids going genuinely read ts lessons,@GRINCHLORECHAMPION,2026-07-30T14:01:31Z,0,
d1eEWihvwpQ,UgwkqQZdvIBeA3Fcpgx4AaABAg,miss days peak stay home worries,@needsomewater,2026-06-10T18:50:48Z,1,
d1eEWihvwpQ,UgyXvBwkpQc60wTZiEB4AaABAg,round anyone,@Cat_from_YT,2026-05-11T16:28:23Z,5,
d1eEWihvwpQ,UgwvLdC8-eUFU2CFdFx4AaABAg,years ago today,@AustinJay276,2026-03-12T00:29:04Z,1,
d1eEWihvwpQ,UgzvqQh2Sif1lPjagtZ4AaABAg,good times,@YesChefCookingYT,2026-03-07T08:43:17Z,0,
d1eEWihvwpQ,Ugzm6KlGxo4-6lkbGQB4AaABAg,start biggest scam humanity,@frankparent463,2026-01-23T23:04:11Z,1,
d1eEWihvwpQ,UgxKRWaUy0oyOGIcgfd4AaABAg,thats way new orleans top hotel rooftop people,@KillerQueenn.,2025-12-24T16:01:13Z,0,
d1eEWihvwpQ,Ugy56foJZBZQvg7r9Zh4AaABAg,ts lowkey nostalgic,@Jjjhveveb,2025-07-28T07:24:38Z,5,
d1eEWihvwpQ,UgzZ6fvV9JGsvh0159p4AaABAg,hello years later,@Bobherry,2025-03-10T23:40:26Z,2,
d1eEWihvwpQ,UgxmZNK1ZIj5jMBUemZ4AaABAg,permanently messed sense time,@radioactivebeverage,2024-03-15T01:47:38Z,7,
d1eEWihvwpQ,UgxbTG_0cWGvMAee0sx4AaABAg,covid august super unpleasant got vaccines booster last year got mild strain covid still felt miserable even though mild strain virus flu cold symptoms,@rosieasmrwhispererzephier7021,2022-10-11T02:46:38Z,0,
d1eEWihvwpQ,UgxbTG_0cWGvMAee0sx4AaABAg.9h1A5EF38D69wxn0x1JQlS,showlinemuch better also influenza december last year even though got flu covid shots year got flu covid shots like always every year im also eating citrus fruits keep immune system strong immune system sorta weak wont get ill easily year,@rosieasmrwhispererzephier7021,2023-11-11T02:21:41Z,0,UgxbTG_0cWGvMAee0sx4AaABAg
d1eEWihvwpQ,UgyNQj-9Y4fq6TXadaJ4AaABAg,fox news repeatedly reporting new cases far less actual deaths telling half story,@tonytony6912,2020-07-04T22:14:22Z,1,
d1eEWihvwpQ,UgyvO3i6UgtuSiMj8VF4AaABAg,spread newsnow stop,@arianaecall,2020-06-25T02:01:25Z,0,
byWnECUo1uw,UgzsGEM7lJNnP8DTSDp4AaABAg,byssinosis rare lung disease caused inhaling hemp flax cotton particles sometimes referred brown lung disease form occupational asthma united states byssinosis occurs almost exclusively people work unprocessed cotton symptoms include fever chills headache muscle aches fatigue research throw masks,@LLAJQI,2020-12-24T17:56:47Z,0,
byWnECUo1uw,UgwavB42fcTmte1GgEt4AaABAg,hey wish washy fauchi many shares moderna pfizer johnson johnson,@JuliaSugarbaker,2020-12-24T17:49:46Z,1,
byWnECUo1uw,UgyrWQQwi6ns6HzumJZ4AaABAg,ive watching fox news long time got done watching interview laura ingraham dr anthony fauci raised lot suspicion opinion interview shows ingraham comparing hiv coronavirus dr fauci contradicting statements living moment time seems like everyone something hide things ulterior motives decided hear get real news directly primary source fox news odd reason fox decided leave one want know newscast changing story really going come fox,@andreg7590,2020-05-14T02:09:57Z,0,
byWnECUo1uw,Ugwgl-lZJvp08_5GBpx4AaABAg,lemonhead must absolutely freaking lol,@kyzercube,2020-03-14T03:26:52Z,0,
byWnECUo1uw,Ugzf4rk96IdMZSjCTyJ4AaABAg,british columbia canada bc cdc said far tested people atlantic reported whole usa tested cases whole country thank goodness universal health care,@thccga,2020-03-14T00:41:51Z,0,
byWnECUo1uw,UgxjqAJBgf6tYTGjYhZ4AaABAg,dont understand reporters stupid ask travel ban europe helps common sense works help reduce spread virus,@axiom21,2020-03-13T14:40:29Z,1,
byWnECUo1uw,Ugw-dCe0Fnqz1v04O614AaABAg,tell truth would like knock f smile face dont see f joke,@jackcalatayud206,2020-03-13T13:01:19Z,0,
byWnECUo1uw,Ugz8qd9ew_8yyDiCwYJ4AaABAg,fox news first news network report total cases recovered ive pushing weeks,@babynelson219,2020-03-13T11:07:43Z,1,
byWnECUo1uw,UgzoMVzGnmrHfikrNMd4AaABAg,dr adam schiff type behavior,@leoXonit,2020-03-13T10:33:44Z,0,
byWnECUo1uw,UgwsTVQCcDljV9_AZAx4AaABAg,nice hear hes saying news better wow,@pollybutler1068,2020-03-13T07:47:12Z,0,
byWnECUo1uw,UgzBBiR17AGTg0Zf5cx4AaABAg,smart man distinguished career complaining video volumeturn,@56sleepy,2020-03-13T04:25:43Z,2,
byWnECUo1uw,UgzmcP1XnkIY_8ceTo94AaABAg,understand reporters adamant president trump tested dr right white house professional thats key word professional feel need test president trump fake news chick question think gloat whole reason bring president means rejoice thing may effect sinful hatred left call christians aka pelosi,@marystilwell9312,2020-03-13T03:47:52Z,0,
byWnECUo1uw,Ugwq_ou3lg9qUUp5E0N4AaABAg,fair minded person take pride working lying left wing liberal biased corrupt fake news media could never journalist far delusional way evil,@13Hangfire,2020-03-13T03:04:31Z,1,
byWnECUo1uw,UgwM6VjnUt8-l3kkfoV4AaABAg,gotta stick shiv end trump really stupidevilincompetentmendacious weve lead believe question ffs youre consuming bandwidth guy actually trying help country get ahold virus get life least degree journalism,@drewby613,2020-03-13T02:58:53Z,0,
cQm7T94FuE4,Ugwmo4wu-3naMLltmyJ4AaABAg,description drug works given misleading data showing well drug works good,@MrCharlesdick,2020-05-03T01:49:03Z,0,
cQm7T94FuE4,UgwtmsdvZKfI0lCLhMN4AaABAg,dr vladimir zelenko board certified family practitioner rt monroe ny treated patients covid high risk patients treated early drug regimen hydroxychloroquine azithromycin zinc results deaths respirators survived rest recovered fully much cheaper also,@Homie2025-q5u,2020-05-02T14:17:59Z,0,
cQm7T94FuE4,UgzDcLdZH9hzGkl-SvR4AaABAg,stick truth hcq cheap works,@greyman873,2020-05-02T12:49:38Z,0,
cQm7T94FuE4,Ugxrdksbaamyr4lmwZR4AaABAg.988VPG27PcC98FG1cBrFp2,charley griffindoes drug affect mans ability reproduce heard side effect possible liver damage increase liver enzymes levels,@curtisjones400,2020-05-04T19:17:44Z,0,Ugxrdksbaamyr4lmwZR4AaABAg
cQm7T94FuE4,Ugxrdksbaamyr4lmwZR4AaABAg.988VPG27PcC98Hb4TV5Mok,curtisjones heard infowars,@charleytgriffin,2020-05-05T17:08:51Z,0,Ugxrdksbaamyr4lmwZR4AaABAg
cQm7T94FuE4,Ugw5K77DGeuiRRa3zrd4AaABAg,two questions first essential reproduction could possibly halt two founded study,@timcoleman2371,2020-05-02T04:00:31Z,0,
cQm7T94FuE4,UgzTaVh9G1lN_XGE9vx4AaABAg,guess bought gilead first american trust guess companygeorge soros guess owns fauci birxgatesetc etc etc,@sweetpea45769,2020-05-01T21:47:10Z,0,
cQm7T94FuE4,UgyGogL7LGKS8owrZ994AaABAg,cant one thinks handmaids tale every time hear word gilead,@nicolepags5,2020-05-01T20:26:58Z,0,
cQm7T94FuE4,UgygRP3EhT5PIP0XqWp4AaABAg,thank cuba literally owe lives,@williamalford4248,2020-05-01T20:20:46Z,1,
cQm7T94FuE4,UgxrXSduvJ1gChITnPJ4AaABAg,dont want thanks thanks,@sweetpea45769,2020-05-01T20:19:03Z,0,
cQm7T94FuE4,UgxrXSduvJ1gChITnPJ4AaABAg.987df0r9o-G987oMzl41Uk,curtis jones research,@sweetpea45769,2020-05-01T21:52:34Z,0,UgxrXSduvJ1gChITnPJ4AaABAg
cQm7T94FuE4,UgzmhWzqtuzmVOR6TmR4AaABAg,people comment idiots think know everything know someone rather making stupid comments,@empoweredbyknowleged6141,2020-05-01T16:44:29Z,0,
cQm7T94FuE4,UgxHVfVRdgLqGWCPbUt4AaABAg,key people trump said desinfectant working fabulously give try,@empoweredbyknowleged6141,2020-05-01T16:31:20Z,0,
cQm7T94FuE4,UgwTfxlyQIaHY5-hJVR4AaABAg,never trust news station matter late none tell story soooo yesh,@darkelmer,2020-05-01T15:46:15Z,0,
cQm7T94FuE4,Ugyb38KaXh0YtZ0QsZN4AaABAg,god father send begotten son us really help us greatly times john god loved world gave begotten son whosoever believeth perish everlasting life god sent son world condemn world world might saved believeth condemned believeth condemned already hath believed name begotten son god condemnation light come world men loved darkness rather light deeds evil everyone doeth evil hateth light neither cometh light lest deeds reproved doeth truth cometh light deeds made made manifest wrought god,@josetrevino9546,2020-05-01T15:30:23Z,0,
cQm7T94FuE4,Ugyb38KaXh0YtZ0QsZN4AaABAg.9877ciNKxP-987qbzimB4q,stephen ferree brother given incentive speak bodly afraid man serve god shall serve continue spread word lord jesus reborn im called disciple blessed day brother love,@josetrevino9546,2020-05-01T22:12:14Z,0,Ugyb38KaXh0YtZ0QsZN4AaABAg
cQm7T94FuE4,UgwucIVnZwPu-aZvV-l4AaABAg,thought cure injection inside body putting sunlight body,@aaronaardvark321,2020-05-01T13:40:15Z,1,
cQm7T94FuE4,UgxpUFX7nMAStEiPSV14AaABAg,patent drug oh thats right china hmmmm,@Zoeebella,2020-05-01T13:28:06Z,0,
cQm7T94FuE4,UgzVwVC2iGucY4IkQ7p4AaABAg,percent better people took placebo nothing percent faillure,@united4mi,2020-05-01T12:17:35Z,0,
vjg3FW7YVFI,Ugz8CiqyAZpbz9_jihR4AaABAg,people watch fox risk coronavirus,@RobRVA,2020-03-30T23:27:09Z,0,
vjg3FW7YVFI,Ugwb2PXH2OZ1YzT9lal4AaABAg,steel worker md ppl area building cuz boss wants catch quota cuz steel essential even tho nothing cause working catch late work ill working hopefully die,@Nikefootballcode13,2020-03-26T13:07:59Z,0,
vjg3FW7YVFI,UgwKs53tmdSjHGeCc-d4AaABAg,ive got fever prescription cowbell,@michaeldesilvio9980,2020-03-26T12:25:36Z,0,
vjg3FW7YVFI,UgyBxZ6DQfLgDr45vxN4AaABAg,rich old angry republicans wait poor old hard working bluecollar republicans without health insurance,@Machinedead,2020-03-25T23:37:53Z,0,
vjg3FW7YVFI,Ugw-k-QY969fXYlXOMN4AaABAg,youd think medical staff would ones mostly risk know take appropriate cautions spent past days screening er patients past week screening inpatient neither cohorts signs symptoms take advice cdc learn protect,@xtraflo,2020-03-25T11:21:33Z,0,
vjg3FW7YVFI,Ugy5c0KxSe3bmaXWK-N4AaABAg,also heard age factor anymore,@alexoborne5419,2020-03-25T04:21:41Z,0,
vjg3FW7YVFI,UgxvQ8Vor9oPx7ODWSN4AaABAg,antisocial loner lifestyle really working time,@rzu7120,2020-03-25T02:45:55Z,0,
vjg3FW7YVFI,Ugx2IUwvtLCDHRLXZ694AaABAg,im sorry tell everybody risk coronavirus highest risk males ages matters sick stage life,@danielmcarthur007,2020-03-25T01:40:01Z,1,
vjg3FW7YVFI,UgwJqOcAzxDhf3TlIih4AaABAg,two months late administration,@danrode104,2020-03-24T22:26:33Z,1,
vjg3FW7YVFI,UgyaaC79Ggygvc4wRBt4AaABAg,million deaths world war immediately followed million deaths worldwide flu epidemic million dead years fewer dead corona virus waning dead elderly preexisting health conditions overwhelming number dead years age perspective help control current hysteria,@richardschaefer4807,2020-03-24T22:08:57Z,2,
vjg3FW7YVFI,UgyaaC79Ggygvc4wRBt4AaABAg.96b-1hMjHmz96bsQTHiHaU,yeah lot people,@TuckFwitter,2020-03-25T06:21:40Z,0,UgyaaC79Ggygvc4wRBt4AaABAg
vjg3FW7YVFI,UgwamuszgZUAVjgsDKZ4AaABAg,americans closed rest world reality think going different result country debatable predictable time,@tbz1551,2020-03-24T19:55:36Z,1,
vjg3FW7YVFI,UgxxRWtZG_XZLESJqdF4AaABAg,stop fear mongering negativity keeps world locked start talking solutions like chloroquine let people take chloroquine days later dont need social distancing life get back normal,@LoveVanillaRose,2020-03-24T19:09:13Z,0,
vjg3FW7YVFI,Ugz1cUkfbvvN-NrLWh94AaABAg,whos risk coronavirus anyone foolish enough think media stunt,@ThinkPuds,2020-03-24T18:57:08Z,1,
vjg3FW7YVFI,UgwRVRTeY6ZyIAr2zP14AaABAg,trump supporters risk watch faux news lies misinformation,@BumBBell98,2020-03-24T17:43:02Z,0,
vjg3FW7YVFI,UgyFcRh14SqGsFzTZM94AaABAg,together start spread lies disinformation turn news stop dodo birding turn tv turn brain,@danielmeszaros3315,2020-03-24T17:32:50Z,0,
vjg3FW7YVFI,UgxVJobPgxOxC16pRIh4AaABAg,stay home,@xciv808,2020-03-24T17:32:09Z,0,
vjg3FW7YVFI,UgxfgNmaasP7esfhYL94AaABAg,compromised immune system autoimmune disease immunosuppression medication yrs stay home live alone,@Hamigrl,2020-03-24T17:30:31Z,6,
vjg3FW7YVFI,UgyiVt4MwhhHcgpnBV94AaABAg,psa one red hats shame humanity favor take cholorquine phosphate like stable genius said lots,@elchingon2021,2020-03-24T17:17:09Z,3,
ZVv2R9MbI9s,UgwVOKxuUtjC1vKRj-14AaABAg,fox news watchable weekend afternoons worse fake news cnn strongly suggest turning dial oann really fair balanced job,@s.flagolddiger444,2020-08-17T22:33:45Z,0,
ZVv2R9MbI9s,Ugw29MpsRetNyHngRm94AaABAg,anyone else seen data says fox news viewers dying disease higher rate going democrats bioengineered virus take republicans wouldnt put past probably big hoax like hannity president said anyway wouldnt surprised george soros behind sick people crisis actors swear one guy saw hospital bed news sandy hook,@andrewmacdonald1904,2020-04-14T16:23:26Z,1,
ZVv2R9MbI9s,Ugyvvg0NAoHe1ziycuJ4AaABAg,qa sponsor private companyok fox fox,@ilidiocarmona4827,2020-03-20T17:27:23Z,0,
ZVv2R9MbI9s,Ugy23Ss8ZjEpvw_d_Xh4AaABAg,fox news weeks playing virus trump americans going pay price watch happening italy next due misinformation,@grahamkemp1610,2020-03-20T12:45:53Z,2,
ZVv2R9MbI9s,UgzoYbCUoncUSrUtm-N4AaABAg,days patients treated hcq azithromycin virologically cured,@wheelmanstan,2020-03-20T08:11:14Z,0,
ZVv2R9MbI9s,UgxH9aOFwRgGh9qYRk94AaABAg,im surprised fox actually speads news instead republican propaganda,@gregorystevens3992,2020-03-20T08:00:17Z,0,
ZVv2R9MbI9s,UgyE2u66dwS5zhT8m714AaABAg,people watching dying heart disease right forget coronavirus go run treadmill minutes day,@EricaYE6,2020-03-20T06:51:40Z,0,
ZVv2R9MbI9s,Ugzk7yKmJP3UVz_HQOZ4AaABAg,ibuprofen good pain thats,@nuranarrowood8619,2020-03-20T05:26:30Z,0,
ZVv2R9MbI9s,Ugx7scG9UXjI1zhDint4AaABAg,rh rh bloodtypes make difference,@loramclaughlin2108,2020-03-20T05:03:10Z,0,
ZVv2R9MbI9s,Ugy5mQ0TlQkpb8pgPfd4AaABAg,media says need hospital beds thay show emty ones arent thay used,@jonathantichenor218,2020-03-19T21:21:00Z,0,
ZVv2R9MbI9s,Ugy5mQ0TlQkpb8pgPfd4AaABAg.96P1_7xlKHq96Ztg7gPw_y,jonathan tichenor numbers covid patients increase empty beds longer empty quote one covid projection correctly usa two beds per people means peak epidemic beds needed,@RoseNZieg,2020-03-24T02:34:57Z,0,Ugy5mQ0TlQkpb8pgPfd4AaABAg
ZVv2R9MbI9s,Ugy3H050xbm8jZY7lN14AaABAg,keep hearing dont tested dont need masks thats exactly south korea curtailed outbreak,@patmat.,2020-03-19T21:19:41Z,0,
ZVv2R9MbI9s,UgxPgWTWQKpBPCr1r7d4AaABAg,trump fox fake news republicons put thousands lives danger downplaying coronavirus much hoax,@peteedwards369,2020-03-19T20:19:32Z,0,
ZVv2R9MbI9s,UgzHgJLEeC816fuarDJ4AaABAg,fever bodys way killing virus,@MsMommaRose,2020-03-19T17:43:55Z,1,
ZVv2R9MbI9s,UgyYD2c1jEoUwW_MnJt4AaABAg,brainwashed doctors never recommend home remedies despite thousands years people successfully treating issues herbs healthy diet oils nope want get vaccine humanity lost idiots,@Anamericanhomestead,2020-03-19T16:37:06Z,0,
ZVv2R9MbI9s,UgysJk9qQMChfNzXxpR4AaABAg,fox far absolute worst coronavirus experts tv theyre gonna get people killed,@sadusattack2628,2020-03-19T15:51:58Z,0,
ZVv2R9MbI9s,Ugyhd25TVQSrbyqCBaR4AaABAg,crazywhere get protective gowns,@ingapevzner3002,2020-03-19T15:40:25Z,0,
ZVv2R9MbI9s,Ugwi_7alkqtN5nAsORR4AaABAg,use economy end virus people want work shop go resturants gym data base card system verify cleared testing every days businesses employers must verify employees customers tested within last days,@MrTom1468,2020-03-19T15:16:12Z,0,
ZVv2R9MbI9s,Ugyb-Z7O4Xmvs3dkFJl4AaABAg,trump weve taken bold steps like call democratic hoax decline world health org test kits sent countries like skorea february tell cases soon drop go away april weather warmer common flu threat life needs health test kits stimulus bill helps wall street billion emergency funds trillion wall street money working people thats socialism trump dont take responsibility take cash pucks crying socialism real soon work,@Supper-zero,2020-03-19T14:52:27Z,1,
XI7cIQ-mY3E,Ugxah69-JnkAWMACUEJ4AaABAg,totally stupid close studio freaking cold,@OneArmedScissors,2022-01-10T15:01:47Z,0,
XI7cIQ-mY3E,UgydvJR5K5NKL7oFbl54AaABAg,comparison daffy duck president trump bugs bunny,@stanleyvandyne1434,2021-04-01T21:44:12Z,0,
XI7cIQ-mY3E,UgzzOAIdLY-llYCj45x4AaABAg,yall crying panicked trump,@Nutznifer,2020-10-05T04:21:02Z,0,
XI7cIQ-mY3E,UgyFe5CrwWFh0Yj-sR14AaABAg,america first americans need jobs years jobless america first americans need jobs years jobless america first americans need jobs years jobless,@peterta9274,2020-10-03T16:05:52Z,0,
XI7cIQ-mY3E,Ugw1U3G0PtqJuUEcY2R4AaABAg,weeks shut didnt age well lemon moron,@Janettemay64,2020-08-25T21:14:44Z,0,
XI7cIQ-mY3E,UgzsdKSIXVJKe4kqeFZ4AaABAg,use wet wipes far superior paper rolls,@PHILMKD95,2020-07-24T02:52:57Z,0,
XI7cIQ-mY3E,UgzT1FNHFWA66S4BxxF4AaABAg,golden girls sounded little tinny shot,@pffear,2020-05-11T03:49:04Z,0,
XI7cIQ-mY3E,Ugw0QF9JmhqGHIyOt3V4AaABAg,thing like fox show go greg love,@channelremoved1917,2020-05-09T17:11:16Z,0,
XI7cIQ-mY3E,UgwQP3kyDZuagxqF_Cp4AaABAg,greg wanted go rodeo show wouldve made great tiny little rodeo clown next hes going spain run bulls little tiny clown,@djscarygary,2020-05-05T10:37:22Z,0,
XI7cIQ-mY3E,UgzS829GN96e34C90QZ4AaABAg,think weinermobile amphibious dont ask come deduction,@jh1859,2020-05-03T01:50:19Z,0,
XI7cIQ-mY3E,Ugz1IHiY2IWNCv-UvWZ4AaABAg,really wish joe biden leading nation crisis try saying without laughing,@daistoke1314,2020-05-02T16:43:14Z,0,
XI7cIQ-mY3E,Ugy3BD3YKz24ZatG4Xt4AaABAg,call bluff infect,@phillipjohnson7583,2020-04-30T18:52:43Z,1,
XI7cIQ-mY3E,UgzIKha64PHlGejXHUB4AaABAg,trump rick bright step head team biologist studying vacinne corona virus rick spoke danger trump promoting cures merit cloroquine proven work corona virus dont know trump loved talk cloroquine hurt,@karenedwards3721,2020-04-29T03:57:58Z,0,
XI7cIQ-mY3E,UgzIKha64PHlGejXHUB4AaABAg.980jncCiuca9886KxB7oFi,loved talk extremely effective unfortunately cdc fauci etc interested control saving lives therefore banned using appropriately approved use last resort evil absurd close effective given early,@terrirobinson2935,2020-05-02T00:38:19Z,0,UgzIKha64PHlGejXHUB4AaABAg
-r6mUnerPtc,UgzV-M5vygq3cHKaQCJ4AaABAg,ive begun dislike dave portnoy tucker carlson making hate,@lizziecross8149,2020-06-28T07:49:05Z,1,
-r6mUnerPtc,UgwYfcCLPl5Arf2SQ4h4AaABAg,dave daveyer salt earth guy yer day trading strategy wrong need updated renditions office ie pretty face going hell stop resting laurels im ya babe,@Hamburgler6.9,2020-04-21T09:23:55Z,0,
-r6mUnerPtc,Ugw6kWD3sV8XBJiJuYR4AaABAg,sweatpants suiteverybody knows rules,@iggypopisgod9,2020-04-15T14:14:10Z,0,
-r6mUnerPtc,UgxYpQkHtpModcQShih4AaABAg,one quarantine franks outta work,@bosshog402,2020-04-13T00:21:57Z,0,
-r6mUnerPtc,UgyXN8I-tLELopBHIlR4AaABAg,guy haha call daddy girls make money garbage podcast home,@juanmedina4780,2020-04-12T19:34:33Z,0,
-r6mUnerPtc,UgxUAMbh5wv1LewScuB4AaABAg,best thing quarantine hear self centered people,@travise66,2020-04-11T05:27:53Z,1,
-r6mUnerPtc,UgwBvIX76nJ78Yau7lt4AaABAg,fox news desperate theyre turning dave portnoy commentary sad,@AAK-ne4wv,2020-04-08T22:59:03Z,0,
-r6mUnerPtc,UgxAc1p-jIhSqI48Xed4AaABAg,love dave freaking hilarious entertaining,@jamityler8011,2020-04-08T17:20:51Z,1,
-r6mUnerPtc,UgxG112E66F5K1lHtZh4AaABAg,real pantsdemic purple trousers,@victorgomez7738,2020-04-07T19:51:15Z,0,
-r6mUnerPtc,Ugw8uCtyBOd-hUz3uKB4AaABAg,carol baskin guilty tucker avoiding americas greatest injustice,@jasonaubin1455,2020-04-06T23:54:46Z,1,
-r6mUnerPtc,UgxqFap1Tb4tKnymAmJ4AaABAg.977D9Y9R2bm97D8KS5MVNc,josh cuthbert reply represents small bubble theyre huge good day sir,@tjnaples,2020-04-09T03:00:32Z,0,UgxqFap1Tb4tKnymAmJ4AaABAg
-r6mUnerPtc,Ugx2OGTKCSkBRXtgpnp4AaABAg,one bite everyone knows rules except guy came rules ironically,@Cory_edmondson,2020-04-03T13:09:13Z,0,
-r6mUnerPtc,UgzCClAkO4R2bV47tIZ4AaABAg,one pair sweat pants everybody knows rules,@robertweber8936,2020-04-01T19:47:02Z,2,
-r6mUnerPtc,UgxVmOXt58U6mBbRprZ4AaABAg,shoulda asked frozen pizza reviews,@Leiloni,2020-04-01T05:33:47Z,0,
-r6mUnerPtc,UgxSncnRnCbFBUfunhl4AaABAg.96ldduLzC0k96q0l6H_8qN,ok charles,@jamalginsburg7277,2020-03-30T18:12:38Z,0,UgxSncnRnCbFBUfunhl4AaABAg
-r6mUnerPtc,Ugxm8MTMT135xM9GF8J4AaABAg,maybe invest pharmaceuticals,@Marlene837,2020-03-28T09:47:41Z,0,
24eJqiOufNA,UgxniNbkRlkTMAmRWl54AaABAg,chris killed many indicted charged government corrupt,@JamesMoore-ic3vz,2024-10-05T04:02:28Z,0,
24eJqiOufNA,UgwtzVzo_zJjawfz-T14AaABAg,know many loves cnn validates hate feeling trump,@ALDOELTA,2020-08-30T02:19:57Z,0,
24eJqiOufNA,UgzBsA9WQUTxqLntP0x4AaABAg,democratic party use communist tactics using cnn spencer truth lying american people cuz cant go vote define damask go democrats dont want know theres something called absentee ballot vote dont want use want use could use names passed away believe honest president election god bless god bless america,@loganr4471,2020-08-22T13:57:07Z,0,
24eJqiOufNA,Ugz1xlKWCrHZk8f4CHB4AaABAg,would prefer follow logical common sense ideas solutions solving problems rather idiotic interlectual morons radical left ruling mainstream media class,@PHILMKD95,2020-07-24T02:16:32Z,0,
24eJqiOufNA,UgwARWWegayDOyqINWt4AaABAg,greta also said shed covid days cnn townhall means shes still contagious town halland mask,@kittyfan,2020-06-28T05:55:00Z,0,
24eJqiOufNA,Ugz-L1c6HWGjFrCdCu54AaABAg,im disappointed anderson cooperhe used actually journalist,@kittyfan,2020-06-28T05:52:14Z,0,
24eJqiOufNA,UgwqLmORxzhYC52SX414AaABAg,dont go ask china,@darlingtonboobam4107,2020-06-23T03:33:52Z,0,
24eJqiOufNA,Ugy_FahmjEkVw2V5Aul4AaABAg,fake news jealous president trump,@williamtsanakas6496,2020-06-22T23:34:17Z,0,
24eJqiOufNA,UgwBxWdzgadv7jK99Al4AaABAg,ok pilsberry doe boyyou ask china,@sandrametzler9474,2020-06-18T10:59:01Z,0,
24eJqiOufNA,UgxN_UNiB_LIyQPit4p4AaABAg,oh yeah skat twitter last night blaming cops killing man high blood alcohol content fought physically cops stole taser ran away cops turned fired right care thinks,@monaleigh1862,2020-06-15T08:44:23Z,0,
24eJqiOufNA,UgwxzUGdqGHASEeqM1t4AaABAg,oregon million people deaths,@monaleigh1862,2020-06-15T08:36:22Z,0,
24eJqiOufNA,UgytNSM-1KKynUNI1lV4AaABAg,cuomos pathetic,@CP-os1pc,2020-06-14T15:28:28Z,0,
24eJqiOufNA,UgzWQHPh7Q-i6xXdWh54AaABAg,fake news outlets reporting fake news hopes stupid republicans would buy outlets losing money pi us enough fall go get obama buy money stole american people,@donnarhodes4813,2020-06-13T12:08:14Z,0,
24eJqiOufNA,UgzNOC_1bott5ypsU_Z4AaABAg,said ask china everybody saying chinas fault,@barbarawilson9565,2020-06-09T21:00:06Z,0,
24eJqiOufNA,UgzitOet9sL4N4tqp5R4AaABAg,cuomos butthead bevis,@evelynoglesby3902,2020-06-09T16:51:33Z,0,
24eJqiOufNA,UgzhEnKoamBx3GfkiMV4AaABAg,uh yeah fox news first tell us hoax tell us media fault reporting yep fake news,@C3Solo,2020-06-08T03:13:30Z,0,
DUcn_m9FQaY,UgwxDCU79uov0FMDF9p4AaABAg,well sure glad never took vaccine,@user-jh6wt9oj6n,2026-07-23T03:12:19Z,0,
DUcn_m9FQaY,UgwMYUYFKi_yu0uxdlx4AaABAg,oh laura ingraham taking virus serious pathetic imagine many lives would spared fox news told puppet president quarantine country soon heard virus many would died would opened businesses sooner,@shab90,2020-06-27T00:01:44Z,1,
DUcn_m9FQaY,UgxsZd_j5NmvzhKRJKR4AaABAg,getting shut yt newest videos lasting second going next,@angelaolson9819,2020-04-16T21:28:26Z,1,
DUcn_m9FQaY,UgwrI1sjhlR0Bacp5Zx4AaABAg,wait thought democrat hoax,@User-ju9rv,2020-04-05T22:47:29Z,1,
DUcn_m9FQaY,UgymX7m5bIu0D15mxjd4AaABAg,love president cuomo shown tremendous leadershiptrump ran country ground obviously means nothing millions die died god sees everything money means nothing compared human lives honor elderly drink pierrowe listen trust president cuomo thank truth pray whole world,@stacialynnenelson8748,2020-04-02T07:51:32Z,0,
DUcn_m9FQaY,Ugy5weR7QKYDfhuzOyR4AaABAg,total nonesense trump doesnt autortity shut states,@angelazirpoli4372,2020-04-01T15:32:40Z,0,
DUcn_m9FQaY,UgzPXYZ7vCM5n1xEqvh4AaABAg,husband businesses weeks income last dont know happen called experts need start thinking americans ability eat riots spread disease really become major issue,@knoxfamily150,2020-04-01T14:10:06Z,0,
DUcn_m9FQaY,Ugyf4Xc_ghCX9jvQ2k54AaABAg,dad telling polio pandemic even government never ordered people jobs never considered limiting people overblown government longer values liberties lost everything think gain back ability live freely think,@knoxfamily150,2020-04-01T14:01:41Z,0,
DUcn_m9FQaY,UgwFauLRGW38OY539M14AaABAg,soooo jk liberal media impeachment hoax,@AdamSno,2020-04-01T08:31:31Z,0,
DUcn_m9FQaY,Ugy3TzSI2UY9OSJ4TuN4AaABAg,house cleaning needs done done recovery happen much quicker oh say see,@jerryahrens7810,2020-04-01T00:11:20Z,0,
DUcn_m9FQaY,Ugy8f5lv7afpbqjKrjN4AaABAg,ask donald trump question like going declare martial law see mad gets,@keithtrigga2984,2020-03-31T22:48:05Z,0,
DUcn_m9FQaY,UgxSGGrMsZdM0Tz0NIR4AaABAg,also locked false propaganda put months leading,@moisesvillafuerte3844,2020-03-31T16:54:50Z,0,
DUcn_m9FQaY,UgyqovWje9a8WR4Rn8V4AaABAg,msm overblow whole virus news scare factor keep everyone edge feed misinformation,@grumpygeologist,2020-03-31T01:54:37Z,0,
DUcn_m9FQaY,UgwJu3UPDl47KaUOy814AaABAg,word shift moment make solar system,@jerryswagerty1975,2020-03-31T01:34:58Z,1,
DUcn_m9FQaY,UgwHtOK_YpfHcC0S8494AaABAg,laura told mom dint need stinking badge wanna show mom right getting cio_mi id got ever_ body elses real id_evencopsallthewayup wit miss momi wanna hug mom right nowi ill talk couple hours jerry,@jerryswagerty1975,2020-03-31T01:31:27Z,1,
DUcn_m9FQaY,Ugw5n48l8hVloVw_1BZ4AaABAg,watch fall cabal youtube,@vicamaral,2020-03-31T00:42:00Z,0,
DUcn_m9FQaY,UgzPEW-VmE67YZZ5U1l4AaABAg,could tell send money pelosi expert phychological evaluation,@timdixon8752,2020-03-31T00:14:13Z,0,
DUcn_m9FQaY,Ugzv7SU5WB53U4x6XxJ4AaABAg,suspect chinese fake dnc globalists want people die depopulate earth gain control world communist rule prudent contamination,@2coryman,2020-03-30T23:43:58Z,0,
DUcn_m9FQaY,Ugzw_ZBaymIaGLjKAVp4AaABAg,fox news russian propaganda,@shirleyandrews1152,2020-03-30T19:45:51Z,0,
DUcn_m9FQaY,UgxfIyFDg6b0sLQZAS94AaABAg,much air tight containment lmao,@freepeople091,2020-03-30T18:03:45Z,1,
1my36mbUFLM,Ugy_-BBp1hnvf6532s54AaABAg,elites loved biggest transfer wealth middleclass elites history real scandal still one punished dont worry lissy take pride acted said jab psyop,@katrinetroelsen,2025-10-02T17:22:44Z,0,
1my36mbUFLM,Ugx9JVRQpVohJlNDA2V4AaABAg,help mothertalvircant wait,@alberteinstein6583,2021-08-14T15:00:44Z,0,
1my36mbUFLM,UgyWbMrmVvmVjl8s5EZ4AaABAg,talks separation loved ones voice cracks rare imagine emotional ww,@mattoniy2840,2020-08-28T16:39:21Z,2,
1my36mbUFLM,UgxGAULAlrLuRctneHB4AaABAg,want thank childrens lives took child hunting evil queen,@factsuncensored8168,2020-04-24T17:42:00Z,0,
1my36mbUFLM,UgzjuGkf0T7cmkXGSZF4AaABAg,bet americans wish know secretly,@Jabba_Hut,2020-04-17T21:39:41Z,0,
1my36mbUFLM,UgzU2HhigSUC1U4JWEB4AaABAg,legit first time ive ever heard speak,@CloverParsley2917,2020-04-16T12:03:16Z,0,
1my36mbUFLM,UgxFdLeoP0Fa_Sa561J4AaABAg,ive never heard queen speak subjects,@kevinbrown8146,2020-04-11T19:07:52Z,0,
1my36mbUFLM,UgwmXCET-7xKM9Wv6Ah4AaABAg,time joe biden got arrested trying visit queen prison wait nelson mandela,@dudeimperfect8240,2020-04-10T01:41:12Z,0,
1my36mbUFLM,Ugza5Ccn2hDRuJQOiIR4AaABAg,tears eyes said sentence well meet fortunate head state,@TheAnn2shoes,2020-04-09T14:54:07Z,9,
1my36mbUFLM,Ugyr6_wa0Z_EQb-0_ph4AaABAg,masterclass monarch first prime minister churchill long may rein past next queen th century small green island blue marble call earth god save queen,@thebeatenpath6037,2020-04-09T13:46:20Z,1,
1my36mbUFLM,Ugzk8pQ-Rk8tRnCtf9Z4AaABAg,reminds mum wasnt feeling good say day queen never ever forget miss mum long live queen ps work nhsportor woman,@daxcoco1229,2020-04-09T00:06:33Z,1,
1my36mbUFLM,UgxjJiVTDeGd1N-7kuh4AaABAg,worlds queen god bless hrm,@j.louisv.123,2020-04-08T18:26:16Z,1,
1my36mbUFLM,UgzzY9s8EE8fbVM01Dp4AaABAg,misses start cuts praise national health service social support work remember americans media heavily self censored hence stuff like mccarthyism still thrive,@markhorton8578,2020-04-08T08:08:45Z,0,
1my36mbUFLM,Ugxgf8IGZMkXVax8s9Z4AaABAg,honest question people actually like giving money royalty,@Rav56nessMag1c,2020-04-07T23:13:47Z,0,
1my36mbUFLM,Ugxgf8IGZMkXVax8s9Z4AaABAg.97A9_knBW-n97ABdgBlBij,majority people uk royalists even people anti royal think realise minority think important remember monarchy may seem undemocratic outdated survives people people decide want rid monarchy go cost works million year little person uk monarchy ways attracting businesses investment uk way politician ever could one point even got rid monarchy doubt would much way savings royal palaces homes would still paid tax payer doubt would president would also incur extra costs much us president cost american public year happy paying,@Cjbx11,2020-04-07T23:31:47Z,0,Ugxgf8IGZMkXVax8s9Z4AaABAg
ob5_NvJz1io,UgxMrcFkvUci0r0KlA14AaABAg,another propaganda trump trump trying disruption midterms fake made national emergency stop dictatorship facisim corrupt criminal activities,@vafaculo-c1s,2026-08-30T13:51:57Z,0,
ob5_NvJz1io,Ugxq5QY0dfy8ROnv_ix4AaABAg,every president since jfk israeli hostage israeli sympathizer white house jfk killed insisted israeli prime minister let america check dimona nuclear plant see making nukes,@omnigaming359,2020-11-16T16:06:58Z,1,
ob5_NvJz1io,UgxwfAVsG2hmCz9CCVR4AaABAg,know cant catch corona virus essential businesses,@omnigaming359,2020-11-16T16:06:31Z,0,
ob5_NvJz1io,UgyzgeyxpYGgJEmQVah4AaABAg,hes like supporters covid evicted house dwelling,@miraicomment8474,2020-11-08T03:17:04Z,1,
ob5_NvJz1io,UgwDle4En7r2-IsO34J4AaABAg,doesnt attorney put together huge class action suit trump administration neglect american people ignoring scientific facts lying americans thereby causing hundreds thousands deaths attorneys would interested plenty people suffering dying,@jayrod4498,2020-07-15T06:46:56Z,0,
ob5_NvJz1io,UgwfBKytCtaTEPuXVo54AaABAg,thank god almighty donald trump president continue years,@nancyolson5974,2020-07-08T03:53:16Z,0,
ob5_NvJz1io,UgwY7wIsVrkVppINPZl4AaABAg,trump one saved us lots money hes paid us testing democtics never help,@tamnypowell9718,2020-06-24T00:46:35Z,1,
ob5_NvJz1io,UgwWw5ozRP_O44txuS54AaABAg,idiots novel means new like wrong presidents eats fact spit lies promise punch face near future,@tammimingtopot8699,2020-05-21T03:54:49Z,0,
ob5_NvJz1io,UgxMZIVQ4rkgM8uVlKJ4AaABAg,admid wont admit waited tell fellow americans omit sick two cases omit vomit ok stop,@johncloois3301,2020-05-01T01:51:59Z,0,
ob5_NvJz1io,Ugzy3qqbqI73tlUKqbZ4AaABAg,couple months ago thousand americans alive trump put thousand graveyard didnt anything told virus blame,@creoleman8793,2020-04-18T15:41:07Z,0,
ob5_NvJz1io,UgwNjbxG7PBGPUkP2_V4AaABAg,people town really stupid buying groceries others cant buy doesnt solve single thing greedy cruel others afford buy groceries dont greedy people went buy box taco shells shelves empty wasnt even dust,@mrpreparedallthetime1099,2020-03-19T19:47:18Z,0,
ob5_NvJz1io,UgzDFp-yqnIDVkYu9cV4AaABAg,another move towards dictatorship bet hold elections virus never cant see hes lining things,@CyberspaceShy-bz3vx,2020-03-19T00:37:27Z,0,
ob5_NvJz1io,Ugyyn6alxJRigLnFseJ4AaABAg,oh latest democratic hoax said weeks ago hummm,@CVC509,2020-03-18T16:49:32Z,0,
ob5_NvJz1io,UgwqJIBoCldPK8TUoHJ4AaABAg,fox entertainment virus infecting illinformed years shame,@Leo-w6e4y,2020-03-18T01:49:12Z,0,
ob5_NvJz1io,Ugyx0-RKkqcFocc3Ir14AaABAg,dem hoax dont believe trump pretending give away money appease nothing dems,@stevenhenson6838,2020-03-18T01:08:43Z,0,
ob5_NvJz1io,UgzkTxWsY7oAlT0evD94AaABAg,trump idiot scares heck,@8brightside8,2020-03-17T17:05:28Z,0,
ob5_NvJz1io,UgwFDY7WOIzeQV_kGzR4AaABAg,anyone think begins much unrest looting rioting trump enact martial law,@rebboy17,2020-03-16T23:37:39Z,0,
ob5_NvJz1io,Ugyts_gMUxlkdp3XXXx4AaABAg,please dont killing jobs chicken little steroids one closed anything swine flu,@robertsuhrer5604,2020-03-16T17:16:01Z,0,
jXHikITwlng,UgyLOBxC3vWOBBVBJ6t4AaABAg,files released finally makes sense,@ExplodingParrotChannel,2026-04-03T09:18:22Z,0,
jXHikITwlng,UgyVYDqTsniLgelTT5p4AaABAg,pedophilia pandemic needs vaccine,@GoyimWaluigi,2026-04-03T02:07:13Z,0,
jXHikITwlng,UgzlOueRSPmBOfzY3Sx4AaABAg,boycott bill gates trump everyone want tell people every country leaders dont care raise voice knows future even bigger diseases may come could cause people die message people country trust leaders government even though dont care know ordinary people cannot anything everything hands nothing people country come together stand otherwise late much already happened lot yet happen careful aware isnt epstein real leader someone else hasnt stepped light yet capable anything must protect people making memes laughing laughing wont achieve anything something big happen watch careful raise voice,@Mathisloveeeeee,2026-03-19T07:27:21Z,0,
jXHikITwlng,UgyWSSwZpUwlza8RvvJ4AaABAg,bill stds gates needs locked life,@angelicredpanda,2026-03-02T22:07:14Z,0,
jXHikITwlng,UgzGG2IorI9BKifSsJ14AaABAg,still wonder bill gates never vaccinated children people blood type never really got sick,@Real_IM_ME,2024-06-16T10:35:22Z,0,
jXHikITwlng,Ugyy8C5S9Y4baJAatJF4AaABAg,u stop u donkey know covid_ virus comming man made virus dr dead bill gates,@martinkineavy2973,2023-11-13T19:15:18Z,4,
jXHikITwlng,UgxG1brYQ-pItmPqBm54AaABAg,would know would work make vaccine many years ago didnt even know kind virus might saying might already known something mean name one names patent corona virus says never full blown simulation things done yet vaccines safe said even predicted hes psychic well stuff doesnt bring red flag bill didnt already know coming back hand mean right still think natural occurring virus came bat need rinse brain washed enough everyone needs wake,@luobote5137,2023-09-11T04:29:06Z,1,
jXHikITwlng,UgwzVYXoWagG610Tzg54AaABAg,dont call hospitals appointment broken car computer seem normal watching video,@rikardlalic7275,2022-11-16T11:29:15Z,0,
jXHikITwlng,UgyyhRI-gfjxTbDdRzt4AaABAg,interviewed zero medical expert,@rikardlalic7275,2022-11-16T11:24:13Z,4,
jXHikITwlng,UgwZ2W0-Q0xdaQO959Z4AaABAg,since one gates companies would discovered coronavirus china cave opening prospect new rare earths yes would plenty time prepare warning without getting wet hats artist,@k3vm.h706,2022-10-27T00:32:25Z,2,
jXHikITwlng,UgwaOO4nonO6O9k8mrh4AaABAg,notice ted talk bill gates similar haircut mark zuckerberg zuckerberg testified congress hairstyles,@ohanailo7743,2022-10-25T08:14:10Z,0,
jXHikITwlng,UgxVxitifmz3sDagGAh4AaABAg,person knows computers talks viruses,@MarilynLoveYou,2022-09-19T14:09:25Z,2,
jXHikITwlng,UgyJRDI7qCs1bxUm-gV4AaABAg,came learn invest listening guy radio talk importance investing made months k somehow video helped shed light things im still confused im newbie im open ideas,@susanrobinson9670,2022-09-15T11:05:53Z,17,
jXHikITwlng,UgyJRDI7qCs1bxUm-gV4AaABAg.9g-6Z77Eqvn9g03VNXBQBq,investing stocks crypto good idea good trading system would put many days success,@ethanmartin7904,2022-09-15T19:58:24Z,0,UgyJRDI7qCs1bxUm-gV4AaABAg
jXHikITwlng,UgyJRDI7qCs1bxUm-gV4AaABAg.9g-6Z77Eqvn9g03dtq62Bs,people scared chance loss incurred trading,@marleyjones7600,2022-09-15T19:59:42Z,0,UgyJRDI7qCs1bxUm-gV4AaABAg
jXHikITwlng,UgyJRDI7qCs1bxUm-gV4AaABAg.9g-6Z77Eqvn9g03jtpYVI1,im thinking investing crypto market im taking time understand really works,@juanpabloalvarez1697,2022-09-15T20:00:31Z,0,UgyJRDI7qCs1bxUm-gV4AaABAg
jXHikITwlng,UgyJRDI7qCs1bxUm-gV4AaABAg.9g-6Z77Eqvn9g03tCV-IFJ,possible produce superior performance provided something different majority however us tend pay attention shiniest position market cost proper diversification,@lydialavoie7689,2022-09-15T20:01:47Z,0,UgyJRDI7qCs1bxUm-gV4AaABAg
jXHikITwlng,UgyJRDI7qCs1bxUm-gV4AaABAg.9g-6Z77Eqvn9g041OhXCfk,lydialavoie exactly trick diversify investment dont panic everyone else invest consistently,@anthonycrawford6531,2022-09-15T20:03:02Z,0,UgyJRDI7qCs1bxUm-gV4AaABAg
jXHikITwlng,UgyJRDI7qCs1bxUm-gV4AaABAg.9g-6Z77Eqvn9g04Rq-4VT2,monitored profit performance made jaw dropping k past two quarters alone learned experienced traders make enormous returns seemingly unknown market,@sebastianrichardson5631,2022-09-15T20:06:39Z,0,UgyJRDI7qCs1bxUm-gV4AaABAg
jXHikITwlng,UgyJRDI7qCs1bxUm-gV4AaABAg.9g-6Z77Eqvn9g04YWKpDkU,sebastianrichardson interesting lump sum absolutely nothing bank account wanna get something started seem excellent achieve,@laurenpelletier5379,2022-09-15T20:07:34Z,0,UgyJRDI7qCs1bxUm-gV4AaABAg
jXHikITwlng,UgyJRDI7qCs1bxUm-gV4AaABAg.9g-6Z77Eqvn9g059_l7zLE,sebastianrichardson strategy use please,@marie-leontineleveque3022,2022-09-15T20:12:54Z,0,UgyJRDI7qCs1bxUm-gV4AaABAg
jXHikITwlng,UgyJRDI7qCs1bxUm-gV4AaABAg.9g-6Z77Eqvn9g05S_a1flw,trading expert mrs olivera jane khumalo regulated broker u met sometime early last year startup funding event interesting things say state algorithmic trading todayvery obviously im seeing results,@sebastianrichardson5631,2022-09-15T20:15:29Z,0,UgyJRDI7qCs1bxUm-gV4AaABAg
jXHikITwlng,UgyJRDI7qCs1bxUm-gV4AaABAg.9g-6Z77Eqvn9g05gc-LUhH,sebastianrichardson thats impressive giving money money stays trading account whats really idea behind crypto trades,@joshualee5551,2022-09-15T20:17:33Z,0,UgyJRDI7qCs1bxUm-gV4AaABAg
jXHikITwlng,UgyJRDI7qCs1bxUm-gV4AaABAg.9g-6Z77Eqvn9g05rFWG5lb,joshualee money stays right trading account account mirrors trades realtimethats idea behind crypto trading,@sebastianrichardson5631,2022-09-15T20:19:00Z,0,UgyJRDI7qCs1bxUm-gV4AaABAg
jXHikITwlng,UgyJRDI7qCs1bxUm-gV4AaABAg.9g-6Z77Eqvn9g0652NFj1u,please get touch mrs olivera jane khumalo would love trade,@patrickhofer3417,2022-09-15T20:21:01Z,0,UgyJRDI7qCs1bxUm-gV4AaABAg
jXHikITwlng,UgyJRDI7qCs1bxUm-gV4AaABAg.9g-6Z77Eqvn9g06FUKXJD6,patrickhofer ohhh yeah contact trading also,@ПавелДолгих-п2э,2022-09-15T20:22:26Z,0,UgyJRDI7qCs1bxUm-gV4AaABAg
jXHikITwlng,UgyJRDI7qCs1bxUm-gV4AaABAg.9g-6Z77Eqvn9g06IaCv7hh,patrickhofer,@ПавелДолгих-п2э,2022-09-15T20:22:52Z,0,UgyJRDI7qCs1bxUm-gV4AaABAg
jXHikITwlng,UgyJRDI7qCs1bxUm-gV4AaABAg.9g-6Z77Eqvn9g06UJHvEfe,thats whatsapp info always online whatsapp,@ПавелДолгих-п2э,2022-09-15T20:24:28Z,0,UgyJRDI7qCs1bxUm-gV4AaABAg
jXHikITwlng,UgyJRDI7qCs1bxUm-gV4AaABAg.9g-6Z77Eqvn9g06ZivvQEg,павелдолгихпэ thanks recommending write right away,@patrickhofer3417,2022-09-15T20:25:12Z,0,UgyJRDI7qCs1bxUm-gV4AaABAg
jXHikITwlng,UgyJRDI7qCs1bxUm-gV4AaABAg.9g-6Z77Eqvn9g06e-HCamP,jordan coleman im sure service available outside u gotta ask first im positive friend stays australia using services ask though know offers service country,@sebastianrichardson5631,2022-09-15T20:25:55Z,0,UgyJRDI7qCs1bxUm-gV4AaABAg
jXHikITwlng,UgyJRDI7qCs1bxUm-gV4AaABAg.9g-6Z77Eqvn9g06hPoucDT,offer mentorship tutorial,@outivirtanen2062,2022-09-15T20:26:23Z,0,UgyJRDI7qCs1bxUm-gV4AaABAg
jXHikITwlng,Ugypzud7jA4EECWVbi54AaABAg,planned ought know,@charleswesley3642,2022-05-10T00:11:58Z,4,
jXHikITwlng,Ugym8bgs2tWZQjsfmKR4AaABAg,bill gates megalomaniac evil kind trump megalomaniac everything country could greatest president ever like best trump might baron good country ro live thats fine bill gates scientist doctor said taken steve jobs work patented would never got rich,@charleswesley9907,2022-05-03T06:38:46Z,3,
jXHikITwlng,Ugye3iqSPpAGGDWh2eZ4AaABAg,anyone knows anything history dating thing wasnt case pandemic happens,@ellie698,2022-05-02T14:22:20Z,1,
jXHikITwlng,UgwLFKejZ7BeDzV6ZIp4AaABAg,punishment would appropriate mass murderer magnitude,@maryhalverson5713,2022-04-15T13:13:28Z,4,
jXHikITwlng,UgylmX-O7FjNhURaeHl4AaABAg,vaccine demon needs petition stop cause millions deaths still good freaks law enforcement media need tried crimes humanity,@jockoharpo2622,2022-03-27T18:20:00Z,2,
DZLQRA5XwPY,UgxMJZMrIUohjUpJOgV4AaABAg,thats happens allow criminals back streets free consequences defund police make fair criminal justice reform ofc though way went reform good make difficult anyone get gun youre asking problems,@vicerichter1163,2024-03-20T13:21:55Z,0,
DZLQRA5XwPY,UgwPjOuhwZregJPvJa54AaABAg,paranoid stupid uneducated white people weapons dont know handle could possibly go wrong,@gregmonks,2023-04-21T21:01:02Z,0,
DZLQRA5XwPY,UgxtcYEX33Cvlrfv7MV4AaABAg,dont blame people one bit virus im afraid virus turn people im afraid good lot toilet paper paper towels food cant defend desperate people dangerous,@PODSMPSG1,2023-01-06T02:54:49Z,1,
DZLQRA5XwPY,UgxVUsu_3emvazI-xcZ4AaABAg,im comfortable people guns didnt people guns ive always guns thats changedbecause world changed purchased first one plan purchase one month sizeable arsenal tired outgunned without means protect family days,@prophecyrevelations5653,2020-08-22T10:11:24Z,1,
DZLQRA5XwPY,UgwVGyCfMNMBq7QSJ3N4AaABAg,never fails every time hear cop spew antigun bs always commiefornia lol,@MacSOGAdventureInternational,2020-08-18T07:09:19Z,0,
DZLQRA5XwPY,Ugz0XpBa-OJqFsIG7gh4AaABAg,covid interesting media lot law enforcement view americans arming right threat something bad,@DARisse-ji1yw,2020-07-18T23:28:40Z,0,
DZLQRA5XwPY,UgxTjtgYs02Ek-rBe554AaABAg,pretty sure sheriff fudd,@davethetalentlessguru759,2020-06-26T19:01:32Z,0,
DZLQRA5XwPY,UgyIz_w-vJpKvJo3wCZ4AaABAg,think buying guns ammo shutting backyard open field gettin rid boring lock police restrict carrying school market busy place,@babyrana5565,2020-06-23T10:24:37Z,0,
DZLQRA5XwPY,Ugw7sAEmA68YxM9Usgd4AaABAg,la sheriff hating sheriff america gun locked accessible someone raiding home family wait unlock chump rights exact reason government overreaches wants raid home come get,@jeremyballon,2020-06-19T03:18:56Z,0,
DZLQRA5XwPY,UgxJzQYM9a0INrUtC5Z4AaABAg,small crosssection le every minute someone buys gun society becoming stabilized exercise principle separation powers availing ability hold criminal accountable try threaten household,@dh7164,2020-06-15T00:49:24Z,0,
DZLQRA5XwPY,Ugw5WC0S2zBYlzUp0_J4AaABAg,working class background uk never thought needing firearm ive never come across another person firearm noone know owns firearm ive never known anyone injuredkilled firearms feel much safer knowing extremely difficult obtain firearms uk punishment owning one severe police routinely hold firearms makes feel safe interacting know many people feel uncomfortable going certain parts us knowing progun attitude many areas areas still seen wild west,@5pennajam,2020-05-22T16:37:34Z,0,
DZLQRA5XwPY,Ugyr_Y9HySiNuy-siSN4AaABAg,choose fire blood,@pulcinella660,2020-05-20T22:24:33Z,0,
DZLQRA5XwPY,Ugy_0g3LfqiPmKADxox4AaABAg,los angeles california land liberals buying guns panic really make person change hisher mind dont,@normanvaliao,2020-05-06T05:39:48Z,0,
DZLQRA5XwPY,UgyUd5tcpijSMFyY3VR4AaABAg,dont tell everyone stay inside wash hands asian guy trying desperate play race card,@mcb2757,2020-04-25T04:35:38Z,0,
DZLQRA5XwPY,UgxDf1_wQjZsGLME5xt4AaABAg.97gbLEUSiVC99zkkB5gNK5,youre gonna want mossberg guage shotgun,@DurangoBread,2020-06-17T02:30:33Z,1,UgxDf1_wQjZsGLME5xt4AaABAg
DZLQRA5XwPY,UgxuHewKxMGCMzKMZox4AaABAg,glad dad always bought guns ammo since kids sale plenty dont wait line haha thinking going get new shot gun fun,@YaoZerZ,2020-04-19T21:46:43Z,0,
DZLQRA5XwPY,UgxAqP69z5zx77NQ3Yt4AaABAg,hell yes leave democratic party theyre verry anti gun anti life anti god,@frankmontez6853,2020-04-13T04:40:08Z,0,
DZLQRA5XwPY,UgxAqP69z5zx77NQ3Yt4AaABAg.97NbuSvX89i97VZxhg1aQt,kev cthulu permit even want us defend widow orphan helpless,@frankmontez6853,2020-04-16T06:48:17Z,0,UgxAqP69z5zx77NQ3Yt4AaABAg
DZLQRA5XwPY,UgxAqP69z5zx77NQ3Yt4AaABAg.97NbuSvX89i97bV1jsrGeb,kev cthulu youre assuming intentions way knowing,@ryancomiskey4479,2020-04-18T23:19:58Z,0,UgxAqP69z5zx77NQ3Yt4AaABAg
hIpCSt6NUJg,UgzIpXe-d457KubuCXl4AaABAg,us virtual intellectual superiority scientific research development answers pandemic men enough pass buck china,@liechinmannorman5140,2022-08-29T23:14:21Z,0,
hIpCSt6NUJg,Ugwv1AM7fP3ND0CsqyJ4AaABAg,dr contagious days signs show yes get walking another person groceries mutations first maysome aggressive weaker,@kittyfan,2020-05-19T08:12:38Z,0,
hIpCSt6NUJg,UgwEZmZ8nGtTTO6k1ep4AaABAg,shocking sars mers spread poorlyusually corona viruses like common cold also corona virus really easily spreadable,@kittyfan,2020-05-19T08:09:46Z,0,
hIpCSt6NUJg,Ugx4CsCsww7orVj7E4N4AaABAg,still dunno fox virus denier ppl dying dared pkay sick card wheres gox yesterday repubs dying dems dying think catering crazy conspiratorialists sewing misinformation business model makes sick,@rv6541,2020-04-15T14:14:06Z,0,
hIpCSt6NUJg,UgzT5CyYjgRcdGmgsfJ4AaABAg,still dont know hell deal cuz incompetent president,@joaquinsolis7071,2020-03-28T23:58:57Z,0,
hIpCSt6NUJg,UgwQ2Uiq9hPp1oBok3t4AaABAg,well china makes virus see many people get rid going come say oh way dont send people k weeding know people know much cant found,@samanthavanderwater8588,2020-03-26T10:38:10Z,0,
hIpCSt6NUJg,Ugy6YNzifJZI0pN1G-l4AaABAg,dont believe youll ever know anything timely manner youre dumb,@robbinghook3571,2020-03-25T20:43:29Z,0,
hIpCSt6NUJg,UgzaC4CH1zSd2HzK6zp4AaABAg,thessalonians kjv cause god shall send strong delusion believe lie might damned believed truth pleasure unrighteousness cause god shall send strong delusion believe lie might damned believed truth lie,@jrjr6456,2020-03-25T03:05:57Z,0,
hIpCSt6NUJg,Ugz6p8DZyuxvBzuGifN4AaABAg,china trending towards capitalism meanwhile us trending towards socialism crazy world live grass always greener side perhaps liberals move china,@nazmoking3171,2020-03-24T05:25:42Z,0,
hIpCSt6NUJg,UgzFTwh5p_7m7gRkeTx4AaABAg,two wuhan reporters likely murdered along entire family,@danielbenninghoff9251,2020-03-23T11:50:05Z,1,
hIpCSt6NUJg,UgwO7Z9lzDEmuh4ew7R4AaABAg,us interests need permanently leave china make shoes clothes cookware everything else,@RADIUMGLASS,2020-03-23T02:33:59Z,0,
hIpCSt6NUJg,UgyExLiudHNEdYXwNyJ4AaABAg,chinese government,@jhljhl6964,2020-03-22T16:06:52Z,1,
hIpCSt6NUJg,Ugzn3SOMf8sOHDCv43h4AaABAg,seen impact upheaval yet economic collapse soon follow must figure way stay safe get us back work,@ssnoc,2020-03-22T13:52:07Z,0,
hIpCSt6NUJg,UgxonIsp9pWpP9kBTVp4AaABAg,cant trust china cant trust news,@thomasjacobson5684,2020-03-22T12:14:12Z,0,
hIpCSt6NUJg,UgzKLjpSuLCry6PBuHl4AaABAg,china shame shame virus really start,@T9RX3,2020-03-22T01:21:14Z,0,
hIpCSt6NUJg,Ugwih89s2kHXMJHyQ-x4AaABAg,came china like ivanka products still come hmmm coincidence awe fox news fans uninformed tsk tsk angle,@go-goakins1489,2020-03-21T18:17:12Z,1,
hIpCSt6NUJg,UgwF4ABMlWTTI-NSENx4AaABAg,still havent figured weapon designed hurt economy killing people unleashed monitored allowed spread comes birthplace swine flue bird flue sars virus others art war book talks type attack enemy,@theowootton6143,2020-03-21T16:47:27Z,0,
hIpCSt6NUJg,UgwvB_TnDAodUf53XoR4AaABAg,lets get fake us pandemic lets get working trial treason hillary obama,@gemcan54,2020-03-21T16:37:07Z,0,
hIpCSt6NUJg,UgwUEiGDm1VziqqVb2l4AaABAg,trust government officials china,@joankamp4513,2020-03-21T14:30:52Z,0,
rLezK6SQNNk,UgzCoFDtouwaz2d9eAR4AaABAg,well lot business even westernpblue state open,@SteveCarras,2020-12-15T19:39:13Z,0,
rLezK6SQNNk,Ugyx7ia4Gz6YRoIVdyR4AaABAg,bad news hoax fox news best comic channel world,@nelsonmagrico7672,2020-04-03T07:56:25Z,0,
rLezK6SQNNk,Ugw4bo1ZTnxTiTjY0Wx4AaABAg,great persistence sounds complicated probably involve trump ooh oh maaannn,@HappyMathDad,2020-03-24T17:23:31Z,0,
rLezK6SQNNk,UgwJx_A7lji9B3Kocxh4AaABAg,yes trumpers please go back work socialize much daddy trump recommends well glad way theres great chance wont make till november,@shanigans99,2020-03-24T05:40:02Z,0,
rLezK6SQNNk,Ugzsc9NlzWGb9rut8-Z4AaABAg,laura gotta get rid houdy dooty boyfriend cross mentioned character russell terrier cant watch funny interesting,@randyfarnsworth7825,2020-03-24T02:56:15Z,0,
rLezK6SQNNk,UgyxM7jGJie9pxhx0nt4AaABAg,suddenly lets something happened democratic hoax cant really take yall seriously take scientists seriously,@sheckyfeinstein,2020-03-24T00:51:03Z,0,
rLezK6SQNNk,Ugx4Iy42YT6t3R1NOOV4AaABAg,laura studio going get rushed punched christmas black eyes broken bones march keep talking stupid warn fox freaks,@Shadow2033,2020-03-24T00:06:33Z,0,
rLezK6SQNNk,Ugxys7G7tDsINNckw894AaABAg,looking ingrahams angle march min watched rd heard laura actually spoke doctors administered successfully treatment virus paused came back hour later posting gone searched different ways results anybody saw point linkor purposely removedby wondering youtube still censoring,@microgreenssuperfood5124,2020-03-22T14:27:44Z,0,
rLezK6SQNNk,UgyKvk2dMpV3Y9ohep14AaABAg,oh god watched gov michigan gretchen whitmer fox democrat course talks like world ending tommorow run run run wish would shut take deep breath obvious democrats media love whipping virus frenzy wonder many scared people die suicide frenzy,@texas_germanic7073,2020-03-22T13:45:08Z,0,
rLezK6SQNNk,Ugz-Y4Cab1fECTqOizl4AaABAg,lets face itthis virus keep spreadingfastest way stop manditory shelter home us timeit proven work south koreathis lock one town one state time wont,@jayemowrey1416,2020-03-22T12:15:54Z,3,
rLezK6SQNNk,UgzOUs_m2gJwJKRINj14AaABAg,love one minute fox news saying hoax next minute theyre taking seriously beginning downplayed virus said political dont know people watch trash,@1Aarons1979,2020-03-22T05:55:58Z,1,
rLezK6SQNNk,UgwLilTLX2MfgGnDvAx4AaABAg,go laura go laura lol wayda go helping trump get drug pushed back light,@sigma_six,2020-03-22T03:20:33Z,0,
rLezK6SQNNk,UgwDweSGSh8HqrnKM_V4AaABAg,hope light hopelessness usa strong conquerors rooted stand firm god creator wisdom knowledge remove red tape leave stone unturned strong,@gracegulden8933,2020-03-21T20:12:32Z,0,
rLezK6SQNNk,UgwGENM-pdtoZZ61SoF4AaABAg,trump handling crises rely rely bad,@mrThoreKarlsson,2020-03-21T10:35:28Z,0,
H9N9M9IjXD0,UgyQvYLi7hBNpE5Sc1d4AaABAg,another crazed commie traitor believes free speech lies rob meathead reiner get gone,@ctwatcher,2022-08-27T16:58:41Z,0,
H9N9M9IjXD0,UgwKPcvGPD_t3Ddz9BB4AaABAg,care amy klobucher says true say politics hollywood ugly people amy proves,@matta8931,2020-11-01T16:26:56Z,0,
H9N9M9IjXD0,UgwnCWjDEyiJV6M9fxF4AaABAg,person believes acb shoes klobucher couldnt clerk acb klobucher thought might president rather admit following quits make room someone else right,@Scott-nj9gq,2020-10-18T15:21:32Z,0,
H9N9M9IjXD0,UgyoEIdLFXPCC9gHPtN4AaABAg,along millions stop watching fox news trump win,@davidinfinger4500,2020-10-11T01:38:31Z,0,
H9N9M9IjXD0,UgzWgbwrT_ki4GrlCH14AaABAg,really tired amy klobuchar going tv hoax congress chris wallace flop news media please stop putting congresswoman front cameras,@kentmilbrandt3989,2020-10-08T22:50:58Z,0,
H9N9M9IjXD0,UgxhegAEIZnLPy1wT5F4AaABAg,chrissie know past erased erasure forgotten lie became truth george orwell,@randyallen1147,2020-10-08T19:30:37Z,0,
H9N9M9IjXD0,UgxzbhTdyZnThogpq1J4AaABAg,yall need give chris wallace credit press politician answer questions interrupt doesnt mean youre bias hold politicians parties accountable,@dojusticelovemercy1,2020-10-08T15:04:33Z,0,
H9N9M9IjXD0,UgyhTYnFrFJq4PkCOxJ4AaABAg,never get spreading coronavirus control fucktard charge,@fuzzywuzzy1355,2020-10-07T15:24:15Z,0,
H9N9M9IjXD0,Ugx1D4q_8dj_-CEo9Y94AaABAg,cant wait biden wins ahhh,@slotigy,2020-10-07T11:48:03Z,0,
H9N9M9IjXD0,Ugw13r3fFvkjPNmN0xl4AaABAg,traitor chris wallace trump done america president biased guests joke arent registered democrat loved dad would ashamed bought goof ball,@brenknight2753,2020-10-07T01:27:59Z,0,
H9N9M9IjXD0,Ugzk8WPhteaDjlsb-dh4AaABAg,god bless president years donald trump,@debbiegonzalez6879,2020-10-07T00:26:20Z,0,
H9N9M9IjXD0,Ugza8StUEVQ-OJ-Ue1Z4AaABAg,chris wallace democrat neutral moderator shes idiot also,@davidu1meyes,2020-10-06T19:22:47Z,0,
H9N9M9IjXD0,UgzMsZT4hlaPfB36SZx4AaABAg,chris title liberal correspondent,@mitchellbowman22,2020-10-06T19:06:23Z,0,
H9N9M9IjXD0,Ugz5p3LByzqmTrd8ynF4AaABAg,late pandemic still doesnt know trump handled virus,@junhan1304,2020-10-06T17:58:37Z,1,
H9N9M9IjXD0,UgzRvXED6t3DTuucqIx4AaABAg,chris wallace worst fox news commentator followup question shape country would joe biden president want shut country china europe called president races think chris wallace secret closet democrat,@1love1view95,2020-10-06T17:05:06Z,0,
H9N9M9IjXD0,Ugw-opCfRDApKSt89Nh4AaABAg,chris wallace cnn mole interviewing fakest political hack washington wishing youtube filter dont waste click fools,@michaelverbouwens4849,2020-10-06T15:56:22Z,0,
5GLwsH8EwgA,UgwI_xUuf2XtFg56uYN4AaABAg,wikipedia dr phil personality author best known hosting talk show dr phil holds doctorate clinical psychology though ceased renewing license practice psychology someone whose license practice expired years ago psychologist still selling dr would anybody actually attend one without licence practice,@paulnewsome6289,2025-04-30T06:14:46Z,0,
5GLwsH8EwgA,UgxBxpqftakc0iy_Ayl4AaABAg,yrs old endometriosis herpes problem becomed pregnant ectopic pregnancy miscariage doctor suggested surgery endometriosis someone told dr rorpopor herbal youtube helps herbal medicationnow cured,@tracyosasu3954,2021-11-10T02:42:58Z,1,
5GLwsH8EwgA,UgzrQe46i7ECYs7D4MB4AaABAg.9Rm7kXajNnB9UYZQMatVom,yrs old endometriosis herpes problem becomed pregnant ectopic pregnancy miscariage doctor suggested surgery endometriosis someone told dr rorpopor herbal youtube helps herbal medicationnow cured,@tracyosasu3954,2021-11-10T02:43:23Z,0,UgzrQe46i7ECYs7D4MB4AaABAg
5GLwsH8EwgA,Ugw5-ZJWRBRtkMzEBpR4AaABAg.9LbzMF9T82v9UYZS9uuuKO,yrs old endometriosis herpes problem becomed pregnant ectopic pregnancy miscariage doctor suggested surgery endometriosis someone told dr rorpopor herbal youtube helps herbal medicationnow cured,@tracyosasu3954,2021-11-10T02:43:38Z,0,Ugw5-ZJWRBRtkMzEBpR4AaABAg
5GLwsH8EwgA,Ugw5-ZJWRBRtkMzEBpR4AaABAg.9LbzMF9T82vAHXMr1YjXvW,wikipedia dr phil personality author best known hosting talk show dr phil holds doctorate clinical psychology though ceased renewing license practice psychology someone whose license practice expired years ago psychologist still selling dr would anybody actually attend one without licence practice,@paulnewsome6289,2025-04-30T06:15:26Z,0,Ugw5-ZJWRBRtkMzEBpR4AaABAg
5GLwsH8EwgA,UgzvveXbJgchrkJMprh4AaABAg,called pshicologist charlatan way never liked watch program saw empathy emotion care side people brings show problems course would say something like considering lord master trump living example soulless unempatetic remorseless deplorable called human,@dorissanchez7519,2021-03-07T15:06:32Z,1,
5GLwsH8EwgA,UgzvveXbJgchrkJMprh4AaABAg.9KaJKJzMVZR9UYZTHJOS4t,yrs old endometriosis herpes problem becomed pregnant ectopic pregnancy miscariage doctor suggested surgery endometriosis someone told dr rorpopor herbal youtube helps herbal medicationnow cured,@tracyosasu3954,2021-11-10T02:43:47Z,0,UgzvveXbJgchrkJMprh4AaABAg
5GLwsH8EwgA,Ugzw1K4Sdrq_Y8CxRlx4AaABAg,kiirtan way scope people dance uses zone therapy mantras calm mind become positive takes away fears anxieties find baba nam kevalam kiirtans ytube organization tries also help food distribution around world safe,@DidiAAsha111,2020-12-24T18:57:25Z,1,
5GLwsH8EwgA,UgwjiZd3DX1XeXhS3SF4AaABAg,phil mcgraw entertainer licensed expert psycholgist couldnt find anyone qualified comment,@davidmaheengun2672,2020-12-17T08:04:28Z,1,
5GLwsH8EwgA,Ugxa4szZ5651Xsx6yE94AaABAg,disappointed dr phil fox news,@10kenbank,2020-12-16T20:10:09Z,1,
5GLwsH8EwgA,Ugxa4szZ5651Xsx6yE94AaABAg.9HLHgBak7Fp9NxW-impeMt,always supported trump surprised,@Hgh38,2021-05-30T04:54:02Z,0,Ugxa4szZ5651Xsx6yE94AaABAg
5GLwsH8EwgA,Ugydly5_6el8sfzNgYd4AaABAg,rebuplican dr phil god democrat betrayed,@ronitchepuri7159,2020-12-02T22:14:14Z,1,
5GLwsH8EwgA,UgypmrS-8jHzYK8JNwx4AaABAg,hes speaking truth people dont get thank dr phil trying warn government,@enzoolivieri7845,2020-11-15T15:21:37Z,0,
5GLwsH8EwgA,UgznbiuxGFi78YzlCkN4AaABAg,dont ask fake doctor real doctor tv studio participants sign saw mr phill tv host called oprah show started psych act like short terms charlatan,@DaGauntlett,2020-11-14T00:43:57Z,0,
5GLwsH8EwgA,UgzjzLRmnLBDQlv0gQZ4AaABAg,extraordinary way big tv doctors apologised long looks like forced _paul liverpool uk_,@RRSYSinfo,2020-11-13T09:24:54Z,0,
5GLwsH8EwgA,Ugypp5SkUbvplPdLZ6Z4AaABAg,thank dr phil,@emp1668,2020-10-12T22:34:08Z,1,
5GLwsH8EwgA,Ugx5YiH0j9HFawRyZNZ4AaABAg,oh dr phil idol sooooo long sad saw show fox news spreading doubt seriousness covid enormous sympathy struggling financially emotionally due pandemic also wouldnt want anyones loved ones die unnecessarily america doesnt know lockdown god cant stand woman disappointed dr phil,@wishyouluck667,2020-09-06T18:46:14Z,0,
5GLwsH8EwgA,UgwmTIzlB4yUBJ4jPHh4AaABAg,dr phil bad guy takes advantage mentally ill people airs front public money saying effect lockdown peoples mental health absolutely true,@frankcastle6766,2020-08-27T20:51:19Z,2,
5GLwsH8EwgA,UgyNgA59pzlhLL9fLYZ4AaABAg,know stop virus minutes,@garypylant3299,2020-08-14T02:07:53Z,0,
Oei9_SRfaSw,UgwgXzL4UxjRn7li4ut4AaABAg,judge jeanines concern seems fake,@mylittlekittens,2020-03-25T09:19:50Z,0,
Oei9_SRfaSw,UgxNeHThfF45zd3mG5B4AaABAg,slow plandemic xd arseoles really something,@mashroob,2020-03-24T20:40:51Z,1,
Oei9_SRfaSw,UgyD9DlQx2sjH4WdYBp4AaABAg,emptyness behind eyes good thing thought read,@johnconnor6168,2020-03-24T02:45:05Z,0,
Oei9_SRfaSw,UgyD9DlQx2sjH4WdYBp4AaABAg.96ZuqJIYZWu96und_2jUrl,bad thought could spell taught,@rebeccawright5577,2020-04-01T14:45:28Z,0,UgyD9DlQx2sjH4WdYBp4AaABAg
Oei9_SRfaSw,UgyWE_5yY1kAhPwV8vJ4AaABAg,whats going judge janine said coronavirus hoax stressing,@brrentbay3669,2020-03-23T23:01:54Z,0,
Oei9_SRfaSw,UgwIWle2f6FFf8gLSAJ4AaABAg,stop making effort trump said coronavirus hoax,@brrentbay3669,2020-03-23T22:59:41Z,0,
Oei9_SRfaSw,UgywYT6TBFwE0I_hc3N4AaABAg,dr however antimalaria prescriptions helping covid olive leaf extract also antimalaria natural medicine works phenomenally respiratory infections cured pneumonia days taking capsules times daily seven days talk doctor even though dr would never recommend anything natural nd doctor respect open mind toward natural medicines educate one wants look natural medicines could natural meds save us pandemic,@julesj5853,2020-03-23T18:13:29Z,0,
Oei9_SRfaSw,Ugx_YvIiom6Otg635q14AaABAg,time new president,@daveb2759,2020-03-23T17:55:46Z,0,
Oei9_SRfaSw,UgwDId7N5JBpZYfh7FF4AaABAg,great efforts done stop virus dont care bitches california florida dont want business drugs go,@retiloveyouisraelbo8988,2020-03-23T16:41:48Z,0,
Oei9_SRfaSw,UgwFo_wVePbc_9DkCil4AaABAg,since oct americans died flu pandemic,@barryfunk3368,2020-03-23T14:17:04Z,0,
Oei9_SRfaSw,Ugy2aL0lVnVuBPmNdtJ4AaABAg,leftists inept keep doctor obama thanks said trump xenophobic closing borders chinese europeans leftists unqualified job fired,@hg8droid229,2020-03-23T11:45:11Z,0,
Oei9_SRfaSw,Ugx-J9FR9gG5o5uWMGt4AaABAg,months,@BlazeTrail90210,2020-03-23T09:05:27Z,1,
Oei9_SRfaSw,UgwKF7nSv61LOWU7P4F4AaABAg,woke carson people america horrendous crisis moronlike trump command lunatic removed office eleviate problem least replaced true leader whether republican democrate doesnt matter fools laugh think funny situation ignorant people havent seen videos coming italy wards corridors tempory buildings filled people dying full coffins bodies waiting cremated level coming america weeks begun smiles fools faces gone see friends loved ones die virus grandparents asked go waryour asked stay home,@265petsar,2020-03-23T01:19:40Z,0,
Oei9_SRfaSw,Ugx6Y2SWA74qfx8y_8V4AaABAg,right try,@darlaflorence7428,2020-03-23T00:38:53Z,0,
Oei9_SRfaSw,Ugyvz7Jujxz0frrd6FF4AaABAg,ozone generators car home anywhere people gather hospitalsschools etc ozone makes air safe virus planes busses,@anthonyarmstrong2091,2020-03-22T22:06:29Z,0,
Oei9_SRfaSw,UgzdJnJnyjMzLhLaTOx4AaABAg,cpack used widely unknown viruses go ahead use may able tolerate,@senniewhite6301,2020-03-22T21:41:08Z,0,
Oei9_SRfaSw,UgxPnGFgwTxMocpbld14AaABAg,washington borowitz reportcalling promising development dr anthony fauci said sunday alcohol may help people survive severe effects coronavirus briefings noting millions americans exposed daily briefings white house coronavirus task force fauci said voluntarily submitted preliminary trial alcoholbased therapy found single dosage briefing much double dosage briefing much alleviate acute suffering fauci said esteemed virologist said americans able administer additional doses briefings consider lucky even fauci hailed benefits new treatment sounded note caution effect medication temporary said sadly faucis findings line anecdotal reports indicating americans alleviating symptoms similar manner since november,@maninthemiddle55,2020-03-22T21:29:11Z,0,
Oei9_SRfaSw,UgykUQUatmapMlLpTVd4AaABAg,testing time limit long lasts thank spence trump look south korea drive thru testing someone found positive back tracking contacts testing good job sk,@johnb4183,2020-03-22T21:11:02Z,0,
PvktE4u_E8Q,UgzZoqorNzoneO5fzf14AaABAg,friend sent picture email sent sure upload comment made aoc corona virus sent scott cheny nj since deleted shared times says quote vital governors maintain restrictions businesses november elections economic restrictions help trump business closures job losses small price pay free presidency america closed get,@janparker2693,2020-07-17T15:56:02Z,0,
PvktE4u_E8Q,UgyJUeCl7ZwUWxqmWu94AaABAg,omg knew greg educated two years th grade,@Pat71896,2020-06-25T22:10:25Z,0,
PvktE4u_E8Q,UgyalOQ4B22dyNAsoHZ4AaABAg,chuck todds picture websters dictionary next definition dumbass,@BiffBonswain,2020-05-11T02:45:02Z,0,
PvktE4u_E8Q,UgzBs2gtBftvlSany294AaABAg,ohhh goodness truth tella hurtful hahahaha give break,@sharonmccart7827,2020-04-05T14:20:02Z,0,
PvktE4u_E8Q,UgwNbRZdO13fsCUOQld4AaABAg,god fox news dumbest news station america,@_elodie85_,2020-04-05T02:57:35Z,1,
PvktE4u_E8Q,UgzdDnNJySsIGsIFV994AaABAg,trump failed us put pence man doesnt believe science charge fight coronavirus dont see problem,@manny9050,2020-04-02T11:48:27Z,0,
PvktE4u_E8Q,UgznM0uvUSf8CNn8Flp4AaABAg,fox sensor trump speech watch full thing cnn know planet watches notice deception bad fox bad,@happygolden-mountain,2020-04-01T06:03:39Z,0,
PvktE4u_E8Q,Ugw2p7POgmnpanXWKb54AaABAg,true sign immaturity blame ppl things cant prove consistently suppose grow past childhood ppl dont grow like juan,@theseproblemsmatter1,2020-03-25T21:11:36Z,0,
PvktE4u_E8Q,UgxQ1vYUiGEbc4P7isJ4AaABAg,democrats holding bill day voter registration union rights green emmissions standards airlines holding back money american people real crisis unforgivable,@RoofingTech,2020-03-24T22:16:36Z,0,
PvktE4u_E8Q,UgyDBVUBNGBHZ2a9Vo54AaABAg,gutcheck happened ur k u say w tchump,@mejesse809,2020-03-23T22:03:02Z,0,
PvktE4u_E8Q,Ugw6MvDocj6T02rxNhd4AaABAg,ahh lies continue republicans right wing media radical right socialist agenda wealthy continue everything prop corporate america lieu safety american people corrupt gop ignored middle class poor five decades never ever trust republican,@mejesse809,2020-03-23T22:00:11Z,0,
PvktE4u_E8Q,UgyiLczNupXjrlQQM9B4AaABAg,see turned smallets comments,@hifi522,2020-03-22T10:05:00Z,0,
EZ2TPymcdL4,Ugx_aOMv9kWDgKw8q5h4AaABAg,doesnt attorney put together huge class action suit trump administration neglect american people ignoring scientific facts lying americans thereby causing hundreds thousands deaths attorneys would interested plenty people suffering dying,@jayrod4498,2020-07-15T06:48:00Z,0,
EZ2TPymcdL4,UgwudIhKFoAjEcTYx8R4AaABAg,well first war lose,@angelachen4371,2020-04-18T19:57:50Z,0,
EZ2TPymcdL4,Ugxdb7o5kceQqHejnmp4AaABAg,wont bonespurs interfere ability wage war selfserving idiot waiting dying call wartime cowards behave cant actually fight brave enough serve hes got battle twitter wage war abstract idea pathetic,@DamnedXtians,2020-03-20T21:02:32Z,0,
EZ2TPymcdL4,Ugxi1-iGZ-NWzzwqAPl4AaABAg,president would stop talking crap markets would right would actually want captain vessel pence yes trump really,@rv6541,2020-03-20T15:10:51Z,0,
EZ2TPymcdL4,UgzbADIHMkcCzE2F-aR4AaABAg,fast people comments forget trump one downplayed tried wish crisis away worse case numbers deaths many countries eu honestly stay safe everyone stay inside hope best administration failed case,@cullermann2,2020-03-20T13:41:40Z,0,
EZ2TPymcdL4,UgxS_sTaN8mVkq1bYQJ4AaABAg,medical free money ok bernie hope self respecting republicans reject socialism,@stevenhenson6838,2020-03-20T06:39:39Z,0,
EZ2TPymcdL4,UgxTWfRCHF6IF9hzSh94AaABAg,want bill clinton president,@antonioavila1178,2020-03-20T03:49:24Z,0,
EZ2TPymcdL4,UgxTWfRCHF6IF9hzSh94AaABAg.96Pj0qahnPy96S5dgruP9N,would take george w bush right,@christianrapper,2020-03-21T01:54:18Z,0,UgxTWfRCHF6IF9hzSh94AaABAg
EZ2TPymcdL4,UgxTWfRCHF6IF9hzSh94AaABAg.96Pj0qahnPy96S990BaRWS,christianrapper must hillbilly say,@antonioavila1178,2020-03-21T02:24:55Z,0,UgxTWfRCHF6IF9hzSh94AaABAg
EZ2TPymcdL4,UgxTWfRCHF6IF9hzSh94AaABAg.96Pj0qahnPy96SCjZhwceh,antonio avila lot better guy maybe would gotten meant worded like heck would even take george w bush right never thought would miss bush,@christianrapper,2020-03-21T02:56:16Z,0,UgxTWfRCHF6IF9hzSh94AaABAg
EZ2TPymcdL4,UgxTWfRCHF6IF9hzSh94AaABAg.96Pj0qahnPy96SDh8XlZbz,christianrapper oh okay understand misunderstood right page trump,@antonioavila1178,2020-03-21T03:04:40Z,0,UgxTWfRCHF6IF9hzSh94AaABAg
EZ2TPymcdL4,UgzSvii_GncSCM60qBl4AaABAg,vote blue get flu nd amendment taken california washington new york etc,@ehernandez1897,2020-03-20T01:31:46Z,0,
EZ2TPymcdL4,Ugxbc4KwW8IwujnNAJF4AaABAg,stop buying china lets make every thing usa hell china garbage,@antoniobocanegra3798,2020-03-20T01:31:00Z,0,
EZ2TPymcdL4,Ugx0oJJ_msdmmqDb0vt4AaABAg,latest guidance american public get get spread months exceed capacity health care system icu system something percent thats manageable barely could saved saved get health care system collapse sheer magnitude problem overwhelming million americans need ventilators thats million time get put together didnt trump administration disbanded group could coordinated coherent effective response trump administration nothing three months tens millions americans die simply lack health care,@jazzman9632,2020-03-20T00:15:22Z,0,
EZ2TPymcdL4,Ugx7yGmG7Pk9ciZrIOx4AaABAg,stop playing soldier ask china help,@TheHoffbill,2020-03-19T23:16:57Z,0,
EZ2TPymcdL4,UgxcJG21hH0IPFAOiih4AaABAg,losing war mr dumb tr,@lasharr13,2020-03-19T22:41:55Z,0,
EZ2TPymcdL4,Ugxghj3OTxQ0jNGshrx4AaABAg,treat like malaria yellow feverquinine,@chrisscovitch7237,2020-03-19T22:28:37Z,0,
EZ2TPymcdL4,Ugz1r8uq9AkS88ZYHT94AaABAg,pence calls coronavirus birx fuaci adams axar fact task force call coronavirus virologists doctors nurses world leaders call coronavirus covid thats specific virus tackling trump calls chinese flu wants accurate hes deflecting straining international relations declaring state emergency america hes idiot,@greghill7759,2020-03-19T21:45:18Z,0,
EZ2TPymcdL4,UgwOSLIsiUHJ_vA2sXl4AaABAg,trump supporters hopefully still hoax ppl dying,@nateb452,2020-03-19T21:33:51Z,0,
EZ2TPymcdL4,UgwQib2x4RbCbaqwf054AaABAg,trump blames china divert attention ineffectiveness cant see jack even donated us face masks answer enough masks regardless trump claims tv,@esah9182,2020-03-19T20:28:35Z,0,
LmNOVFozyjo,UgxG0TxXvl2L2ND8VVF4AaABAg,spread newsnow stop,@arianaecall,2020-06-25T02:00:52Z,0,
LmNOVFozyjo,UgyusFbJqHRsRezBVoV4AaABAg,oh sorry ger shut everything already shops events th march least bavaria already closed schools,@florianmeidinger3826,2020-04-25T20:58:42Z,0,
LmNOVFozyjo,Ugw_B67gdPS63OGbSax4AaABAg,thats lie said countries closing major events time alot already china taiwan hong kong singapore nz,@amandasatterthwaite5463,2020-04-15T10:05:18Z,0,
LmNOVFozyjo,UgzbbEnr6FROXR0nRCN4AaABAg,needs sacrifice self hurry hurry,@diabloencorbata1989,2020-04-13T16:20:02Z,0,
LmNOVFozyjo,UgwppOLbNcaOk6tMDGZ4AaABAg,stay home rest back work,@jerem4390,2020-04-05T07:05:22Z,0,
LmNOVFozyjo,Ugx3NVg3eeXqT9tmPvt4AaABAg,capitalism bailed socialism every ten years ha ha,@indydude3367,2020-04-03T12:45:23Z,0,
LmNOVFozyjo,Ugx3NVg3eeXqT9tmPvt4AaABAg.96zjUov-TAt9764FSguukW,even know socialism pumping money economy save capitalist economy collapsing fear socialism xd go guess,@xanderx2523,2020-04-06T09:10:13Z,0,Ugx3NVg3eeXqT9tmPvt4AaABAg
LmNOVFozyjo,UgywXg6wyQmjZLxc2Dt4AaABAg,whos john oliver special,@GrumblyAirMonk,2020-03-30T16:56:45Z,0,
LmNOVFozyjo,UgzepR-y2LM8r85yC_x4AaABAg,dan patrick menace society party life hes absolutely vapid creation media another carnival barker whos real hair color,@flyingfishsurf,2020-03-29T23:07:09Z,0,
LmNOVFozyjo,UgzmFU1EDZWDjfCFuhJ4AaABAg,mister sacrifice elderly economy even though sheltered every day exposure great healthcare sure open everything back dan get work register grocery every day,@MorphedGamer,2020-03-28T16:05:01Z,4,
LmNOVFozyjo,UgwuXvTLTxiY6fDNYsB4AaABAg,reading comment section truly makes sad america lied muchthey dont even see things right eyes china rest asian countries managed mitigate spread virus acted swiftly placed quarantine china building whole hospitals dayschecking infectedetc whilst america president played virus hoax initially dragged feet acting plan people like many making argument stock markets important human lives chinas fault trump talking getting people back work weeks current health system extremely ill equipped handle situation cuts introduced years right chinacuba russia going around world helping nations deal pandemic america still focused preserving markets man literally said doesnt mind old people diejust long markets saved,@vforvendetta60,2020-03-28T14:35:23Z,0,
LmNOVFozyjo,Ugxdq7SRLMS1QlacaFl4AaABAg,republicans listen smart men unite cicrfice country one one boomers always first tots pears,@alexfoff227,2020-03-28T01:12:53Z,0,
LmNOVFozyjo,UgwaGnykETbDBSKOVtN4AaABAg,feel sick feverish get turned away testing health care us favor camp governors office make formal complaint person hey take take,@jaseykat7585,2020-03-27T09:11:04Z,2,
LmNOVFozyjo,UgzleVsuPyfdHPXunLl4AaABAg,great guy want limit size states population,@Dranimal65,2020-03-27T02:07:56Z,1,
LmNOVFozyjo,Ugy6enjIKMlBSAJ60-B4AaABAg,later tucker carlson show dipshit patric says lets save economy let grandparents take chancesparaphrased,@blatant-One,2020-03-26T13:54:29Z,1,
LmNOVFozyjo,UgylvLrP6d4pYYyOCQh4AaABAg,much prolife texas lt gov dan patrick dangerous also idiot im drinking koolaid asking older people commit suicide,@jaddison1112,2020-03-26T07:37:49Z,1,
LmNOVFozyjo,Ugyakhsd_u3d91vGcMF4AaABAg,dan patrick texas said old fend ok whos ready die corona virus economy country show hands please,@btgm5397,2020-03-26T06:50:06Z,1,
LmNOVFozyjo,UgxFe_vHm9p2TQwhcp54AaABAg,mean country done every major countries shut big events us,@Simon_Arsenault,2020-03-26T01:26:49Z,1,
LmNOVFozyjo,UgzdDeOJ3cNdOcbJqfF4AaABAg,people insane ignorant us worst prepared industrialized countrysyou find soon,@chris99103,2020-03-25T11:47:45Z,0,
aSBWlKC7reM,UgxBq_-1o5myz7WIP3t4AaABAg,andrew corona one scary dude,@AnthonyParsons-yg7xp,2020-05-16T01:28:08Z,0,
aSBWlKC7reM,UgziejDKmfFF0iaqXMF4AaABAg,ridiculous people died flu last year ripple news many people dying flu like last year year sure wear masks flu season need shut whole country every flu season people need go back work kids need school corona bad crap thrown us without vaccine chinese government needs pay pay bigtime,@pahrahinc3895,2020-04-08T10:24:13Z,0,
aSBWlKC7reM,UgyMXjX0KF8q8DnjCtZ4AaABAg,would buy car guy,@charlesbromberick4247,2020-03-12T21:05:29Z,0,
aSBWlKC7reM,UgyoCC2NpRihdawZX354AaABAg,could better azar former drug industry lobbyist protect us corona virus,@michaelryan5364,2020-03-12T16:38:25Z,0,
aSBWlKC7reM,UgyQDIaU-SWwbomMMCd4AaABAg,ambrose bissinette secretary condescendingly responded white house reporter szying people cannot ask test rather doctor would subscribe procedure ignored fact idiot trump clearly said anyone wanted test would get one dont suppose trump harassed next decade obama saying like doctor keep obama probably assumed would know doctors would potentially die retire,@michaelryan5364,2020-03-12T13:19:02Z,0,
aSBWlKC7reM,UgzzTQt2dRGwR3YDmVx4AaABAg,update wednesday afternoon least people states washington dc tested positive coronavirus according new york times database least patients virus died,@rk7912,2020-03-11T21:10:50Z,0,
aSBWlKC7reM,UgxI50JLrQfdZGdGcqN4AaABAg,like anyone know going take vaccine government,@motruthhunter,2020-03-11T18:40:40Z,0,
aSBWlKC7reM,UgweYozxtLGlkYvjJ_R4AaABAg,embarrassment alex azar uses term palace intrigue avoid accountability holy flipping cow im making dudes prince,@lalalasvegas1,2020-03-11T16:34:21Z,0,
aSBWlKC7reM,UgwgH3u-wbudU5hOOox4AaABAg,cdc estimates october february flu deaths us alone november march deaths worldwide covid,@jtopcatz,2020-03-11T13:30:08Z,0,
aSBWlKC7reM,UgwvFIeJ66Ht7SAAEhV4AaABAg,dont worry foxamerica president says cases disappear days dem hoax,@charlesbromberick4247,2020-03-11T12:04:14Z,0,
aSBWlKC7reM,UgyYLd_dY9jvXXs2TPl4AaABAg,im sorry aggressive containing virus last week allowed students italy return us quarantined least one took taxi train bus return home st louis ohare virus knows many infected,@ms55938,2020-03-11T03:21:42Z,0,
aSBWlKC7reM,UgyV2lHtRhxGKDuuDW14AaABAg,trust anybody refuses give straight answer like alex azar get bad vibe listening person,@FishingHuntingAndBigfoot,2020-03-11T03:01:32Z,1,
aSBWlKC7reM,UgziBvxo_LwpbxRRqPh4AaABAg,passengers quarantined onboard ship,@tat2edsinner,2020-03-10T20:43:47Z,0,
aSBWlKC7reM,UgzrCR0R6BPFFdHcJ8R4AaABAg,doesnt matter age boost immune system increase vitamin c choose plant based diet animals injected sorts disgusting things including vaccinations humans dont need also inject antibiotics animals humans eat meat drink milk eat products made milk like cheese humans build resistance antibiotics also dairy milk products mega female hormones ever wonder men grow breasts mega healthy plant based proteins much easier body digest absorb nutrients watch documentary put smart olympic atheletes game changers,@zaralunden3202,2020-03-10T17:24:01Z,0,
aSBWlKC7reM,UgyxeF3mZnL2kt_89sp4AaABAg,going normally wash hands prescribed fashion common sense things told us may true seem ignore human behavior wonder many members congress nodding heads agreement testimony adhere recommendation normal basis need quicker convenient ways decon even wont adhered seconds surgeonlike hand washing general public forget people tire quickly,@martysmith5260,2020-03-10T15:14:50Z,0,
aSBWlKC7reM,Ugy7M4Lllzna5AD_oit4AaABAg,f would turn stock market talk one left earth think would care stock market let tell us long vaccine going done thinks quarantine better thing usa,@lauram.s9740,2020-03-10T13:25:25Z,0,
aSBWlKC7reM,Ugz_Sf9NISW6BZdmD194AaABAg,bout,@craigbigelow8160,2020-03-10T11:44:47Z,0,
3ebpS88BAwA,UgzMtpvZbzKsO9Q66IN4AaABAg,british lex luthor advises america foreign accent,@murdercrows21,2020-06-15T10:58:19Z,0,
3ebpS88BAwA,Ugwlwo4tHiLrgpdEnxR4AaABAg,may come massachusetts puritan heritage bible says plainly country rebellious many rulers proverbs,@rav66c65,2020-05-24T14:12:40Z,0,
3ebpS88BAwA,UgyCxzezehs8H47TzrJ4AaABAg,historical records show coronavirus pandemic mainly manufactured pandemic,@therifleman8303,2020-04-13T04:26:10Z,0,
3ebpS88BAwA,UgyH7agaSZJeq_ZX9tt4AaABAg,small businesses go well support gop wrote bill,@fredfrond6148,2020-04-07T16:26:34Z,0,
3ebpS88BAwA,UgydXyG8RciKEO43d7Z4AaABAg,bailouts business profit loss,@michaelmcfeely6588,2020-04-07T09:51:01Z,0,
3ebpS88BAwA,Ugw6ySRLVlvu4D9HBt14AaABAg,china biologically attacked western world time westerners attacked china style shock n awe,@rkc5536,2020-04-07T05:40:09Z,0,
3ebpS88BAwA,UgzcOOf-9v-OZuFGDK14AaABAg,hold china accountable deserve usa made bombs beijing,@rkc5536,2020-04-07T05:37:46Z,0,
3ebpS88BAwA,UgwggrD5uL6fWQlkKKV4AaABAg,sorry allowing edit spelling errors last post god bless im sorry country allowed happen hope president trump bring us back full faith trump administration god bless remember whether republican democrat still american always united times war china america prevail,@rkc5536,2020-04-07T05:34:52Z,0,
3ebpS88BAwA,UgwERwzNP5Bk3DUr08J4AaABAg,wuhan small province china residents poor would hard afford plane fare worldpeople never heard wuhan much less find yet within mths r told small province invected countries thousand animals yet countries remote areashow could possibly eating bats people centuriesso really created viruswake america somethingis horribly wrong picture,@natking4124,2020-04-07T05:25:08Z,0,
3ebpS88BAwA,Ugyhhzpp5V3UsoJepHV4AaABAg,okay even end globalism automating away majority jobs lets real little impact,@LifeWithRilla,2020-04-07T05:04:57Z,0,
3ebpS88BAwA,Ugx0iFZ5CdD4UxPrYaR4AaABAg,end globalism also means price hikes goods products usa consumers take kindly,@LifeWithRilla,2020-04-07T05:02:31Z,0,
3ebpS88BAwA,Ugz8XTvD093-UousFPN4AaABAg,chinese know cheat lie jesus oh yea im watching fox news,@OhGodThe,2020-04-07T04:29:13Z,0,
3ebpS88BAwA,UgweW9MvkCO61-p7k3R4AaABAg,stupid talk wait call loans happened republicans hate national debt china take us dont imagine responsible situation sorry tell late,@catherinebullock9748,2020-04-07T03:00:35Z,0,
3ebpS88BAwA,UgyYdBLEx4HKAhvAsKJ4AaABAg,like long term effects moron failed realestate orangutan,@That_is_for_me_to_know,2020-04-07T00:03:08Z,0,
3ebpS88BAwA,UgzZ0FnyrkOvxPnwI-94AaABAg,hilton porked many bats,@Lilithedog,2020-04-06T23:55:13Z,0,
3ebpS88BAwA,Ugww-mtcyf5vbpi8mJx4AaABAg,swear fox republicans said virus hoax clowns surprised policies bills passed make rich richer poor poorer,@LemarJacobs,2020-04-06T23:41:57Z,1,
3ebpS88BAwA,Ugy4jpJhcYtBEh2H5QB4AaABAg,anyone needing stimulus check mailed instead direct deposit expect take august september receive,@ah8129,2020-04-06T22:46:53Z,0,
3ebpS88BAwA,UgxeoSDXJDjc30a4bRp4AaABAg,must call china first foremost nation rogue yet controls world economy trade cheat source global pandemics lets little un actually compared say campaigns israel,@thewatchman1078,2020-04-06T22:39:43Z,0,
qTJeHfqP36E,Ugxzj2TcKM95MMhpAfN4AaABAg,ccp biological weapon coronavirus weapon mass destruction get away well governments corrupt works,@megadeathish2233,2020-04-02T15:37:18Z,0,
qTJeHfqP36E,UgzJpmrboxTDxsPSO4Z4AaABAg,could dead tomorrow covid pray father confess sinner please forgive sins ask jesus savior soul amen,@armageddonnews,2020-03-27T11:51:35Z,0,
qTJeHfqP36E,Ugw1IbPitRXMY5MtAKV4AaABAg,live sunnyvale california concerns start silly con valley place shambles run bunch woke spoiled children,@superfuntime3107,2020-03-27T04:05:25Z,0,
qTJeHfqP36E,UgzpZmWffsKrvA3T2uN4AaABAg,whoever wrote womans paper speech mind total confusion whoever watching meanwhile flue blown proportion forced stay home world totalitarian drill everybody getting poorer except comunist elits orchestrated pentagon never youre best interest,@MAVROro,2020-03-26T20:56:23Z,0,
qTJeHfqP36E,UgwSVJ-tn4mc4Ph2Wah4AaABAg,running show,@olddragguy,2020-03-26T18:33:04Z,0,
qTJeHfqP36E,Ugx0TEn1JcXrB0pcaKt4AaABAg,think taking turns pressers keep msm clown car running around adults work crisis,@perfectlygoodslouch5212,2020-03-26T13:11:33Z,0,
qTJeHfqP36E,Ugy38OZ1BhxOhERnWYF4AaABAg,absurd americans aware freedoms disintegrating china blueprint west fear making people line beg government take control,@kcmc3615,2020-03-26T12:14:28Z,0,
qTJeHfqP36E,Ugz3sxshoZrwz357LPR4AaABAg,china buying usa stocks chinas plan overtake usa cant win breaking law even military long live usa,@robbiesouthern7956,2020-03-26T08:53:01Z,0,
qTJeHfqP36E,UgxdaO5yt99-wc674CV4AaABAg,us wake least identify enemy china us wake dare enough tell world china leaked virus try hide months know enemy know us world relying china even toilet paper security bits pieces,@granand,2020-03-26T07:07:49Z,0,
qTJeHfqP36E,UgyNnI2cjdQKIK3iaC94AaABAg,substantial stockpile masks ventilators still problemsthen youre lying one thing either got afterwards planning keeping deliberately beginning,@raysprad404,2020-03-25T21:38:28Z,0,
qTJeHfqP36E,UgxY7pNk635NX5e-H4t4AaABAg,show strength preparedness case certain individuals think otherwise,@TheWayThePath,2020-03-25T21:01:47Z,0,
qTJeHfqP36E,UgyhqO7YuN2Tbx8S7Gt4AaABAg,coronavirus absolutely terrible helicopter mechanic passed away repairs could finalized im stuck ground like regular peasant butler fetch horrid antique automobile west wing executive garage rolls royce disgraceful tell queen could see would send rescue chopper havent good terms since whole incident,@TheDFM007,2020-03-25T20:54:57Z,1,
qTJeHfqP36E,UgwylJ7VjyABCEpqPGp4AaABAg,saw pres trump included american indian population id wondered various tribes cherokee nation others run lot casinos work presidents may thought dont know voteand still reservations im glad pres trump thought american indians beginning remember great white spirit east tn nc areas rhe cherokees,@joycemeadows1821,2020-03-25T20:45:58Z,1,
qTJeHfqP36E,UgwlhPfjesKD-LFhW2p4AaABAg,folding home search spread word,@kornbread5359,2020-03-25T20:45:32Z,1,
qTJeHfqP36E,UgycYk6HGGr5OWFaUyh4AaABAg,foldinghome search tell everyone,@kornbread5359,2020-03-25T20:45:27Z,1,
DXBIQbJbZVw,UgxZz551sq3QQS86oAV4AaABAg,testing false positives,@bozenab1218,2020-08-18T07:14:19Z,0,
DXBIQbJbZVw,Ugw9kPhKdVtxUf0p2lx4AaABAg,dont rapid pointofcare testing appreciable level hospitals facilities administer test bam wait usually least day many places us days get results minute test limited availability functional fiction right youd test person x must assume person infected quarantine results come back lets put motel almost ensures theyll get infected days wherever put likely place exposed unless experts cleaning tending oh advocates offresidence quarantining dont places dont resources would require national strategy still dont quarantining would work strong contact tracing oh thats another thing dont potential options thousand infected million want try testing young people go back work go resources initial testing million people single month random followup tests order million per week thereafter,@PhrontDoor,2020-07-24T11:55:53Z,0,
DXBIQbJbZVw,UgzQvI8t2vkza6Ayog14AaABAg,please post recent interview tucker man point,@leolawrenceoram,2020-05-14T04:54:22Z,0,
DXBIQbJbZVw,UgycipHTWGT8Iv_5-S14AaABAg,heres another nuttwhack dr know like fauci brix turned corona virus pandemic fear virus nothing common flu,@BrunoGenovese,2020-04-20T15:33:29Z,0,
DXBIQbJbZVw,UgwgRmUnQuS7xLFYDDN4AaABAg,check quercetin zinc canadian studies supporting also look invermectin,@simply3141592654,2020-04-15T17:08:20Z,0,
DXBIQbJbZVw,Ugyu57-2P2gTJ6HyztJ4AaABAg,dont listen dr siegel anymore one early guys saying public dont need wear masks rubbish advice,@buffallo3849,2020-04-07T04:52:53Z,5,
DXBIQbJbZVw,Ugyu57-2P2gTJ6HyztJ4AaABAg.978BacrVU8o97QBwGTS7h0,flu worst flu,@spokenXwords,2020-04-14T04:42:10Z,1,Ugyu57-2P2gTJ6HyztJ4AaABAg
DXBIQbJbZVw,Ugyu57-2P2gTJ6HyztJ4AaABAg.978BacrVU8o97dv7qiFK7I,get medical degree educated basis opinion,@BearsBusyBoots,2020-04-19T21:55:13Z,0,Ugyu57-2P2gTJ6HyztJ4AaABAg
DXBIQbJbZVw,UgwULWlk8h2RozD6jNB4AaABAg,high risk people live people arent,@notstopevlovegetittransmit2423,2020-04-02T03:15:48Z,0,
DXBIQbJbZVw,UgwsDL4lMh7LFszPDVJ4AaABAg,slow spread stop spread coronavirus implementing martial law total lockdown keep everyone home lockdown people taking virus seriously enough traveling state state town town spreading invisible killer even stopped virus hosts latch onto die,@danielmount6928,2020-03-31T05:04:06Z,0,
DXBIQbJbZVw,UgxULG30O6hl5HB39uh4AaABAg,idiot downplaying threat weeks ago along fox ofcourse trump disgusting,@justomunoz7168,2020-03-31T04:57:54Z,2,
DXBIQbJbZVw,UgyF9aismk8nepoZGmp4AaABAg,fools downplaying dangers covid late train left trump ignored early warnings everything catastrophic failure epic proportions light end tunnel freight train,@bongbongtravels6108,2020-03-31T01:45:18Z,1,
DXBIQbJbZVw,UgyzwYqectLrn8akUCJ4AaABAg,clueless clown trump comparing press conference audiences bachelor ratings seriously takes horrible pandemic hes illiterate menace embarrassment keep drinking orange kool aid pray hoax doesnt affect loved ones,@geemail6264,2020-03-31T00:35:09Z,0,
DXBIQbJbZVw,UgwS24xTVqKWcyVr9ht4AaABAg,hes saying dangerous wonder american numbers scale even medical dr,@veronicamillen2263,2020-03-30T21:41:48Z,0,
DXBIQbJbZVw,UgyIMm8ZzX7vVuUhMGl4AaABAg,reported cvirus patients lose ability smell coffee true everybody make coffee morning make sure smell coffee evening check smell ability cup wine daily,@kiyo120nishikawa6,2020-03-30T21:25:42Z,0,
DXBIQbJbZVw,Ugw1XjJUlJNViTDEAFZ4AaABAg,otero county nm virus cant reopen,@Roadlesstraveled59,2020-03-30T21:05:34Z,1,
G6HbxcCb-7g,UgxsX55lhCZT0ODxDdN4AaABAg,beginning pandemic theyre together including guy especially guy,@newlycreated1864,2025-03-13T19:03:22Z,0,
G6HbxcCb-7g,UgyS5lngJzMvkRsuZnB4AaABAg,national emergency declared friday th,@thecatinthehat490,2021-09-12T07:36:56Z,0,
G6HbxcCb-7g,UgzXYAXopyHK_2C6fSt4AaABAg,think youve failed binary options trading lie friends lost saw post mrs emilia emiliamichaelsgmail com im glad introduce amazing manager ever fact hope lost met amazing manager changed life good youre interested regaining loss get touch via instagram professional_fx_emilia send email emiliamichaelsgmail com,@quickinvestmentbroker7120,2020-08-27T17:06:47Z,0,
G6HbxcCb-7g,UgzfeqIJk4xZGxzsmnt4AaABAg,announced signed emergency actit means fema control constitution suspended also means trump longer control fema making decisions may god mercy soul,@mamabear1260,2020-04-30T22:52:29Z,1,
G6HbxcCb-7g,UgzfeqIJk4xZGxzsmnt4AaABAg.985LQv7eAUU98TpSNhuzRI,mama bear many republicans get angry say even rush doesnt say truths dont know happened trump god come knocking door soon,@Blue-hf7xt,2020-05-10T11:05:20Z,0,UgzfeqIJk4xZGxzsmnt4AaABAg
G6HbxcCb-7g,UgzfeqIJk4xZGxzsmnt4AaABAg.985LQv7eAUU98TqNytPsfi,dont think people want believe people dont want listen think going blow people think differently wakened sound rumble tanks streets,@mamabear1260,2020-05-10T11:13:28Z,1,UgzfeqIJk4xZGxzsmnt4AaABAg
G6HbxcCb-7g,UgzfeqIJk4xZGxzsmnt4AaABAg.985LQv7eAUU98TsgJbJdCL,mama bear trump said national emergency would long extended usual response get republicans trump empowering state governors tell trump gave fema full authority national guard free liability issuing national emergency necessary support governors national guard equipment showing overnight rural areas remember hearing trump say supported citizens arrested kept interstate travel link press briefing,@Blue-hf7xt,2020-05-10T11:33:35Z,0,UgzfeqIJk4xZGxzsmnt4AaABAg
G6HbxcCb-7g,UgzfeqIJk4xZGxzsmnt4AaABAg.985LQv7eAUU98Tw4_nT--T,empowering follow f e law governors follow preamble,@mamabear1260,2020-05-10T12:03:15Z,1,UgzfeqIJk4xZGxzsmnt4AaABAg
G6HbxcCb-7g,UgxdHHwUC7UntKmS_BF4AaABAg,thought democrat hoax lol trumpfox sheep stupid,@hartia4584,2020-04-30T12:13:27Z,0,
G6HbxcCb-7g,UgzVDICsLBa2GroObUF4AaABAg,two months late,@benadsl,2020-04-12T15:36:25Z,0,
G6HbxcCb-7g,Ugz6iEGUFN1maDwSioF4AaABAg,look teeth thats normal,@Goonbot87,2020-04-10T18:23:05Z,0,
G6HbxcCb-7g,Ugy0q0d-9S1S_y-Np5B4AaABAg,law already national emergency put effect hoard food water stuff try price goug years prison fine,@scottwinne4330,2020-03-29T15:33:40Z,0,
G6HbxcCb-7g,UgwfX2p6bskOIkC6a1Z4AaABAg,march trump said corona virus hoax denied existence thousands americans already died theeeeeeeeeee worst president historyand liar,@atlga4847,2020-03-22T20:19:59Z,0,
G6HbxcCb-7g,UgwfX2p6bskOIkC6a1Z4AaABAg.96WdyryevvN97F0xJG5esL,gemb need look one whos really spreading ignorance research fyii get paid research,@atlga4847,2020-04-09T20:34:33Z,0,UgwfX2p6bskOIkC6a1Z4AaABAg
G6HbxcCb-7g,UgwfX2p6bskOIkC6a1Z4AaABAg.96WdyryevvN98TpjUCOwB6,atl ga hoax trump turned socialist part deep state beast,@Blue-hf7xt,2020-05-10T11:07:48Z,0,UgwfX2p6bskOIkC6a1Z4AaABAg
G6HbxcCb-7g,UgzG5nfaFxIA7-yvR5d4AaABAg,rae hv bill clinton sold america usa part world government part creating,@danielmedo5479,2020-03-22T16:17:04Z,0,
G6HbxcCb-7g,UgxvRjHUJ_1tflGH0F54AaABAg,el salvador cancelled rent water phone internet electricity bills three months theyre building hospital case major outbreak third world country country done lately,@MediaSock,2020-03-22T05:47:08Z,1,
G6HbxcCb-7g,UgwcJDgBrxwZCKXskyB4AaABAg,seen people walk outthese lucerfarian satanistsneed stop lying virus vacine killer,@thedelivereryahshaahla6470,2020-03-20T09:07:51Z,0,
G6HbxcCb-7g,Ugyow4buainADLB9Zzh4AaABAg,way stop virus much better make prayers,@franciskein,2020-03-19T22:36:53Z,0,
G6HbxcCb-7g,Ugz-YEceZgftz1vfkDd4AaABAg,ha fox news calling hoax anymore,@Chris-hp9be,2020-03-19T06:16:50Z,0,
G6HbxcCb-7g,UgxdvqF3CY9QMqklxTR4AaABAg,hey know jesus christ lord hes one true living god died cross sins rose power hes coming back believe want let others know christ jesus last way heaven jesus christ must read holy bible pray live life thats pleasing acceptable god matter world may say encourage repent forgive read bible pray live holy born againis name written lambs book life accepted jesus christ heart lord personal savior dont go another moment without making jesus christ choice everything need jesus john jesus loves saves,@yellowbuttons4289,2020-03-19T03:51:08Z,0,
G6HbxcCb-7g,UgzTx6vkXY3Gt2wTBPJ4AaABAg,r gettin finally making pharmaceuticals labs,@jacquelinegrutsch6105,2020-03-18T17:56:55Z,0,
G6HbxcCb-7g,UgxUR94ArntgwN1ICj54AaABAg,always try belittle cant give credit wonder doesnt tolerate ask juvenile questions journalists evil wonder payment received enough live,@MsLindamee,2020-03-18T16:50:40Z,0,
_FUiPbzoGSQ,UgycLlzW1SQjv1HCN794AaABAg,criminal organ harvesting covid patientsperson presents er covid gets sent home without treatment protocol lips turn bluein interim virus body within days meaning ready organ harvest upon returning erthen return put mechanical ventilator time hyperventilated submission medically kidnapped using pure oxygen necessary uitable offer made vital organ declared brain dead organ harvested without anesthesia awake feeling every slice every organ cut,@styroyou,2022-02-19T05:12:49Z,0,
_FUiPbzoGSQ,UgzW3ONnOzi1FKnSkrN4AaABAg,shouldnt operate heads asses either,@WildwoodClaire1,2020-10-26T10:54:22Z,0,
_FUiPbzoGSQ,Ugwhbu1P8tpIkX_KdzV4AaABAg,covid matter individual doctor person decides wants wear mask fine doesnt thats fine person old sick therefore real danger selfisolate home others establish herd immunity virus burns something legislated especially kind people get politics add covid may deadly average age person kills even old people sick problems danger yes covid kills peoplelike scores diseasesbut people working age absolutely people highly destructive hysteria dont know going end know hysteria changing entire nature life,@freedeliveryprinting3100,2020-10-22T15:58:22Z,0,
_FUiPbzoGSQ,UgxmpuEi9SxxoiADUBl4AaABAg,stupidity aint virus sure spreading like one sandy cheeks,@illegalalien6542,2020-07-04T17:44:30Z,1,
_FUiPbzoGSQ,UgxiufsWRTBs6AH9uKl4AaABAg,operate reason already seems starting cut scientifically equivocations expose persons politicization,@christopherputnam1647,2020-05-26T15:03:39Z,0,
_FUiPbzoGSQ,Ugxor31DkQUopL2vEoN4AaABAg,administration failed country every news outlet saying thing president fox news spin,@AwLolfn,2020-05-07T11:24:21Z,0,
_FUiPbzoGSQ,UgxGP0tq1A6vL3lZKFp4AaABAg,one knows life may bring day day lets move fear driven hysteria get,@merlelangley4460,2020-04-30T04:19:25Z,0,
_FUiPbzoGSQ,UgwounjzsluA28fF-Gx4AaABAg,right,@jantefft2442,2020-04-29T00:26:08Z,0,
_FUiPbzoGSQ,Ugw3XlAnwnKFTx33i1t4AaABAg,hospitals reporting without testing held accountable,@andrewsauber7324,2020-04-27T23:05:55Z,0,
_FUiPbzoGSQ,UgySBaYw7OKCa0G3qiR4AaABAg,call guys like jayz viewed modicum success guy viewed uncle tom minority loving social justice warrior public culture establishment,@safacon54,2020-04-27T14:43:34Z,0,
_FUiPbzoGSQ,UgwQZnqIqxVzC-n4doJ4AaABAg,ben carson,@adamjaeger4189,2020-04-24T13:48:41Z,0,
_FUiPbzoGSQ,UgzCkgFcBDTplVcvmE94AaABAg,cure cant worse virus,@jenolez1143,2020-04-24T01:24:57Z,0,
_FUiPbzoGSQ,Ugwg3n8-Eudwr0ALTGt4AaABAg,great man right needs present time,@charlenejohnson6632,2020-04-23T13:28:25Z,0,
-r_C-QsWEak,UgxDNowutILQUUafJ1Z4AaABAg,guidelines whose guidelines creating political policing bs stop time,@enobishop1419,2025-06-26T13:58:36Z,0,
-r_C-QsWEak,Ugx-G3aat52IM7H6MTl4AaABAg,people charged crimes humanity involvement covid attack,@dallenv,2021-04-30T02:48:32Z,0,
-r_C-QsWEak,UgxkrbBxyuwnE3N0xod4AaABAg,dr fauci dr redfield anyone know covid virus grows better cold warm temperatures temperature ranges gets hot gets cold please respond thank,@kathleenshannon8284,2020-10-19T22:00:12Z,0,
-r_C-QsWEak,UgwBbVtYWO01IrniLGV4AaABAg,breaking news poland government announce todaythat vaccine,@barbarajohansson9670,2020-09-23T20:30:28Z,0,
-r_C-QsWEak,UgwOrPcZsKwiyyuQi6F4AaABAg,idiot says jan st virus declared public health emergency trump downplayed jan st trump restricted international travel even though criticized,@Trumplican,2020-09-19T13:01:22Z,0,
-r_C-QsWEak,Ugx8YMMLKVptUrMlHZJ4AaABAg,dr redfield new hero donny time resign hope pencey grant clemency putin wont,@oldrrocr,2020-09-17T04:16:42Z,0,
-r_C-QsWEak,Ugxrp5lEhOEopjezO794AaABAg,republicans effin disgrace american people donyt jusy luv predictive text,@skip1445,2020-08-13T20:16:57Z,0,
-r_C-QsWEak,UgzE00fMZTbZY8aFUnZ4AaABAg,covid smart virus knows stay away protesters large crowds,@jenjaradat6882,2020-08-11T23:16:56Z,0,
-r_C-QsWEak,UgwZFRROOf9N3euzKdR4AaABAg,nih cdc fda neglected responsibility protect americans didnt fauci respond taiwan cdc told pandemic back knew didnt warn americans,@ALICE-zx4ed,2020-08-06T05:58:10Z,0,
-r_C-QsWEak,Ugx7VEnHrx4zuBi1luh4AaABAg,lol many people coughing indoors still dont keep mask,@psychkick666,2020-08-04T10:16:00Z,0,
-r_C-QsWEak,UgxIHoPTRTpyJBzEGKx4AaABAg,dont want vaccine comply,@emilyburnette6679,2020-08-04T03:09:10Z,0,
-r_C-QsWEak,UgyF6O4SY2avxDFF-zR4AaABAg,seconds anyone notice anything interesting hypocritical snl skit real thing supposed official posting general public supposed respect,@Jonno2summit,2020-08-04T01:12:18Z,0,
-r_C-QsWEak,UgwcJGpGka01Kan8oup4AaABAg,test negative today positive tomorrow okie dokie weirdo still day personally dont know anyone whos died months,@halgoofler267,2020-08-03T21:21:44Z,0,
-r_C-QsWEak,UgziqSyKmz-mpcPTrPd4AaABAg,sound like trying pin something administration versus actually getting virus still cannot find actual covidonly deaths sites show deaths include rona would nice see purely rona vs assumed,@gregorythompson5334,2020-08-03T21:06:10Z,0,
-r_C-QsWEak,Ugx-MlS7rP4ct7XwLk14AaABAg,doctor frankenstein fauci millions died aids blind study bs takes team doctors around world one global pandemic maybe isnt one old ideas old playbook dont even apply youre sick dont come outside stay home feel like youre going sick stay home making people sick stay home stop spread coronavirus mental illness,@jibrijones1833,2020-08-03T16:08:27Z,0,
-r_C-QsWEak,Ugy0yakzsfsJgGi44ip4AaABAg,naive ignoramus someone purposefully lying public would take numbers reported chinese communist party face value defies logic k people dead epicenter chinas th largest city wa mil population happened home level biosafety lab curious leaked vids show corpses street distressed people picked people hazmat suits windowless vans people welded apartment buildings hospitals built bars outside windowswhistleblowers silenced deaddisappeared,@darkprince56,2020-08-03T12:54:08Z,1,
EjQ2Go1z7xw,Ugzp3NtCbc9qk31og-x4AaABAg,bombs idiot looks like red state fire,@jameshorton8294,2020-06-15T00:48:46Z,1,
EjQ2Go1z7xw,UgwhJHxPWZIcQVVCvVN4AaABAg,going bomb hell american say something stupid reports pond source neverending entertainment us thanks,@captain2ahab,2020-04-28T18:11:54Z,0,
EjQ2Go1z7xw,UgzOzF-PfWLbFFaNof94AaABAg,gonna bomb hell ofhe could american,@pacemaker05,2020-03-26T22:26:03Z,0,
EjQ2Go1z7xw,UgzPOebLmvCGxMnnzR54AaABAg,going bomb hell virus yeah hows working,@Lone-Wolf115,2020-03-25T18:38:21Z,0,
EjQ2Go1z7xw,Ugz4IZti3RwjF1gO7BV4AaABAg,see really happening war people america war drugs war terror war virus always simply war people,@dongalesprings,2020-03-25T12:37:58Z,0,
EjQ2Go1z7xw,UgxGZxF8t3ewM78mRx14AaABAg,march gmt since trump called coronavirus hoax february deaths individuals infected coronavirus increasing exponentially mortality rate infected expect toll wll rise deaths less month,@eddee0149,2020-03-25T11:15:45Z,0,
EjQ2Go1z7xw,UgxmrX0N0N2LdQUUV3t4AaABAg,tried like senator creative verbalization zero action assume either paycheck working explanation hes idiot,@telafunkinu47,2020-03-25T10:47:48Z,0,
EjQ2Go1z7xw,Ugxm6GzopQfDpy1ru_V4AaABAg,refreshing hear something proactive instead depressingly reactive leftists,@neondrivercartman3569,2020-03-24T18:20:31Z,0,
EjQ2Go1z7xw,UgwYYs2yzpQbstPl_fN4AaABAg,hannity accepting really virus happened miracle going make disappear oh president working vaccine didnt realise industrial chemist id surprised could read,@Cyril_Squirrel,2020-03-23T09:13:44Z,0,
EjQ2Go1z7xw,UgwvIk46ve-Gh-RHwIx4AaABAg.96XEc-M7Lhn96Xbg59H5lg,way bomb democracy countries,@Bigbrotheriswatchingus,2020-03-23T05:19:11Z,0,UgwvIk46ve-Gh-RHwIx4AaABAg
EjQ2Go1z7xw,Ugz7imBk1JHlj7A6_tN4AaABAg,foxers take lesson president truman buck stops show missouri,@matthewbucher8954,2020-03-22T21:16:55Z,0,
EjQ2Go1z7xw,UgyXVXjfhkt3QyXjkTl4AaABAg,willfully ignorant graham hiding health status fox employees potentially danger infection thoughts prayers,@richardwebb2348,2020-03-22T20:00:19Z,0,
EjQ2Go1z7xw,UgwL2Mp_jPO9DA0XBlB4AaABAg,since wife die college kids want party together hope great time expense,@ringosullivan4967,2020-03-22T16:56:07Z,1,
EjQ2Go1z7xw,UgzOlD3joRYE551RLm14AaABAg,im republican voter mean republican voter people congress lose jobs suffering fine selling stocks taking year help small people,@brandonbunsold3458,2020-03-22T11:00:39Z,0,
EjQ2Go1z7xw,Ugx67p1OInZdl1lG7nV4AaABAg,cant go work amazon fedex usps n ups still open lol,@mattd476,2020-03-22T10:31:49Z,0,
dN-xosv9pOk,UgxkC_MrFI2y5Tb551Z4AaABAg,guy continued recommend atz hiv treatment threatened sue producers movie dallas buyers club name removed main protagonist movie given month live ignored faucis atz treatment lived years lucky magic johnson judy mikovits risked prison ruined career oppose fauci johnson used recommended method dealing aids magic johnson still alive proof needed next fauci pushed covid vaccine doubled wealth even though ivermectin proving use mexico keeping hospitals empty,@jondeere5638,2025-04-29T07:09:43Z,0,
dN-xosv9pOk,UgzITMWaH_oGVu1aVEF4AaABAg,get joker positioni dont believe word comes mouth,@MarkRivera64,2025-01-09T18:37:47Z,0,
dN-xosv9pOk,UgxbtLVBsn3zbOmY3z94AaABAg,physical separation people,@Orf,2025-01-07T20:38:40Z,0,
dN-xosv9pOk,UgxMYhuWnwOMWmcc7Td4AaABAg,govs top expert infectious disease,@Orf,2025-01-07T20:38:04Z,0,
dN-xosv9pOk,Ugw8-gBnuPkfMWMpU1l4AaABAg,important americans check share interviews dr judy mikovits tube trying shut,@domingodelatorre1309,2020-05-07T23:29:23Z,0,
dN-xosv9pOk,UgxDQzG4KWJzB58ubkt4AaABAg,faucie tested havent recommend cnn tested since one employee virus america go work cant lockdown ever open america look american china cant trusted name jesus trust doctors capable treating parents concer nursing home lockdown permanently concerned nursing owners something virus protections reporter liked questions faucie writing book every american specimenent remember cure people either dying getting better appears faucie doesnt want possible drug already may work used new drug hes associated never definitive tested people first time side affects drug question used numerous times prescribed doctors faucie cant link already medication already market something come maybe year people dying whats available may save life isnt faucie talking autopsy read book ecclesiastes,@patriciaashley3768,2020-04-25T03:45:27Z,0,
dN-xosv9pOk,UgyyKUM2BMxsn7p_saR4AaABAg,fire fauci please big bullshitter psychophatic traits promotes fearmongering covid nothing ordinary flu send jail,@Carl-mw3ft,2020-04-17T15:25:03Z,0,
dN-xosv9pOk,UgxPNMqfD_1aEWUKQqt4AaABAg,hydroxychloroquine especially used zpac antibiotic zinc worked thousands yet fauci continued downplay use cure covid fauci democrat,@S955US84,2020-04-10T13:23:51Z,0,
dN-xosv9pOk,UgxXttTVBNH7nNrBZZh4AaABAg,due honesty trust guy decisions making scary,@RRG-op4hx,2020-04-01T08:59:55Z,0,
dN-xosv9pOk,UgynHkijR785AlMNGP14AaABAg,trump said hoax would disappear,@kalbs89,2020-03-28T21:01:45Z,0,
dN-xosv9pOk,UgxJPhMb3RBAJ7Y8DKd4AaABAg,still hoax real pandemic,@barna_de,2020-03-27T08:23:33Z,0,
dN-xosv9pOk,Ugx0f4nkKx6MzG3dyXd4AaABAg,know ill get hate dont know everyone sees doctor fauci avoids every question alludes back blunting curve social distancing etc know important repeat statements nothing new offer america epicenter outbreak time start thinking outside box give actual creative solutions,@natez5933,2020-03-27T07:34:08Z,0,
dN-xosv9pOk,UgwGMPNj5D3QvL2hTAl4AaABAg,talk talk talk dr fauci never mentioned cure hcq played dr fauci cdc national institute health hcq cheap quick cure dr fauci collossal hipocrite,@bobpatterson5470,2020-03-26T17:17:08Z,0,
dN-xosv9pOk,UgwHdacGRZv3NkEtTHJ4AaABAg,day x average us deaths per day deaths add covid deaths k every deaths today usa covid pandemic fact check th grade math,@sladwig4094,2020-03-26T14:02:50Z,0,
dN-xosv9pOk,UgwNQ7mu-QjtPxUkuXt4AaABAg,said lot said nothing specific,@lubabosnjak6892,2020-03-25T15:06:05Z,0,
dN-xosv9pOk,Ugz5srAxr49CKtQvkSh4AaABAg,guy serious lung problems listen,@patrickcon1,2020-03-25T11:57:03Z,0,
dN-xosv9pOk,UgyHnGFEC-XZgCRWMft4AaABAg,selected graphs dont illustrate situation effectively,@monteharmon7,2020-03-24T23:28:37Z,0,
dN-xosv9pOk,UgxsLaPZoQ4iYtFZuHp4AaABAg,fauci needs arrested many americans died wants argue something know true pay attention america guy gets grants clintons chloriquine shorter supplyand comes chinado math vote republicanwhile people argue money trump took actiondemocrats let americans die,@raymondnoodels7775,2020-03-24T16:47:31Z,1,
dN-xosv9pOk,UgwNni-yqYfVDX_2m6V4AaABAg,speaking italy heres video cant see followed question nothing point going make let divert conversation,@gregoryillinivich5328,2020-03-24T16:26:36Z,0,
ebH3NDpXoVs,UgzalDTUa0l--qUtiWJ4AaABAg,angela merkel pastors daughter worlds powerful woman chancellor germany since merkel widely described de facto leader european union powerful woman world angela merkel german chancellor said populism wont solve worlds problem said openness populism polarisation isolation answer worlds challenges globalization digitalisation added work basis values democracy freedom respect law human dignity regardless origin skin color religion gender sexual orientation political inclination alert prayerful,,2020-09-11T23:40:24Z,0,
ebH3NDpXoVs,Ugx23he_38avjyoi8dN4AaABAg,god want save us moment letting happen isnt compassionate,@Chewchomp69,2020-04-25T10:16:01Z,1,
ebH3NDpXoVs,UgwCDw6Yi12Ixgj6StF4AaABAg,pack churches republicans jesus trump,@GEOMETRICINK,2020-04-15T04:02:55Z,0,
ebH3NDpXoVs,UgzbP6cR1QbOK25dL1t4AaABAg,faith thats jesus nailed cross third day figured went back heaven discuss father god bloodthirsty lot humans back earth dad make son seemed like good idea time,@GH-if5xw,2020-04-13T21:33:49Z,0,
ebH3NDpXoVs,UgxwvCruJp6M-oNpKAV4AaABAg,please help need fox news brazil need stop de media liars cnn bad brazil globo channel tell lies whole day são paulo state governor things federal constitution channel keep lying want get president bolsonaro took away public money lula used spent buying media congress support last months everything see brazil media lies went street stop são paulo state governor media showed amazing cnn brazil helping lies,@su2sa1li4,2020-04-13T17:32:15Z,0,
ebH3NDpXoVs,UgwtFaIhT9zIABqoeh14AaABAg,even pope held audience americans noooo know best,@fugleskarnproductions7641,2020-04-13T16:26:32Z,0,
ebH3NDpXoVs,UgzhPL6s8D36PAms9uR4AaABAg,many boys priest molest,@TheTriplelman,2020-04-13T15:01:57Z,0,
ebH3NDpXoVs,UgzcDLp27UvjoRPfbxh4AaABAg,jesus survive corona virus think would,@afantasia12,2020-04-13T14:47:24Z,0,
ebH3NDpXoVs,Ugy1c3VzAwfU6tFon294AaABAg,comes something scientific like corona go year old tried true prayer cure,@aaronaardvark321,2020-04-13T14:13:14Z,0,
ebH3NDpXoVs,UgzlwRm6kJw_Zgs8rkx4AaABAg,keep saying god doesnt exist basis strength shall fight top criminals already feel law pedophilia real cannibalism real soylent green one concept push nwo upset divine powers upset demonic animals plans power money media,@sallyportillo2755,2020-04-13T12:58:53Z,0,
ebH3NDpXoVs,UgwmF_Kq6NQD_XYN32V4AaABAg,insist god doesnt exist satanists luciferans church rejoice furthermore whereas god exists people sense justice pope rejoice say god doesnt exist feel safe hiding church,@sallyportillo2755,2020-04-13T12:48:52Z,0,
ebH3NDpXoVs,UgzJmjx0QJYpMTkrwEx4AaABAg,god supernatural god doesnt exist never experience supernatural activity god less unsolved theories physics remain unsolved many atheistscientists aready realm supernatural eg zero point energy perpetual motion mechanics,@sallyportillo2755,2020-04-13T12:47:43Z,0,
ebH3NDpXoVs,UgxHYz2fDEkcGJnEe394AaABAg,many lives christians exchange money today infected people trump conman laughing us,@disslb,2020-04-13T12:31:30Z,0,
h25aDe9Lvgs,UgyaAiAifEUD_6ouwA14AaABAg,nothing continue live streets,@laurenmcgee3081,2020-11-11T04:08:11Z,0,
h25aDe9Lvgs,UgzpEwnMcCu0zW2P3SJ4AaABAg,lets end homelessness permanently forever cant revise tax code allow anyone claim homeless person dependent revise increase amount tax relief dependent upwards subsistence poverty line amount right amount realistically reflects additional cost living dependent homeless people someones relative fellow american citizens refuse step bodies excrement sick impoverished suffering humans living street refuse america declaration independence constitution bill rights tasked solemn duty responsibility bring liberty justice americans lets reward responsibility duty care relatives fellow american citizens shirking responsibility duty order continue enjoy pleasures hedonistic lifestyle less fortunate americans suffer feet everything others would sums law prophets words jesus mathew liberty power like right ought lord acton,@taohuang359,2020-09-09T17:15:26Z,0,
h25aDe9Lvgs,Ugw9zR_ACujkUDeGwr14AaABAg,whats wrong amazon someone enlighten,@MrDANGitall,2020-08-02T20:33:03Z,0,
h25aDe9Lvgs,Ugz-Ygl-KIzd9jDXVQJ4AaABAg,would interesting travel la san francisco portland seattle join homeless population see experience would interesting sneak mexico try sneak back usa see go,@charleslong5373,2020-06-04T08:43:14Z,0,
h25aDe9Lvgs,Ugx2gY98I-zypztUMXp4AaABAg,bunch folks homeless soon wonder long takes someone go real person subhuman week instantly progressive downfall reason affordable housing ive never heard anyone say issue amazon people closed dont realize huge portion homeless working homeless maybe research people getting mad wearing masks stay home yet quick make people cant public space mask issues dont bother public health line ground anymore,@SpoonLady,2020-05-17T13:55:17Z,0,
h25aDe9Lvgs,UgwBC3LO8_IcqGnhhm54AaABAg,ummmthey go hospital,@tazzmachazz1355,2020-05-10T15:25:56Z,0,
h25aDe9Lvgs,UgwxzvAThM-tMBR5siV4AaABAg,homeless super spreaders,@cemsengul16,2020-05-05T19:49:57Z,0,
h25aDe9Lvgs,Ugz_imMBfcDgXJ3if1R4AaABAg,government need make village homeless people give land make make small tiny houses something protect another people coronavirus,@yelenakocheleva382,2020-04-27T14:43:06Z,1,
h25aDe9Lvgs,Ugw-tULR8RZSb2Bheid4AaABAg,like really care,@mesa4592,2020-04-22T10:23:19Z,0,
h25aDe9Lvgs,UgznWQ2Il3VDGneQBsF4AaABAg,majority democratic citys highest volume homeless imagine,@franktank1744,2020-04-22T00:07:16Z,1,
h25aDe9Lvgs,UgzZFuXUCqWvPpp6kO14AaABAg,see eyebrows distracting lol,@icecap4127,2020-04-16T23:53:51Z,0,
h25aDe9Lvgs,UgxX5gs4SmJUxmElr-Z4AaABAg,reason theres homeless billionaires way make money fixing issue,@JK-yd5ro,2020-04-14T08:19:36Z,0,
h25aDe9Lvgs,UgzxxYrvMbE5OVj_bzl4AaABAg,dudes eyebrows,@nevermind501,2020-04-02T04:40:11Z,0,
h25aDe9Lvgs,UgwmIPcdGDowqn3TESx4AaABAg,need round folks put fema camps get sorted jeeeeeeeeeeesssus,@chriskellison3468,2020-03-31T21:38:03Z,0,
h25aDe9Lvgs,UgyecmhD4_A5rJAlfux4AaABAg,think nobody miss people mass graves discovered another paragraph record americas atrocities,@rmarbertin8131,2020-03-29T08:39:10Z,0,
h25aDe9Lvgs,UgxeFjm5CbmPgyYpwvp4AaABAg,free country free bum homeless alcoholic drug addicted bums arrest charge prosecute bums,@JA-ux7dd,2020-03-27T06:48:36Z,0,
2gBEJOZANDA,UgwuQtgIaa0FX6KZWkh4AaABAg,testing,@StaleyTraining,2021-11-27T07:37:18Z,0,
2gBEJOZANDA,UgySbNQ_quFAP01Zk6J4AaABAg,calon istriku lisa marie boothe big sexy rules erwin trump,@erwinlbj462,2020-12-31T03:16:47Z,0,
2gBEJOZANDA,UgwhN8h1rR8p8EsgJIR4AaABAg,last week bad flu according fox news lies virus numbers supposed go,@Jessiejam-44,2020-03-28T14:13:47Z,0,
2gBEJOZANDA,Ugw2q8yu6oEv3XE4TZR4AaABAg,fox news mislead american people downplaying coronavirus may cause become sick die irresponsible reporting shame fox news,@mikej.9886,2020-03-25T02:05:10Z,1,
2gBEJOZANDA,UgxsVJeGfpLpzb3mbTN4AaABAg,one way stop attacks trump tell shut hell,@metro3692,2020-03-25T01:05:19Z,0,
2gBEJOZANDA,UgzGtP7aITJXou8RIsl4AaABAg,comes yank women two tons make slapped faces,@simonrodgers2375,2020-03-25T00:10:20Z,0,
2gBEJOZANDA,Ugwj1nQ2fINo_fewm3N4AaABAg,common sense isnt exactly american strong suit,@jaquen1977,2020-03-24T17:17:09Z,0,
2gBEJOZANDA,UgwslUhwSAIsn_7-dkF4AaABAg,real castrophe faced us trump pandemic corona virus mild epidemic comparison trump,@tell-tailtale5220,2020-03-24T16:00:27Z,0,
2gBEJOZANDA,UgzdBCs0h1Ow2asjmDx4AaABAg,concern mortality rate less doesnt justify hysteria generated media perpetrated government last year measles another highly contagious disease killed world didnt shut think little exercise controlling masses forcing governments dive debt rothchilds real winners farce,@evangelist6277,2020-03-24T12:41:28Z,0,
2gBEJOZANDA,UgxGvd_TSn5smAmVGrB4AaABAg,stay home stay home becoming country italy lets pray save life,@elizabethedwards2246,2020-03-24T09:36:46Z,0,
2gBEJOZANDA,UgwaLaafXK8pVoGan4F4AaABAg,think democrats screwing corona stimulus package order economy implode people blame trumpsick,@cyrusc8495,2020-03-24T09:12:00Z,0,
2gBEJOZANDA,Ugwwp_8wzOhfsQ7cmDR4AaABAg,trumps said last weekend gm ford making ventilators speak ive organised two military hospital ships take infected people hasnt theyre maintenance military hasnt heard ive organised two cruise ships take infected could say ones millions masks ventilators way due months lying taking bait dont take word dont take cnns anyone elses word listen scientists btw im australian pharmacists banned selling asthma malaria drug treatment coronavirus weve run stock stupid president said hunch heard good things hes moron,@yolly2292,2020-03-24T09:08:47Z,0,
2gBEJOZANDA,UgwoVY3F8qcS4x2OsLZ4AaABAg,growing concernsabout weeks late charlie president didnt anything play,@phatape,2020-03-24T08:29:23Z,0,
2gBEJOZANDA,UgxHYpEioPn2Qu8frnV4AaABAg,keep putting lisa boothe segments shes always awesome spectacular impassioned great,@MatthewJWilliams2005,2020-03-24T08:02:27Z,0,
2gBEJOZANDA,Ugyq00b17JLopl-gtS94AaABAg,next revolution check timeline sara carter first cannot express much intelligence vast knowledge impressive short period time actually get point across answer question put forth going throw conspiracy nut usually use wisdom dismiss thing goes nothing find mystifying pelosi held impeachment process sending articles senate us dismissed expressing close christmas time stretch far pelosi previous outbreak experience obama administration would know another outbreak would evolve fake impeachment used diversion long enough delay every second countedthat actually slowed us respond virus fake trial senate would give undivided attention liberal press defending chinese communist party slow reporting virus ignoring beginning still trying claim werent quick enough even though president acted quickly ridicule partisan group fienstien dumping stock hunter biden claims hasnt made dollar chinese investment take tanking stock market buy everything site american knows rebound chinese huge amount money attached american dream quid pro democratic presidential candiate mix leaves zero margin error handling crisis also believe didnt think virus would dominate us much believe way holding care bill actually playing us fools funding wormhole going away swamp going different direction president trump decided start playing deadly game every single american fighting right move free market society achieve best future families enjoy freedom every individual achieved country planet sooner later people files pulled god almighty god founders country believed believe born certain amount common sense live lives eyes god true common sense obtained makes wisdom rare,@mikejames4653,2020-03-24T04:44:12Z,0,
2gBEJOZANDA,Ugz8yZbyeWAKQFqAMF14AaABAg,civil unrest emminent workers essential walmart coming weeks taste gentrified neighborhoods better leave cause storms coming wake,@njdeplorable8751,2020-03-24T04:13:44Z,0,
2gBEJOZANDA,Ugz8qf22_ybOar94ZW54AaABAg,forgotten sars killed people us oblamo biden said anything history dropped schools stop kids remembering past wake people,@freedomisntfree5573,2020-03-24T03:15:15Z,0,
2gBEJOZANDA,UgzzYw6GRNcQB-AHJzZ4AaABAg,huh thought fox news called coronavirus hoax,@Thomas-Bradley,2020-03-24T03:04:42Z,0,
2gBEJOZANDA,UgxVk-G1eZOeDandG1N4AaABAg,fox news doesnt common sense,@gmac8586,2020-03-24T01:31:16Z,0,
EE1iX5HKELA,UgzSaNEGnN-B5e44dQR4AaABAg,figure things watch fox make sense speak intelligent people,@scott2550,2020-05-18T03:33:49Z,0,
EE1iX5HKELA,Ugznwwg_a15SoC2zPId4AaABAg,unless rules change world still buy china look upu unfair international rate system global unions allowing communist china competitive advantage need tackle communist china still,@robbiesouthern7956,2020-05-03T19:06:22Z,0,
EE1iX5HKELA,UgwEfVwdrK86bpoGEkJ4AaABAg,nunes talking fox news viewers coronavirus probably best thing could happen country saying,@theLampSA,2020-04-01T19:35:42Z,1,
EE1iX5HKELA,Ugwu0dma_ppMdTPL0s14AaABAg,doesnt take account much expensive eat restaurants home may go grocery store mr nunes,@lsmith7531,2020-03-23T01:41:02Z,0,
EE1iX5HKELA,UgxIczB5saYE277pznB4AaABAg,china trojan horse countries invited worst hititaly iran lesson learn obviousoutlaw china,@jesuis3959,2020-03-22T21:42:05Z,0,
EE1iX5HKELA,Ugyxq5p7aJ2jbOzqeSt4AaABAg,sorry folks cannot imagine nunes taken seriously crackpot,@rickallred6704,2020-03-22T20:00:10Z,1,
EE1iX5HKELA,UgznXm_4BxA0Fm5u6XZ4AaABAg,china communist party lied population world deadly consequences government fault complacency china going held accountable actions,@wallacehughes4643,2020-03-22T11:13:08Z,0,
EE1iX5HKELA,UgxLLV8saX_dByYATaF4AaABAg,maybe accept ccv outside china different initial started,@patriarca91,2020-03-22T00:30:29Z,1,
EE1iX5HKELA,Ugwch0jjtNfJ31nmxvt4AaABAg,still want us go restaurants like u said coupla days ago oh wait,@jbw6823,2020-03-21T21:41:00Z,0,
EE1iX5HKELA,UgyCy_iz-ljGQnrP2IJ4AaABAg,years russia collusion racist,@airinbone,2020-03-21T18:34:27Z,0,
EE1iX5HKELA,UgyPZcKHYlnlvVIGPKl4AaABAg,fox equals fake opinionated xenophobia,@CrescendoKeysChannel,2020-03-21T14:27:17Z,0,
EE1iX5HKELA,UgyN863C1jwyk8wW3Jp4AaABAg,left fear coming back america even labelling potus racist german measles spanish flu racist clearly wrong side communist liberal left,@lynncuthbert2307,2020-03-21T13:43:31Z,0,
EE1iX5HKELA,UgxxJFGV1oeyYGPjOIR4AaABAg,cover reporting bsl level bio chemical warfare china engineered coronavirus questions reporting investigating surely knowledge would help cure china leak deliberately accident thoughts every major government knows truth issued media blackout ban reporting tell viewers truth,@thomas8elliott,2020-03-21T07:26:32Z,0,
EE1iX5HKELA,UgzIFOhX-qwb6UCl7hJ4AaABAg,caused worldwide panic really nunes stealing intellectual property fake news nunes fake news nunes knows donors moved manufacturing china companies gave intellectual property china get boom selling stuff billion people make money,@CaseyFinSF,2020-03-21T07:10:29Z,0,
EE1iX5HKELA,UgzgJb0gv1h1A9aRbbB4AaABAg,really hoping going say ah yeah got one wrong goes saying fake news guess shouldnt surprised,@Indpendent01,2020-03-21T06:42:48Z,0,
EE1iX5HKELA,Ugx_PxyhJRDuEMDgUJB4AaABAg,hey go eat dummy,@5Screwsski,2020-03-21T01:17:12Z,0,
EE1iX5HKELA,Ugwx2CEAuhsCxzLzuRN4AaABAg,make china pay everyones medical bills economic losses tariffs chinas mess avoidable wanted contain didnt jacked many peoples lives seize us chinaowned assets united states collateral help pay destruction caused stop manufacturing china dont pay somehow stop letting leech prosperity us families worked country zero china policy going forward dont deserve business united states anymore relationship enrich china expense american citizens,@angellittleton8901,2020-03-21T01:10:12Z,0,
EE1iX5HKELA,UgxQM0zLpM4vUL-K9kh4AaABAg,could happen ustrump slashed inspectors meat packing plantsderegulation allows companies inspections,@rayanjc,2020-03-20T22:54:12Z,0,
fVpbMvz2auY,UgzWQ_wqG3e8vx6wSkx4AaABAg,president wanted kids go back school knowing deadly viruses,@Positivevivesme,2020-10-15T09:32:26Z,0,
fVpbMvz2auY,UgzzMghzldst3gVIkTt4AaABAg,first time watching listening donald trump finally making sense dont think hes even talking pandemic hes likely referring paedophilic rings uncovered around world underground hes hope guys heard loud clear,@XOT1C,2020-08-13T14:31:32Z,0,
fVpbMvz2auY,UgxynxeS2Me9nVXntWl4AaABAg,trump american children proud obama graduates hate hate country,@marcleach6167,2020-05-23T13:48:00Z,0,
fVpbMvz2auY,UgzdjASL2qjZtgtKut54AaABAg,story childrens folks true,@ВадимЧеркашин-с4р,2020-05-02T23:43:36Z,0,
fVpbMvz2auY,UgyrDs1b2d_jLd4Xr-d4AaABAg,got tell children proud country president donald j trump,@nia5040,2020-04-19T03:36:15Z,0,
fVpbMvz2auY,UgzZ8mwCgWEalw6Idxt4AaABAg,shut traitor fed attacked germany u chill sent spanish flu europe fed vampires shame liar,@gruenergermane,2020-04-16T05:56:16Z,1,
fVpbMvz2auY,UgxnHj8Poa_BAfMvZ2d4AaABAg,yeah school kids watch lol,@Joem-hz3bl,2020-04-14T02:05:53Z,0,
fVpbMvz2auY,UgxFN8CuE4AZp6MlfvZ4AaABAg,literately everyone world searching preaching giving insights debating arguing corona trump im sure anybody knows dont know hhhhhh,@abdellahi.heiballa,2020-04-14T00:15:23Z,1,
fVpbMvz2auY,Ugw_yx2bnCMUG9v8qul4AaABAg,president greatest country world rally happy go school sight lol,@abdellahi.heiballa,2020-04-14T00:10:54Z,0,
fVpbMvz2auY,Ugx6WfoRCUfC3z1nKNJ4AaABAg,brown children yuk brought brilliant smart genious germs go back came,@xax888servo7,2020-04-12T10:18:56Z,0,
fVpbMvz2auY,Ugxjt3_UJ6WGMmDRxY94AaABAg,children folks tents central park national guardit makes sense,@tabbennett4254,2020-04-03T16:47:48Z,23,
fVpbMvz2auY,Ugxjt3_UJ6WGMmDRxY94AaABAg.97-AEHDeyZq98RYjwMoPKg,im agree thought,@BelaOceans,2020-05-09T13:52:06Z,0,Ugxjt3_UJ6WGMmDRxY94AaABAg
fVpbMvz2auY,UgyNd5An7idB5e5RzA94AaABAg.96sxg4Mpuho97-kujJSRRV,oh really,@thevampire6065,2020-04-03T22:17:02Z,0,UgyNd5An7idB5e5RzA94AaABAg
fVpbMvz2auY,UgyNd5An7idB5e5RzA94AaABAg.96sxg4Mpuho97-l-GnIOW-,hes best president weve ever dont support watching fox news,@thevampire6065,2020-04-03T22:17:48Z,0,UgyNd5An7idB5e5RzA94AaABAg
fVpbMvz2auY,UgxZUtSLjdzZ756E_K14AaABAg,mr president left wing media saying social distancing working slowing spread dont think infections already would already think shutting chinas influx us factor reduction,@Wraith222,2020-03-31T20:49:14Z,0,
SZpNe53WFEc,UgzCp2DUOYxZ3jU8Wi14AaABAg,knew weinsburg peace corps pompous arse,@lynnebest593,2020-04-19T19:38:21Z,0,
SZpNe53WFEc,UgyLLOsXiBzYbAXBhJl4AaABAg,million infected hn dying like corona viruses different time like always yet didnt freak like science says getting dumberi wonder something go figure media mis represented something president said wow never happens,@ivorypoet6972,2020-03-24T02:48:47Z,0,
SZpNe53WFEc,Ugwc4ZulfjG3iXTP-wt4AaABAg,yes nothing like two months late responding global crisis grows exponentially proper equipment protection front line medical personnel almost zero testing weeks like fighting fire blind wasnt dopey laura two weeks ago saying hoax shi hit fan finally woke comawelcome planet earth laura time deflect,@MrTitanic222,2020-03-19T23:12:14Z,0,
SZpNe53WFEc,UgwnAjQlpg9FVDHXDLR4AaABAg,americans eat anything cant move bmw risk virus,@helenmaclenan2912,2020-03-19T08:58:44Z,0,
SZpNe53WFEc,UgyUG0QPDBCJutE8aAV4AaABAg,obey cdc stay public sick dont selfish wash hands pay attention false news meant invoke panicpanic worst thing careful avoid crowds parties,@paulkeith61,2020-03-18T20:02:35Z,0,
SZpNe53WFEc,UgySzLfz00n0S7JZgvZ4AaABAg,trish reagan joke,@randygourdine6031,2020-03-18T17:49:14Z,0,
SZpNe53WFEc,UgzpgtkrtMx_i5dkwRl4AaABAg,im totally fed fox news let us never forget us government favored military rival american people trade policy putting millions work peas rice cant even import medicine invested invented outsourced military rival coup aimed directly american people us government trump seems person dc recognizing fact,@alabamamothman2986,2020-03-18T11:54:50Z,2,
SZpNe53WFEc,UgxRdTpfzXXtrdIeSs94AaABAg,understand reactive responses seemingly unknown enemy except china thing aggressive need shut entire country flu sets bad precedent future biological weapons enemy sees effected become badly affects economy people give freedom safety deserve neither,@mightyORFEN,2020-03-18T11:48:58Z,1,
SZpNe53WFEc,UgwhGyusZmLDFds0Gzd4AaABAg,god bless everyone many people hurt virus thanks fox democrats republicans president trump coming together defeat enemy world,@heithwatkins,2020-03-18T11:33:04Z,12,
SZpNe53WFEc,UgwhGyusZmLDFds0Gzd4AaABAg.96LPV36YVHD96QNAxgyv3e,debra charles thats ridiculous,@scidso456,2020-03-20T09:49:02Z,2,UgwhGyusZmLDFds0Gzd4AaABAg
SZpNe53WFEc,Ugw41Zz0PadVYxhmOIJ4AaABAg,incredible responce walking blind right without testing stopped china travel sat hands saying great idea stopping china monthinstead testing man stupid think already massive spread kids hate dont trust trump,@cjp1599,2020-03-18T11:16:51Z,1,
SZpNe53WFEc,UgyjnQi4gaPQaf2KAt54AaABAg,weeks president treated coronavirus like candyman wouldnt even say name finally said people lied severe issue instead president used airtime stroke ego response efforts little often boasted team lied vaccine way soon despite scientists noting year year half away hit everything came crashing literally conference call governors across country told comes securing respirators ventilators equipment aid infected theyre bravo,@plainsman,2020-03-17T22:23:11Z,0,
SZpNe53WFEc,UgyG9vkVM930kIWkFpR4AaABAg,whats mortality rate elderly yo,@tvolonak555,2020-03-17T21:41:43Z,0,
SZpNe53WFEc,UgxjnDEVgXfl5w1n_Bh4AaABAg,cannot blame one specific person medical supplies machines like ventilators hospitals much room specific types medical equipments done medical supplyequipment done likely sent third world countries recycled back issue occurs,@fredrickmason2583,2020-03-17T20:20:02Z,0,
SZpNe53WFEc,UgwVX-Wi1b3AZas0-v14AaABAg,thinks trumps response good lol trump started taking crisis seriously little late maybe didnt downplay call hoax waste weeks anything maybe would control,@TheBestMovieAlive,2020-03-17T20:02:46Z,0,
SZpNe53WFEc,UgzP2uvEd81ECoiwZIl4AaABAg,speaking socialism lets hand checks everybody,@DC-cj9se,2020-03-17T17:56:14Z,0,
SZpNe53WFEc,Ugy1u4n4RpSW1wfQTW94AaABAg,southern boarder still open close boarder,@kevinwells4591,2020-03-17T17:22:31Z,0,
SZpNe53WFEc,Ugyc5nA3UhRDKMLnVK94AaABAg,theres lot low iq people forum theres arguing really distressing see theres still fox news faithful still buying covid democratic hoax oust trump theory know theres lot dumb people seriously people cream crop lol karma hope first ones gonatural selectiongods way weeding ignorant fools world,@jfelano730000,2020-03-17T16:34:19Z,0,
9LBUutWsfBc,UgyaPwBY9sNLa9E3FiB4AaABAg,travel simple ppl stay healthy stay alive stay home city would anyone take chance chance spreading neighbors family friends upon returning theres legitimate reason travel right facetime skype,@natalyasturn,2020-03-10T09:51:56Z,0,
9LBUutWsfBc,UgwXuJS0v0g1yhbnCY14AaABAg,scared coronavirus ill wait til dies go places worldi hope pray find cure,@gothicdragonwarriorqueen5819,2020-03-10T01:41:49Z,0,
9LBUutWsfBc,UgyVMHXfEVKiKZD0fVZ4AaABAg,let know get wipes since longer anywhere area purchaseunrealstop madness,@conncann7150,2020-03-10T00:58:10Z,0,
9LBUutWsfBc,UgyW99IGjC_Iskbg2vR4AaABAg,stopped watching liberal media overcoverage heard week ago turn fox news cover coronavirus media one,@je5485,2020-03-09T23:45:58Z,0,
9LBUutWsfBc,UgyKuS0BQWRV0xSaLoV4AaABAg,republicons ruining usa blue wave vote republicons elections levels ballot,@peteedwards369,2020-03-09T22:28:37Z,1,
9LBUutWsfBc,Ugyhpa1JTfYqXfssilR4AaABAg,many americans go bankrupt couldnt afford private health insurance go hospital coronavirus great choice die bankrupt family medical care successful oneparty system disguised two party system giving people illusion decide two party system serves wealthy corporations medicare bernie,@Supper-zero,2020-03-09T21:54:23Z,1,
9LBUutWsfBc,Ugxe0DpjHmXVhvRVp714AaABAg,trump modern day nero nero played fiddle rome burned trump plays golf tweets economy collapses coronavirus spreads,@peteedwards369,2020-03-09T21:52:57Z,2,
9LBUutWsfBc,Ugxe0DpjHmXVhvRVp714AaABAg.96-LHPTf0fc962v1fddUNn,pete edwards oh please guess u gotta blame trump sick u r dumbo u complane bommer playing golf expensive vacation get life peter trump,@bettygoodwin3685,2020-03-11T07:11:50Z,0,Ugxe0DpjHmXVhvRVp714AaABAg
9LBUutWsfBc,Ugxe0DpjHmXVhvRVp714AaABAg.96-LHPTf0fc964AczQuvCS,betty goodwin loser trump totally tanking booming economy inherited obama like bankruptcies many failed businesses trump slump,@peteedwards369,2020-03-11T18:56:07Z,0,Ugxe0DpjHmXVhvRVp714AaABAg
9LBUutWsfBc,Ugxe0DpjHmXVhvRVp714AaABAg.96-LHPTf0fc964EtbwAT85,john milton excellent points mr milton criminal trump never ever match historic achievements approval rating barack h obama,@peteedwards369,2020-03-11T19:33:20Z,0,Ugxe0DpjHmXVhvRVp714AaABAg
9LBUutWsfBc,UgyQVNMeCgmrMYTcRmZ4AaABAg,let msm make big deal helping us decouple chinese economy wake ya bunch fools media working favour,@blumie006,2020-03-09T21:27:22Z,1,
9LBUutWsfBc,UgyQVNMeCgmrMYTcRmZ4AaABAg.96-IM3oONiU96-S7Ix9uCH,yeah virus hoax right trumpty said get shake hands,@annemarieandrews3522,2020-03-09T22:52:44Z,0,UgyQVNMeCgmrMYTcRmZ4AaABAg
9LBUutWsfBc,UgwSub7rxZGLBDThl5B4AaABAg,dont holiday seas u wanna keep life,@blumie006,2020-03-09T21:24:06Z,0,
9LBUutWsfBc,Ugx6NyqSRt94QDDZvvR4AaABAg,music brutal way help people stay calm,@daveshore8671,2020-03-09T21:01:35Z,0,
9LBUutWsfBc,Ugxhj7IQz-pq5uXdteh4AaABAg,think telling media pushing flu vaccine yet us alone still people died flu thats vaccine news reported flu like would pandemonium wash hands dont touch stuff much clueing youre face underlying compromised immune system youre elderly person youre risk take proper precautions would flu,@Dandoright82,2020-03-09T19:49:15Z,1,
9LBUutWsfBc,Ugxhj7IQz-pq5uXdteh4AaABAg.96-77O2KLN996-TuH6nWpS,thats right ignore hoax,@annemarieandrews3522,2020-03-09T23:08:18Z,0,Ugxhj7IQz-pq5uXdteh4AaABAg
9LBUutWsfBc,Ugxhj7IQz-pq5uXdteh4AaABAg.96-77O2KLN996-U6FHWSNr,annemarie andrews said ignoring ya moron im making fact exaggerated different flu look numbers,@Dandoright82,2020-03-09T23:10:04Z,0,Ugxhj7IQz-pq5uXdteh4AaABAg
9LBUutWsfBc,UgxWVo8rquVepsMr8md4AaABAg,people died flu last year people didnt hype like fear mongering crash economy blame president hmmm scripted pathetic,@mitchellgolston2726,2020-03-09T19:43:58Z,1,
9LBUutWsfBc,UgxWVo8rquVepsMr8md4AaABAg.96-6Wj46kYD96-7v-S65x0,americans million people worldwide died hn suspect current virus might pathetic turns true,@Kerkopes,2020-03-09T19:56:10Z,0,UgxWVo8rquVepsMr8md4AaABAg
9LBUutWsfBc,Ugzwz186br3HohADteV4AaABAg,stay away trump rallies trumpfollowers think virus hoax probably havent washed hands days,@Kerkopes,2020-03-09T19:42:56Z,2,
9LBUutWsfBc,UgzsYXtdcyKcFZ8r7PF4AaABAg,trump eliminated pandemic response team obama started cut cdc spending crying dont make political well f u,@surfk9836,2020-03-09T19:41:15Z,2,
9LBUutWsfBc,UgzcoEydt__7gPXF0Ul4AaABAg,trump showered praise took credit stock market rising fallen weeks peep crickets tumble weed parting whitehouse predicted months end would fall revised end week fall mid year like goodbye k love trump hail hero,@lemmepaul,2020-03-09T19:36:39Z,2,
9LBUutWsfBc,UgzcoEydt__7gPXF0Ul4AaABAg.96-5g5QU8ds96-9tVDwszj,marxist millennials hey smart arse guess trump weekend white house strategical health professionals leaders business community leaders etcno whilst rome burning nero laughing glee corona virus spreading thru america trump playing golf mari largo fit president,@lemmepaul,2020-03-09T20:13:26Z,1,UgzcoEydt__7gPXF0Ul4AaABAg
9LBUutWsfBc,Ugxt_A1HVC7mj23zdmF4AaABAg,want lime corona virus need get scurvy time la nina house rep,@batmanwayne6470,2020-03-09T19:31:47Z,0,
9LBUutWsfBc,UgytxoUuM69CkX1tzJx4AaABAg,need know dont travel jackass global stock market crashing,@MaggiesNight,2020-03-09T19:30:28Z,4,
xtW8F1Y3mAw,UgyFocLHcw5CRfxH_xB4AaABAg,covid infections treated immunoglobulin therapy avoid suffering symptoms dependent ventilators recovery available world leaders socialites tested positive abundance caution,@P4VLOVA-n2t,2020-03-31T20:07:14Z,0,
xtW8F1Y3mAw,Ugx57b0S_Qv5LqCp0Rd4AaABAg,real news thank,@MRA355,2020-03-30T22:56:20Z,0,
xtW8F1Y3mAw,Ugwd7TUms_huoC0qH5Z4AaABAg,live morgantown wv large drug manufacturing company called mylan pharmaceuticals rolling drug week says told crank production good thing,@nathane9289,2020-03-30T11:21:22Z,0,
xtW8F1Y3mAw,Ugzb8ZUDOVdolmx5H8J4AaABAg,tell government put back work people business sad straggling financial kid getting worst sick thn virus stores getting stock control supplies want died took everything hard work long time thats government want see wish tht people world want die straggling financial get worst stress pay everything tht wanted u tell government washington trump,@sangrehlaluna9859,2020-03-30T02:55:13Z,0,
xtW8F1Y3mAw,Ugy6h3j0GoTF5Mw0ZXV4AaABAg,trump announcing would say hit drop mic play god bless usa im proud american least know im free wont forget ones died give right ill gladly stand next defend still today cause aint doubt love land god bless usa,@semperparatus3685,2020-03-30T01:16:14Z,0,
xtW8F1Y3mAw,UgzgT2WxJ9t4QsFYvLV4AaABAg,love hear good news yeah,@emmaphantv-foodhomegardenb8431,2020-03-29T21:29:21Z,0,
xtW8F1Y3mAw,UgwwUT4ckDTPr1AHsal4AaABAg,scientist need many days world dying,@rajmd5715,2020-03-29T19:27:15Z,0,
xtW8F1Y3mAw,Ugy-WmXQVGx0Fe2QHs54AaABAg,whats sad people auto immune disease haveneed meds years cut,@cryptobunny2506,2020-03-29T19:02:03Z,0,
xtW8F1Y3mAw,Ugzdma6Hfm1lNJjr9Ut4AaABAg,imagine theranos still business,@chocolatefaerie,2020-03-29T17:19:04Z,0,
xtW8F1Y3mAw,UgztRIJ8KERTJ2LAWJZ4AaABAg,give thm hydrchloroquine zpac works,@jonfoss2768,2020-03-29T17:08:06Z,0,
xtW8F1Y3mAw,Ugww5sIuPTHjgMcjz4N4AaABAg,trump trying get hour test kids korea test kits dont rapid tests great produced includes little computers used process test processes one time,@frannanderson4165,2020-03-29T16:41:42Z,0,
xtW8F1Y3mAw,UgxDRdjZ_P_dFErfqyV4AaABAg,send tests germany fellow citizen hate usa stands freedom constitution especially nd amendment power take problems headon potus family governed bunch idiots knowing nothing talking trash,@Manassasjunction,2020-03-29T14:05:00Z,0,
xtW8F1Y3mAw,UgxcWNER4bXrFpQteFR4AaABAg,really need testing antibody know many people actually got know actual mortality rate,@mikejoyce9235,2020-03-29T13:14:46Z,0,
xtW8F1Y3mAw,UgyfJOnIzGgg09b5JDV4AaABAg,praying god cure,@s.a.mpelican,2020-03-29T13:07:24Z,0,
xtW8F1Y3mAw,UgzDthgfTz7KhcSGaC14AaABAg,positive result five minutes negative one fifteen minutes think logic problem,@chesshooligan1282,2020-03-29T12:32:55Z,0,
WYlwQeE06og,Ugy06qg145LbaOUvLE94AaABAg,hmmm didnt tell sucker carlson still asking questions effective name written f thats isnt im asking questions,@h.g.buddne,2021-04-19T16:08:43Z,0,
WYlwQeE06og,UgyJ2bwf2_deqwVPT6N4AaABAg,alarm headed toward society offer unlimited access veins exchange permission live normal life,@dansmith7698,2020-12-14T00:28:04Z,0,
WYlwQeE06og,Ugy7xy2ITFNJhLBcR_R4AaABAg,covid fake,@kyleg8230,2020-12-10T12:05:08Z,0,
WYlwQeE06og,Ugz8hi6lfQp9DHqLc914AaABAg.9GQbI8Qjf209MXRyt0vFgD,well least know vaccine works know safe take,@bennettcarlson3974,2021-04-24T20:07:56Z,0,Ugz8hi6lfQp9DHqLc914AaABAg
WYlwQeE06og,UgyGVyrUx9umpESUYhR4AaABAg,mom excited vaccine ill let yall know happens,@Vss7788,2020-11-22T04:49:09Z,0,
WYlwQeE06og,UgxFBFhiCSHb8gJV2iF4AaABAg,didnt ask elaborate mrna technology,@donaldk4867,2020-11-22T02:16:27Z,1,
WYlwQeE06og,Ugze_yfjStYb30J0T1J4AaABAg,pop control happening right,@eagleone5456,2020-11-21T03:49:37Z,0,
WYlwQeE06og,UgzB6SK-c19hLnX1QmF4AaABAg,real talk trumpers dont believe covid real definitely get back line dont wear mask sure shouldnt get vaccine mean would crazy heard immunity say jobs guns merica x fast goes away,@gordoboy18,2020-11-20T23:41:48Z,0,
WYlwQeE06og,Ugyq2ugL1RzMDZGT5694AaABAg,would fair withdraw health insurance covid turn vaccine maybe could required wear warning refused vaccination know get close,@jakemoseley1811,2020-11-20T14:18:45Z,0,
WYlwQeE06og,UgzOTnl9JxE82ma9l9B4AaABAg,thomas mcinerney interview job fox news hammer scorecard software,@blackhawkreviewtv4015,2020-11-19T04:24:59Z,0,
WYlwQeE06og,UgyBQw0VhdLAxAIj1cB4AaABAg,ill take survival rate age group barely tested highly rushed vaccine thanks,@Caleb-qr6lo,2020-11-19T04:11:51Z,0,
WYlwQeE06og,Ugz4mvlc9NhRIfBHx-54AaABAg,best strategy giving vaccine people wear masks first reduce spread community people wearing masks last,@ddn488,2020-11-18T01:39:27Z,0,
WYlwQeE06og,UgzcjJYfcaqn7iHH1kN4AaABAg,trumps tax payer paid covid bill mum dad friends neighbours trump paid tax last year work hard pay tax pay tax cheats covid bill us covid taiwan x new zealand x china x,@djpomare,2020-11-17T19:51:33Z,0,
WYlwQeE06og,UgwwE12geixk1zPdmjZ4AaABAg,point plan social distance wash hands wear mask new zealand followed leader jacinda like sheep deaths covid free herd immunity nothing us followed expresident donald like sheep dying droves dominated americans,@djpomare,2020-11-17T19:51:20Z,0,
Z5cG6m0fYXY,UgwFE9rdF2b2hlvhsSp4AaABAg,peter navarro poison pill didnt think anyone could tank market faster trump peter gets brass ring seems obvious peters mentoring trump made trump even destructive even republican congress house senate refused suicidal infrastructure plan talks trump covid rally stock futures go south hard trump hire honest people covid briefing back massive lies stupidity people forced lie teeth treason driving required medical equipment costs trump wants float infrastructure deal one republican house republican senate said gives another trillion dollar tax break justified defunct trickle theory treason tell us broken equipment replaced stockpile equipment never fixed emergency medical equipment sold foreign governments money used stop immigration build wall private citizens getting medical equipment us emergency medical equipment stockpile,@D.E.X,2020-04-02T22:42:16Z,0,
Z5cG6m0fYXY,UgxCgPJD2wWkqWDNigR4AaABAg,trade manufacturing least worries come federal government vaccine coronavirus stand sidebyside knowing age range destroyed coronavirus makes think doesnt cure theyre sharing think theyre going wait till three quarters population totally gone united states planet put vaccine congress house representatives senate parties rome druther see entire united states go flames let someone fire president every right fire without question president picking younger members take senate rome congress rome house representatives rome theres point keeping united states safe theyre saying interrupting private businesses shouldnt businesses united states america shouldnt charities anyone government gives members government money would matter opinion compromising jobs pets double jeopardy people,@michaelspeakman8924,2020-04-02T02:24:45Z,0,
Z5cG6m0fYXY,Ugx64F2LDG2ao8CO0S54AaABAg,guys rejected foreign testing kits americans dying today result,@stuartclough915,2020-03-27T06:58:43Z,0,
Z5cG6m0fYXY,UgzNzMvjlK0deL1aHsB4AaABAg,sue china ought held accountable starting epidemic negligentlyirresponsibly allowing contraband animal meat sold openly helping spread lax initial clampdown allowing huge numbers escape wuhanwhy international law hague war crimes china thumbing nose world consequence killing thousands innocents ultimately paying trillions debt us undoubtedly take misadventures market china weve closed animal market wuhan little late,@JohnSmith-hj4mi,2020-03-27T04:13:40Z,0,
Z5cG6m0fYXY,UgwOhtVY04hRRZSOu5F4AaABAg,covid world series league update china still top eith cases italy nd place surge yesterday rd place usa caseadding yesterdays tally uk seems medal pkacing together spain germany iran,@TheProBush,2020-03-23T23:48:12Z,0,
Z5cG6m0fYXY,Ugyh5uB0mskqhE_KrUd4AaABAg,trump chinese products resortswhat america first,@robertdahse4569,2020-03-23T12:41:52Z,0,
Z5cG6m0fYXY,Ugw0cI2dPYyMciqRu-54AaABAg,regrettably sensible option let disease run course stop distancing virus reassert able afford reproduce current efforts observe cuba responding theyre handling optimally build herd immunity pray serenity prayer move,@mongoharry,2020-03-23T03:57:04Z,1,
Z5cG6m0fYXY,UgyVSJRxtDh60yElQCB4AaABAg,everyday spread lies known liar return home,@ColossalSquiid,2020-03-23T03:13:08Z,0,
Z5cG6m0fYXY,UgyTUe5OfDlppmVk8LJ4AaABAg,trump peter n whoever charge make us top covid world series league table make us proud americansand white,@TheProBush,2020-03-23T00:51:45Z,0,
Z5cG6m0fYXY,Ugw2l9k8RnH_nhrxUot4AaABAg,hes got sure look someone get orange juice something,@innismor11,2020-03-23T00:30:58Z,1,
Z5cG6m0fYXY,Ugy2GQztIx1Dm5r48zB4AaABAg,peter navarro man trump found facebook,@Markinfilm,2020-03-22T23:06:09Z,0,
Z5cG6m0fYXY,Ugw_Kpj52OV8Xb7YNrJ4AaABAg,buy american sell american,@Rome.Monroe,2020-03-22T21:08:04Z,0,
Z5cG6m0fYXY,UgxAY0MxdyosPnmc5pJ4AaABAg,doesnt take rocket scientist realize america remains lockdown days collapse economy far worse virus ever could,@whsanford,2020-03-22T19:18:37Z,0,
Z5cG6m0fYXY,UgwdsJJhsevelLtC71F4AaABAg,cant speak every state florida shelves restocked soup ramen noodles rice pasta finding little household items either soaps toilet paper shampoo toothpaste rubbing alcohol peroxide cant even make purchases internet also noticed stores even items unrelated crisisi know people ran stores started government assured us would restocking items asap dont believe one second brands everything really seeing reprograming masses accept rationing companies ran stock fast would business watching screenplay powers already written ending dont fooled people,@lisasaunders4835,2020-03-22T18:05:36Z,0,
felnRnj_zZ8,UgxnbeapUcN-M2uHOw54AaABAg,really sue china,@Xbox360k1d,2020-05-11T09:41:24Z,0,
felnRnj_zZ8,Ugw3Lj5T-3idAlJZHQt4AaABAg,rampant consumerism putting americans trillions comsumer debt going create another great recession eventually think people ease spending outside means,@samalexander3629,2020-05-06T16:42:08Z,0,
felnRnj_zZ8,UgzHgWv2ypD7h0Yil5J4AaABAg,surely news outlets sides became entertainment,@vigenanastasiev6251,2020-05-06T15:26:46Z,0,
felnRnj_zZ8,UgxiqzkCnQLuifKuIH14AaABAg,legal immunity like one vaccine right coming fox u drugs,@vigenanastasiev6251,2020-05-06T15:23:46Z,0,
felnRnj_zZ8,UgwP63kM65Nn-wIYQRZ4AaABAg,largest classaction coronavirus lawsuit trump killed john prine many others nonresponse inability handle real national crisis,@daisyq3418,2020-05-06T00:48:10Z,0,
felnRnj_zZ8,Ugyjd8EcJrDJ9kGkevV4AaABAg,im watching juan williams today jaundice appearing may gall bladder pancrease problem needs us minimum ct scan abdomen,@WaterMan-ss6eb,2020-05-04T21:15:55Z,0,
felnRnj_zZ8,UgxCO1kZni077cX_6MB4AaABAg,epoch times commercials,@samsngdevice,2020-05-04T06:33:20Z,0,
felnRnj_zZ8,UgwNcNVY2GYhv13zH1h4AaABAg,comedy right,@limbsjones,2020-05-04T05:37:58Z,0,
felnRnj_zZ8,Ugz4RT9GLPUIFqDB3ep4AaABAg,president executive order credit card company land lords mortgage company gyms every company bills monthly needs put three months back end ridiculous say stay home accumulate months worth bills youre working wouldnt strip clubs able get compensated forced close opened worms forcing us close understand flatten curve enough enough people losing everything doesnt go far cant keep printing money dont,@littledancingfawn,2020-05-03T19:35:49Z,0,
felnRnj_zZ8,UgyGB53R-PNpZLjDkap4AaABAg,sue governors legislative committee dont sue businesses unless negligence people got wrong governors ones forcing people businesses companies,@BillyAngelz,2020-05-03T15:16:18Z,0,
felnRnj_zZ8,UgyGccqo_HX2-CWmPWN4AaABAg,greg much common sense humor congratulations greg gutfeld shows ratings hope hit mark weekend,@jaloiscox8108,2020-05-03T12:50:53Z,0,
felnRnj_zZ8,Ugxi1lbo4vby9WDFlml4AaABAg,osha thing anymore swear like people forget already protections place,@ranickhaan,2020-05-03T12:07:12Z,0,
felnRnj_zZ8,UgxukI0EhJV_CiICQ1N4AaABAg,release us lockdown get sick sue dont deny us opportunity,@ciaojeffitalia,2020-05-03T06:46:28Z,0,
felnRnj_zZ8,UgwLo2otIoe_AjmpcGR4AaABAg,way british handle type situation act indemnity,@johnculley5852,2020-05-03T05:21:50Z,0,
felnRnj_zZ8,UgwgWwGMql8-idXhqgV4AaABAg,lawsuits jackass government shutting country businesses idiots government shuting whole country scam suits would nothing really wish strong group people would go dc overthrow idiots need good revolution take liberal holes put bullet heads none would die anyway since nothing pin heads,@damo2142,2020-05-03T04:51:14Z,0,
felnRnj_zZ8,UgyiakO-cPVq0m17Ys54AaABAg,new york times report americans died flu last winter flu season shut country top news story,@KindnessIsNotNaivety,2020-05-03T04:39:44Z,0,
felnRnj_zZ8,UgxElUE7I8JjJxUNaDV4AaABAg,remember yellow pages lawyer portion took thick book anyone thinks law suits arent going go roof ive got bridge sell yes strippers important doctors provide therapy anyone thinks plandemic based reality enjoying daily doses kool aid cure,@garywheeler60,2020-05-03T02:09:32Z,0,
T3mVLmebO3M,UgyHr13Og1tPwlilXqx4AaABAg,shut dumdass go play abortions safe people,@matthewfreeland5957,2020-04-15T10:24:13Z,0,
T3mVLmebO3M,Ugy3SVE0CtbT6rnosBV4AaABAg,ahh chuckie baby loves ya dont go stare mirror well see cries uncle first,@timothyflaherty5150,2020-03-27T08:37:15Z,0,
T3mVLmebO3M,UgyzEaARCV7ZkCnZLfh4AaABAg,guy evil cant ever trusted,@JDG-001,2020-03-20T17:50:50Z,0,
T3mVLmebO3M,UgxSyqGZHtVhskkuQGp4AaABAg,schumeryoure putz,@kristielynn6253,2020-03-18T15:04:59Z,0,
T3mVLmebO3M,UgxO73kQQ0c7UQtesyB4AaABAg,dems never let good crisis go unused one truth exited mouth guys tried slip abortion line coronavirirus bill house,@prometheus5700,2020-03-15T17:47:04Z,0,
T3mVLmebO3M,UgwV8R_PFuhw4Y3pH4R4AaABAg,soooo back dec president trump acting virus positive measures address problem travel bans appointing teams stay vigilant protect country meanwhile dishonest democrats wasting money huge amounts effort failed political impeachment campaign even dems main media campaign get behind trump administration help fight crisis shame democrats politicizing virus,@GDPops,2020-03-15T11:27:10Z,0,
T3mVLmebO3M,UgyHXJG1cUilU4jsauJ4AaABAg,schumer impeached threatening judges,@brucekent927,2020-03-13T17:41:33Z,0,
T3mVLmebO3M,UgyuM22NXqsVVmb2O754AaABAg,cps need called school kids arent getting food home ther excuse,@mikevenson7818,2020-03-13T16:22:42Z,0,
T3mVLmebO3M,UgyXXw1AkNe5RlWJY7J4AaABAg,taking lead anything really lies wont stop sad give us wages god people realize much money would,@lesliehale1825,2020-03-13T06:19:18Z,0,
T3mVLmebO3M,UgwgRcRKTZD2X5F523V4AaABAg,lies trumps going social securityron wyden people oregon sick kate brown sold us leave retirements social security alonewe need vote oregon looks like california,@lesliehale1825,2020-03-13T06:11:43Z,0,
T3mVLmebO3M,UgzkA9M7xH-E4pXYQbx4AaABAg,jail stripped duties one us threatened supreme court justice would thrown jail make want puke chuck one care chuck schumer piece human dung,@robshipley7543,2020-03-13T01:56:29Z,0,
T3mVLmebO3M,UgybazUsffy75cA8pHV4AaABAg,keep expecting blonde say dare,@toadallytrish1377,2020-03-12T23:39:05Z,0,
T3mVLmebO3M,Ugy9F7j37ng1AS2r96h4AaABAg,dont help jobs one job bailout banks learned lesson give everybody money learned lesson think pres keep spurs say better saw watch people concern evident interested agendas,@InMyField,2020-03-12T21:01:19Z,0,
T3mVLmebO3M,UgwXrSU2v05V8Z3Qhg14AaABAg,hear word trump said,@andreawilliams2386,2020-03-12T20:48:23Z,0,
ArFQdvF8vDE,Ugz4sT0wgIydG-dL2g94AaABAg,searched jarona,@Sonarrrz,2026-08-16T08:07:46Z,1,
ArFQdvF8vDE,UgwmjRGliv4EgWyIixB4AaABAg,told got covid hardly breath told stay back feet im one,@Zippy-Craft,2026-07-26T15:27:45Z,0,
ArFQdvF8vDE,UgxfljvPijVhv7HlBL94AaABAg,youtube definitely knows recommending right hantavirus wiped people cruise ship,@lisspeedrun,2026-05-14T14:12:22Z,0,
ArFQdvF8vDE,Ugz7d_goc4LVk1rPK2x4AaABAg,looking forward hantavirus sequel,@MikeJackson690,2026-05-07T22:14:34Z,1,
ArFQdvF8vDE,Ugz7d_goc4LVk1rPK2x4AaABAg.AWWxKT10NWyAX6bbLHicHK,ebola part three coming soon trailers already think,@KingCobra48040,2026-05-22T13:15:55Z,0,Ugz7d_goc4LVk1rPK2x4AaABAg
mmSJQul260g,Ugw1HZ60cPYPKzCWIEd4AaABAg,checking rooftop solar system good time make judgements heard hope able repair,@MarieBaker-lp7sr,2023-10-07T10:12:20Z,0,
mmSJQul260g,UgyoI1i1LJDPUj0WlkJ4AaABAg,im everyones personal time machine doin,@thisissupposed,2020-10-13T05:24:03Z,1,
mmSJQul260g,UgxBcOmJagfxsQkvEZN4AaABAg,dr tedors leadership finally reaching pandemic organisation could make announcement much earlier thank,@lavoxii,2020-03-16T11:12:56Z,0,
mmSJQul260g,UgyGLkTqGcD6osQCxcR4AaABAg,doctor opens mouth realize part new world order dr farci may good man came contact donald trump within days man really contradictory words bullshamerica,@hadassahisrael2833,2020-03-16T06:44:46Z,0,
mmSJQul260g,UgzuaEzL6IQ0l0U2VZJ4AaABAg,leader said one tear defeat china one match strength china proven destroyed china carelessness strange habits chinese people,@STAMPEDEA,2020-03-15T08:03:38Z,0,
mmSJQul260g,Ugxf8JnJR8jjfEErqxZ4AaABAg,animal organic like people people grow old get sickly way animals get old get sick body grows old get sick many decease happen sickly decease body chop blood stain hand accidently lick fingers thats people gets virus dont believed trying cutting sickly old decease animal people people cant tell animals sickly untill later start show sign,@kimlee3982,2020-03-15T06:10:31Z,0,
mmSJQul260g,Ugx_evKrkP5Fi9lVQSB4AaABAg,one senior us official american whos closely following thing guarantee nothing senior official senior official outbreak caused lose remaining faith countrys officials dont trust anymore trust cant regained rest life doubt supposed knowledge capacities,@user-ku1np8bs8n,2020-03-14T13:20:16Z,0,
mmSJQul260g,UgxQqx-v2HONLkb_sLV4AaABAg,well well could also laugh bit irony healthy httpsyoutubeyugeyhbxoy,@robertqfrank8848,2020-03-14T11:51:27Z,0,
mmSJQul260g,UgxZphOplAhnMTCnvix4AaABAg,look massive ocean dont give try whenever feeling hot feeling symptoms bath drink also take foolish advice know makes sense try early morning around four oclock supposed run home makes sense home like oven make sure say prayer enter asking god cleanse sickness running home vaccine answer way control us,@vybz_c_a_r_t_i_e_r_1,2020-03-14T04:57:16Z,0,
mmSJQul260g,Ugzf79iZ52SyzaxWqCV4AaABAg,god says surah al imran verses possible one die except permission allah decree determined whoever desires reward world give thereof whoever desires reward hereafter give thereof reward grateful,@pardesimoin,2020-03-14T04:36:56Z,0,
mmSJQul260g,Ugz9PpixCmgBN4hYFMt4AaABAg,italy wasnt prepared usa prepared south korea become prepare need test lot people quarantine everyone,@nairdah2c800,2020-03-14T04:07:56Z,0,
mmSJQul260g,UgzPanffGJSmTEkbK294AaABAg,praying everyone,@toxickayleevaughn4901,2020-03-14T01:15:51Z,1,
mmSJQul260g,UgyGZcpbpE5lrgez_Q94AaABAg,italians teach barbaric united kingdom life important elderly people must right space hospitals quarantine measures today man years old cured italy hope civilization human kind race eldely people citizens built country vulnerable italy stands protect teaching future generations replaceable bolts machine point ready grind boris j thinks churchill great man asked tears blood surrenter evil protect values beloved ones keep parents alive keep football matches open pubs hair dressers mostruosity mad political party httpstorinocorriereitcronaca_marzo_coronavirusguaritouomoannifeadaccfe_previewshtmlreasonunauthenticatedcatcidieqcspidsfrcreditsoriginhttpsafftorinocorriereitfcronacaf_marzo_fcoronavirusguaritouomoannifeadaccfeshtml,@ci7280,2020-03-13T23:41:35Z,0,
mmSJQul260g,Ugw8mnvOrg9BGKIZhMl4AaABAg,wuhan flu virus epidemic exposed country china completely corruption bureaucracy information control censorship communism working many instances journalists activists told truth arrested vanished httpswwwgatestoneinstituteorgchinacoronavirusliesfbclidiwardj_gzv_knrylviconyhbxinyhrutovchblkshvtahhfhaoxcmubi,@VanScheurich-hb4td,2020-03-13T23:25:35Z,0,
mmSJQul260g,UgzmCUww8Sk8_D57tmJ4AaABAg,globalists plot scheme run simulations get rid excess humans facts httpswwwcryptogoncomp wake sheeple,@regreg8318,2020-03-13T22:53:05Z,0,
jW1n-rq5GBk,Ugxt_y7ZM3n1f9dZQ754AaABAg,finally scam,@zubyr2474,2026-08-10T19:20:48Z,0,
jW1n-rq5GBk,Ugyu7ICxCMDx2eTxRzN4AaABAg,virus made fauci china pushed governments knowing deadly lock downs loosing jobs purpose control money bragging another one dont comply nuts,@rayvac7743,2023-08-23T15:57:11Z,0,
jW1n-rq5GBk,Ugzuy3PlVLSwWO3qlrp4AaABAg,cough instantly freaked turns shout much,@emilydavis2695,2022-07-01T17:16:03Z,1,
jW1n-rq5GBk,UgwWBA9Cjx3Nt8u87_N4AaABAg,personcough meshit gonna die,@parisan9985,2022-04-09T14:11:17Z,0,
jW1n-rq5GBk,UgwwlcS3kA-xJlCDioN4AaABAg,common flu cold symptoms include stuffy nose runny nose vomiting loss smell loss taste loss appetite coughing sneezing body aches pains fever chills covid symptoms exact thing common cold common flu symptoms results go normal people eat healthy drink enough fluids like water drinks electrolytes maybe flat crackers chicken noodle soup one important staying home getting rest dont subjected blasphemy trickery less entire world population infected covid since,@American_Extremist,2022-03-05T09:19:12Z,0,
jW1n-rq5GBk,UgwwlcS3kA-xJlCDioN4AaABAg.9ZBO8-qEGFj9_PfqIjChSC,nahs website increased list symptoms listed years another added guess april april fools day,@robbomax1143,2022-04-04T19:03:26Z,0,UgwwlcS3kA-xJlCDioN4AaABAg
jW1n-rq5GBk,UgyQG884DZCP-RYHaEh4AaABAg,drink hot stuff flush virus away,@aydinaydinli4766,2022-01-20T18:16:00Z,0,
jW1n-rq5GBk,UgwybpI_JZrnmVrROCN4AaABAg,want appreciate dr osaba youtube making possible get cured sore throat using herbal medicine,@bigtaste8909,2022-01-16T08:37:01Z,0,
jW1n-rq5GBk,UgyoVK4q5-62_Mg0moh4AaABAg,symptoms yesterday coughing sooo much,@Essa-1908,2021-12-31T18:18:56Z,0,
jW1n-rq5GBk,UgwW8-aFcbQknDu4KBF4AaABAg,high temperature could indicate c f full fever temperature anything c f stay home period,@johnb6723,2021-12-10T23:04:51Z,0,
jW1n-rq5GBk,UgwfSiFiw2CKtgkeFsh4AaABAg,people used believe horse shit lol,@livefreeordie7209,2021-11-13T00:46:10Z,1,
jW1n-rq5GBk,Ugzxj4OU25G45mNa1J54AaABAg,flu remedies updated lack smell best nasal steam bath put tablespoons baking soda food grade bowl tablespoon salt boil garlic onions lemon peel minutes steam strong garlic scent pour everything bowl put head bowl towel head prevent steam escaping breath steam clear nasal passage regain sense smell baking soda antibacterial properties detox baking soda recipe alkaseltzer one third glass water quarter teaspoon baking soda food grade mix together put tablespoon pure lemon juice mix together drink empty stomach morning days sinsemilla tea another remedy making hot tea sinsemilla highly potent marijuana plant years back marijuana plant cured brown rum dried fresh better put handful sinsemilla pot water boil strain drink tea knock flu strain body next day flu gone years ago used remedy flu colds nasal salt water drops babies baby one year old nasal salt water drops clear mucous nostrils ancient remedy mix quarter teaspoon salt one tablespoon luke warm water cup mix together salt dissolves put one two drops nostril baby immediately sneeze mucous clear nose doctor also prescribe nasal salt water drops obtain local chemist may contain components necessary essential oil nasal steam another remedy steam essential oils separate water bath using lavender oil peppermint oil eucalyptus oil tea tree oil use boiling water bowl add drops essential oils put head bowl towel head prevent steam escaping breath steam clear nasal passage wearing face mask baking soda face body scrub yeast type fungus baking sodas positive effects fungal infections may also make effective treatment itchiness caused candidiasis overgrowth candida yeast skin face masks may cause face develop fungal infection put handful baking soda food grade face cloth wet warm water work baking soda cloth scrub face rinse thoroughly cold water may stinging sensation eventually subside advisable scrub everyday baking soda slightly abrasive,@betjar1,2021-10-03T23:43:04Z,0,
jW1n-rq5GBk,Ugxb71fI0TKI0_FQRgR4AaABAg,ive exposed public crowded groups people never got year later got vaccine,@CluckinBell-12,2021-09-02T21:36:25Z,0,
jW1n-rq5GBk,Ugx1gAn3FdvupmAaeY94AaABAg,must know new symptoms covid,@shraddhashukla830,2021-04-26T10:48:10Z,0,
jW1n-rq5GBk,UgwX0gDcRoKOw3dpH3N4AaABAg,ya sure cough everyone stayed home days,@jefffeudner408,2021-03-10T00:29:00Z,0,
jW1n-rq5GBk,UgxaaPYejE4swz0xaLJ4AaABAg,coughing hour straight,@Msgraciepacey,2021-01-13T00:51:39Z,0,
jW1n-rq5GBk,UgzMI3bYgzsaq1m174J4AaABAg,dont know laura foster stunning,@jamesbloomfield8038,2021-01-12T15:28:26Z,0,
jW1n-rq5GBk,UgzlMigTBVH2O8PeH_V4AaABAg,low grade fever enoughyou dont feel burning hot covid,@ka5269,2020-12-31T01:26:22Z,0,
jW1n-rq5GBk,Ugz3_WmpiaYHCW54bmF4AaABAg,keep dry throat waking sore throat,@itzCreamStew,2020-12-22T14:13:26Z,0,
jW1n-rq5GBk,UgxTgAm-qczTeTpZVtl4AaABAg,believed covid early march time lockdown weeks lockdown sick diarrhoea symptoms till day fever dry throat little bit breathing difficulty lucky fine took days make feel better sick hope people selfisolate like time government testing information staying home carried going family friends would cause lot problems currently virus hope get better soon stay safe virus worse thing affected,@joshkirby04,2020-12-21T18:22:29Z,3,
tSCWs85mye8,Ugz0fU8EoaCmFGfpHxV4AaABAg,bbc cover events disproportionately affect men like men boys forced fight die ukraine war goes show gender equality talk doesnt extend men women get lions share spotlight,@benjerryhaagendaz,2022-05-29T05:51:09Z,0,
tSCWs85mye8,Ugx7argU42M7sd9o07p4AaABAg,remember bbc actually said coronavirus disproportionately affects women unironically failing mention majority covid deaths men,@StrongertrainingUK,2021-03-10T07:59:40Z,0,
tSCWs85mye8,UgyASpAk_cTb-6Iw5DB4AaABAg,men lost jobs covid wamen affected,@ghostmanredpill9562,2020-12-26T18:16:27Z,4,
tSCWs85mye8,Ugys7gGLVjVYzGZwBQR4AaABAg,hi sorry dont mind sharing urgent sos request covid pandemic affected people world time unity solidarity needed times parts world suffering due ongoing oppression human rights south korea theres severe violation human rights resulted deaths two women covid im leaving comment hope support urgent situation stand united trying times httpsformsglehfrjxdfnmllkwvza,@jeneheng3400,2020-10-21T09:05:32Z,0,
tSCWs85mye8,UgyfRG4dkbLGl_y28ml4AaABAg,hello dr ihenyen great spell caster render services love spell binding spell bring back lost love even long time want lover marry pregnancy spell want stop divorce want divorce ceasing court cases good luck spell financial spell healing herbs lottery spell looking job promotion office voodoo etc youre interested email drihenyengmailcom whatsaap,@ihenyengodstime1227,2020-08-25T21:56:33Z,0,
tSCWs85mye8,UgxC-KlpZXpES5t-6OB4AaABAg,women leaders ace corona test httpswwwyoutubecomwatchvsofuutsvbi,@mohamedothman3163,2020-08-23T10:55:06Z,0,
tSCWs85mye8,Ugw3n5xljJH5iV0JRCt4AaABAg,impact men everybody special one group,@738polarbear,2020-07-02T15:44:53Z,1,
tSCWs85mye8,UgwbMj-XTkuu2DO5nrx4AaABAg,thanks bbc,@goodluck1070,2020-06-29T16:28:08Z,1,
tSCWs85mye8,UgxWZCDAcfvSp_ZKD7R4AaABAg,abortion urgent surgery cant wait,@goodluck1070,2020-06-29T16:24:44Z,1,
tSCWs85mye8,Ugym2LOXXJ-peMASywR4AaABAg,million abortions year world states us abort baby birthnice,@evenightingale6865,2020-06-27T05:56:48Z,0,
tSCWs85mye8,UgySdRODaF557nGDPgB4AaABAg,murdering child essential healthcare,@SHIZZOOM,2020-06-26T16:18:06Z,0,
tSCWs85mye8,Ugynvc4ENoC73TNpmOl4AaABAg,one white european males,@Alan-Cummins,2020-06-25T19:49:52Z,6,
tSCWs85mye8,UgzpEKnx-eLqAAcabXp4AaABAg,thats insane abortions essential procedures health,@97meeses21,2020-06-25T19:28:10Z,1,
tSCWs85mye8,UgzpEKnx-eLqAAcabXp4AaABAg.9ALAZRWiZK89ALH7bL2hFW,halima umar isa whichis essential dont make enough money take care kid also think people get abortions like take birth control dont know abortions entail,@97meeses21,2020-06-25T20:25:32Z,0,UgzpEKnx-eLqAAcabXp4AaABAg
tSCWs85mye8,UgzpEKnx-eLqAAcabXp4AaABAg.9ALAZRWiZK89ALIqwsO1k1,halima umar isa abortion essential dont know country live government pays enough parents dont worry immense cost raising child live us classmates ate could school parents couldnt afford feed home schools giving breakfasts lunches bags parents pick cant afford feed kids get pregnant would serious risk postpartum depression regardless whether gave child adopted understand would get abortion personal beliefs please dont view everyone lense beliefs view everyone circumstances lot times way make good andor healthy life people decide get abortion,@97meeses21,2020-06-25T20:40:35Z,0,UgzpEKnx-eLqAAcabXp4AaABAg
tSCWs85mye8,UgzpEKnx-eLqAAcabXp4AaABAg.9ALAZRWiZK89ALLodw64XZ,halima umar isa im concerned way view people want abortions say people need get abortion medical risk get one totally agree im sure articles youve read people whove gotten abortions youve talked indicated dont want pregnant purely cosmetic reasons problem people want ive never heard people isnt business people want abortions business people try take away right people abortions also variety reasons people get abortions one mentioned pursuing education become pregnant become pregnant cant get abortions becomes much much harder start pursuing keep pursuing education cant pursue education results much lower paychecks becomes harder care child,@97meeses21,2020-06-25T21:06:30Z,0,UgzpEKnx-eLqAAcabXp4AaABAg
tSCWs85mye8,UgzpEKnx-eLqAAcabXp4AaABAg.9ALAZRWiZK89ALSETU-8sg,halima umar isa saying shouldnt sex like mean becoming pregnant giving birth responsible choice however like said sometimes responsible choice child getting abortion giving child adoption whichever someone chooses dont resources raise child dont support raise child dont want child therefore cant give child love support child needs grow healthy maybe responsible choice child person whos pregnant decide,@97meeses21,2020-06-25T22:02:35Z,1,UgzpEKnx-eLqAAcabXp4AaABAg
tSCWs85mye8,UgzpEKnx-eLqAAcabXp4AaABAg.9ALAZRWiZK89AM5_TVAlL9,halima umar isa differ opinions business dont take away choice someone else,@97meeses21,2020-06-26T04:03:51Z,0,UgzpEKnx-eLqAAcabXp4AaABAg
tSCWs85mye8,UgyndolR1qXSZPFEGFp4AaABAg,still say boyfriend trick lol well choice,@mccarraa,2020-06-25T18:44:00Z,1,
tSCWs85mye8,Ugy2HL8pJDIDMloJWSp4AaABAg,disgraced fake news corporation,@max-dk4se,2020-06-25T18:14:11Z,0,
tSCWs85mye8,UgxQwxws4AvlL0SWTT54AaABAg,women affected load rubbish whats happening feminist nonsense ignored favor real concerns,@kurtfranklin2680,2020-06-25T17:10:54Z,7,
zZ4BUc_64vs,Ugz-IK_8hEHOB3LcCbp4AaABAg,yes played us covid,@ubuntu72,2026-06-29T01:16:21Z,0,
zZ4BUc_64vs,UgxPUad1IF86jeYDl594AaABAg,chris morris dodgy claims coronavirus everywhere lists bunch information know true must feel like total ass typical media puke,@drsudz,2021-12-12T19:56:24Z,2,
zZ4BUc_64vs,UgxKW6Rz3UgBereSAj14AaABAg,fake quirky clip discrediting discredit scam swear bbc needs go literally north korean style state television class,@rattlin59,2020-10-10T17:02:23Z,0,
zZ4BUc_64vs,UgyiV07STWgOjjxsgrV4AaABAg,bullshit fake give allready srop putting us torture tou murdering raping torturing maniacs,@hyperharlee,2020-08-27T02:16:59Z,0,
zZ4BUc_64vs,UgxuaGuANopkJUwg8fV4AaABAg,whats people reason video debunk false claims conspiracy theories etc start trying spread fictitious claims,@fredatlas4396,2020-06-28T14:56:37Z,0,
zZ4BUc_64vs,Ugy1n4g8iC7Y0kPhkAZ4AaABAg,channel wlth information corona subscribe please httpsyoutubexclnhlqcq,@leylaaslan2118,2020-05-14T12:42:44Z,0,
zZ4BUc_64vs,UgwRffUI4p-6nJt7nvJ4AaABAg,fact man made could easily distinguish virus genetically manipulated mean studied experimented possibly released lab china fact know sure chinese experimenting corona viruses since secret,@canemcave,2020-05-12T18:22:14Z,0,
zZ4BUc_64vs,UgwbJS_DgEFOwThvDgt4AaABAg,bbc fake news,@peza6982,2020-05-09T00:39:37Z,0,
zZ4BUc_64vs,Ugz83vRRTRhdlpSGdxZ4AaABAg,salvinis social media manager spends days sharing fake news politics migrants topics buying bots raise likes double comments salvinis posts idiot busy selfies eating bread nutella instead parliament lets remember racist ignorant pig prime minister party one powerful italy disgrace che vergogna,@marcolovesinter97,2020-05-08T23:47:36Z,0,
zZ4BUc_64vs,Ugy7dkCqNgmTIyw79UV4AaABAg,im sorry salvini sadly theres one every family,@istolethemuffin3144,2020-05-08T10:37:03Z,0,
zZ4BUc_64vs,UgzyIn_9TOo4OmJ-JoR4AaABAg,trumpty dumbty started rumors hes lied repeatedly facebook twitter instagram yet theyve censored orangefaced liar tell whole story murdocks,@allenmillenium6207,2020-05-05T19:39:30Z,0,
ccbqTCazG3Y,UgxY9LcWXqfbmnSEJVF4AaABAg,years later information come almost time begin public executions lying media reporters actively worked getting everyone unalived,@dclxvi6521,2026-05-08T12:25:00Z,1,
ccbqTCazG3Y,UgyCvXeTnf1xJiZxROZ4AaABAg,bioterrorism criminal gao xia zhu 朱高俠 female originally cn sg maybe holding sg passport criminal knew adverse effects way cdc western intelligence office guys wanted bioterrorism make sure criminal zhu suffer internationally block accessing medical help hidden criminal sgs university,@kdo8208,2026-05-02T21:30:48Z,0,
ccbqTCazG3Y,Ugy39ExPXPlVuGLp8XJ4AaABAg,limits growth club rome mit,@lw1zfog,2023-04-11T09:43:18Z,0,
ccbqTCazG3Y,Ugz-lrudBPeJMDFmhJB4AaABAg,pull back g nd vaccines would safe lives gates wants dead,@user-go1px9kt1v,2021-05-18T10:40:28Z,0,
ccbqTCazG3Y,UgwKr0zyLyAShyWdT4B4AaABAg,theres going challenge test winter around earth stupid got jab going wish never took crap,@roycampbell3433,2021-04-14T10:31:26Z,0,
ccbqTCazG3Y,Ugy08su5Xsp166ZNmdl4AaABAg,human challenge trail human experiment,@dd7743,2021-02-20T19:22:24Z,1,
ccbqTCazG3Y,UgwugWngJO_SAZdE1Ix4AaABAg,havent challenge studies humans maybe something results challenge studies animals look,@PrototypeBeatLab,2021-02-08T13:03:11Z,0,
ccbqTCazG3Y,Ugxqc6vGtvVOQ9jOISZ4AaABAg,watch latest interview covid vaccine trial revealing truth httpswwwyoutubecomwatchvowjj_,@datamatrix5181,2020-11-24T14:39:30Z,0,
ccbqTCazG3Y,UgxqGA60xHoi9dlaBON4AaABAg,nobody wants poison vaccine guys arent going stop revelation pharmakeia deceived nations greek word pharmakeia get word pharmacy pharmaceuticals take vaccine god bless,@lynnseyward1,2020-09-01T10:16:48Z,1,
ccbqTCazG3Y,UgzYRZ44c2WTcTCCEeZ4AaABAg,king james version 國王詹姆斯版 啟示錄 這本書 出埃及記 這本書 約翰福音 收到你 聖靈 馬太福音 對於 每個那個 要求接受和 尋覓的人 而敲擊他的人 它 應打開 使徒行傳 聖靈 約翰福音 但 站在那裡 你們中間 你們認識誰 不 約翰福音 和 我不知道他 約翰福音 你是國王 的 以色列 啟示錄 萬王之王 羅馬書 法老王 它 出埃及記 omer 使徒行傳 菲利普 但以理書 你是這個頭 金子的 耶利米書 我是黑人 約伯記 我的腳 以西結書 活的 約翰福音 神的兒子 希伯來書 和平之王 詩篇 屈服 約翰福音 二 之一 約翰福音 約翰福音 他是誰 追我 在我之前是首選 誰的鞋子的門鎖 我不值得 放開 約伯記 羅 我們已經搜尋過 它 就是這樣聽到 知道你 它 為了你的好 詩篇 它 光 創世記 光 約翰一書 上帝是光 約翰一書 聖靈 約翰福音 光 撒迦利亞書 他的名字一 馬太福音 第一就是上帝 約伯記 看哪幸福就是 神所為的人 正確性 因此鄙視不 the你 全能者 以賽亞書 強大的一 之一 約伯記 馬太福音 堅持下去 和 鄙視其他人 路加福音 救一個 馬太福音 不是每個人 對我說 主 主 羅馬書 對於 任何人 光 約翰福音 名稱 之一 撒迦利亞書 詩篇 上帝是主 哪位展示了我們 光 馬太福音 一個是你的父親 天上哪 耶路撒冷 加拉太書 我們的母親 所有 之一 馬太福音 你們都是弟兄 馬太福音 男性和女性 啟示錄 敬拜上帝 傳道書 敬畏上帝並保持 他的誡命 king james version revelation book exodus book john receive holy ghost matthew every one asketh receiveth seeketh findeth knocketh shall opened acts holy ghost john standeth one among ye know john knew john thou art king israel revelation king kings romans pharaoh exodus omer acts philip daniel thou art head gold jeremiah black job feet ezekiel living john son god hebrews king peace psalm bowed john two one john john coming preferred whose shoes latchet worthy unloose job lo searched hear know thou thy good psalm light genesis light john god light john holy ghost john light zechariah name one matthew one god job behold happy man god correcteth therefore despise thou chastening almighty isaiah mighty one one job matthew hold one despise luke save one matthew every one saith unto lord lord romans whosoever light john name one zechariah psalm god lord hath shewed us light matthew one father heaven jerusalem galatians mother us one matthew ye brethren matthew male female revelation worship god ecclesiastes fear god keep commandments guówáng zhānmǔsī bǎn qǐshì lù zhè běnshū chū āijí jì zhè běnshū yuēhàn fúyīn shōu dào nǐ shènglíng mǎ tài fúyīn duìyú měi gè nàgè yāoqiú jiēshòu hé xúnmì de rén ér qiāo jī tā de rén tā yīng dǎkāi shǐtú xíng chuán shènglíng yuēhàn fúyīn dàn zhàn zài nàlǐ nǐmen zhōngjiān nǐmen rènshí shuí bù yuēhàn fúyīn hé wǒ bù zhīdào tā yuēhàn fúyīn nǐ shì guówáng de yǐsèliè qǐshì lù wàn wáng zhī wáng luómǎ shū fǎlǎo wáng tā chū āijí jì omer shǐtú xíng chuán fēilìpǔ dàn yǐ lǐ shū nǐ shì zhège tóu jīnzi de yé lì mǐ shū wǒ shì hēirén yuē bó jì wǒ de jiǎo yǐxī jié shū huó de yuēhàn fúyīn shén de érzi xī bó lái shū hépíng zhī wáng shīpiān qūfú yuēhàn fúyīn èr zhī yī yuēhàn fúyīn yuēhàn fúyīn tā shì shuí zhuī wǒ zài wǒ zhīqián shì shǒuxuǎn shuí de xiézi de mén suǒ wǒ bù zhídé fàng kāi yuē bó jì luó wǒmen yǐjīng sōuxúnguò tā jiùshì zhèyàng tīngdào zhīdào nǐ tā wèile nǐ de hǎo shīpiān tā guāng chuàngshì jì guāng yuēhàn yī shū shàngdì shì guāng yuēhàn yī shū shènglíng yuēhàn fúyīn guāng sā jiā lì yǎ shū tā de míngzì yī mǎ tài fúyīn dì yī jiùshì shàngdì yuē bó jì kàn nǎ xìngfú jiùshì shén suǒwéi de rén zhèngquè xìng yīncǐ bǐshì bù nǐ quánnéng zhě yǐ sài yà shū qiángdà de yī zhī yī yuē bó jì mǎ tài fúyīn jiānchí xiàqù hé bǐshì qítā rén lù jiā fúyīn jiù yīgè mǎ tài fúyīn bùshì měi gèrén duì wǒ shuō zhǔ zhǔ luómǎ shū duìyú rènhé rén guāng yuēhàn fúyīn míngchēng zhī yī sā jiā lì yǎ shū shīpiān shàngdì shì zhǔ nǎ wèi zhǎnshìle wǒmen guāng mǎ tài fúyīn yīgè shì nǐ de fùqīn tiānshàng nǎ yēlùsālěng jiā lā tài shū wǒmen de mǔqīn suǒyǒu zhī yī mǎ tài fúyīn nǐmen dōu shì dìxiōng mǎ tài fúyīn nánxìng hé nǚxìng qǐshì lù jìng bài shàngdì chuándào shū jìngwèi shàngdì bìng bǎochí tā de jiè mìng king james version king james version,@omarrphillips9710,2020-08-31T17:10:32Z,0,
ccbqTCazG3Y,UgxiAmR9vZntcbCM--h4AaABAg,httpswwwyoutubecomwatchvoowelfyc,@bilabis,2020-08-28T11:29:59Z,0,
ccbqTCazG3Y,Ugw600sDByY3-jV1VHx4AaABAg,join demonstration trafalgar square london th augast midday want fight back join httpswwwstopnewnormalnet httpstwittercomstopnewnormal httpswwwstandupxinfo video one top doctors uncensored doctors httpwwwlondonrealtvroundtable httpswwwyoutubecomwatchvtjahkygtlwfeatureyoutube httpsdavidickecombillgateswantsindemnity httpswwwyoutubecomwatchvoa_cmpkmwfeatureyoutube httpsquestioningcovidcom httpsfreedomplatformtv httpscsglobecomagendadepopulationworld httpswwwyoutubecomwatchvopytvgjyg httpswwwyoutubecomwatchvstrbjhkqeg httpstwittercomjordan_sather_status watch film called vaxxed taking vaccine,@tonypulla9582,2020-08-27T16:01:25Z,0,
ccbqTCazG3Y,UgyymO0XBP5Bv-xL5bF4AaABAg,king james version king james version revelation book exodus book deuteronomy certain men matthew male female exodus one law psalm thy law one mark truth john light corinthians say brethren flesh blood cannot inherit kingdom god neither doth corruption inherit incorruption psalm light psalm light trump corinthians romans filled unrighteousness fornication wickedness covetousness maliciousness full envy murder debate deceit malignity whisperers revelation alleluia revelation alleluia one revelation psalm light one job john exodus omer acts philip daniel thou art head gold jeremiah black john son god ezekiel living matthew one god luke save one romans backbiters haters god despiteful proud boasters inventors evil things disobedient parents matthew one father jerusalem galatians mother us one matthew ye brethren romans without understanding covenantbreakers without natural affection implacable unmerciful john god light light genesis day psalm god lord psalm light genesis light john holy ghost john light john name zechariah name one exodus name,@omarrphillips9710,2020-08-27T09:58:44Z,0,
ccbqTCazG3Y,UgwE9Eo8a8BJjDQ-S7h4AaABAg,many vaccinations per day administering administer million vaccines per day would take years vaccinate planet,@mrbogdanoff9233,2020-08-27T08:55:21Z,0,
6wDEuVl1TZo,UgxgtAuJ3kz1MmANq5h4AaABAg,uhh came new ship virus,@stavr_829,2026-05-09T14:08:34Z,0,
6wDEuVl1TZo,UgwX-I348JfHa7quh0N4AaABAg,doctors british nhs ashamed revisit hippocratic oath,@billgates-qi9st,2022-07-29T13:33:56Z,0,
6wDEuVl1TZo,UgxVz3uC4lQxEU8hq_14AaABAg,look false virus flu conned,@billgates-qi9st,2022-07-29T13:30:48Z,0,
6wDEuVl1TZo,UgyIAtTgFjT9PfP1Mj94AaABAg,know posted million deaths couldnt take thing seriously start way talked lightly even though mentioned virus spreading really quickly didnt vaccine,@binchickenalfredo1928,2021-05-04T09:36:08Z,0,
6wDEuVl1TZo,UgyR1OwU9ClrZ0CUSux4AaABAg,year video published,@binchickenalfredo1928,2021-05-04T09:29:34Z,0,
6wDEuVl1TZo,UgySLrP8QiWH7dWgNsV4AaABAg,admittedly documentaries archives deadly viral forms warfare known since major warnings began series warnings universe series began sars others like swine bird ebola name rant could done yesterday history though could good resource learn tomorrow mystery even comes children certainly promise less act today gift call present must act use gift speed haste criminal paid called global organizations least appropriately named world health organization united nations expense lunches years inaction taken one iota effort protect us inevitable threat face hope responsibility one infected clearly gave care masses even criminal flobal governments politicians mostly backed munitions powerenergy big pharma faceless money making tax avoiding job cutting companies continued trillions dollar business without regulation responsibility invest real threats churn addictive money makers ones thrive cure vaccine democracy fought enough outdated passé wars created weapons industry mainly secret society allowed pedal death mentally deranged kill precious children schools hard working people real injuries like nurse er injured junkie construction worker injured pain become junkies due drugs like oxy leeches keep multiple mansions yachts power single government pre election political hopeful day included mandate plan inevitability current crisis thought even familys protection prevention treatment new form deadly war fare predicted nostradamus centuries ago instead inhibiting spread virus building isolation areas separating regular low immune patients disease cancer take holiday whenever covid came along even better give cruise industry much needed business isolate patients ships away regular patients lower immune systems like cancer etc hospitals protect healthcare system hospital revenues instead using military facilities disembarkation iof suspect air cruise passengers like one deserted key west lets process highly populated urban areas could allow process suspection infected persons parade heavily oil pupated areas miami fort lauderdale new york return home normalcy became ill contact thousands even worse continue allow worst redundant yet deadly piece equipment every day use one never invented allowed manufactured thankfully areas banned leaf blowers deadly machine purpose spread dirt fecal pollution directly lungs really mere coincidence world gave smoking lung disease continued rise deadly form disease blast dastardly machines pulverized forms pollution remnants bird canine rat feline fecal matter micro particles bounce air get caught air currents lung invisible cloak death proven instigate new disease like ipf aggravate suffering copd asthma lung diseasewe slowly suffocating responsible accelerating spread coronavirus multiples least thousands simple efficient task raking even vacuuming think covid infected asymptotic carrier discards polluted litter along comes friendly leaf blower operator dressed like facing plague ear muffs face masks joggers happily running unprepared unprotected pressure blast air allows virus bounce receptacle become airborne floats around air currents days weeks unsuspecting public nhale become infected many times efficiently shaking hand asked support ban many years person management man born without important gene called common sense gene told worry pretty head keep washing hands asked support im talking inhalation response keep washing hands need say im blonde jack jill public get lazy backsides call action responsibility get streets furthermore documented particles inhaled precious children future prevent full development major organs personally fought cities like fort lauderdale use beach sidewalks incessant noise lost mother ipf allergies intolerable whilst use backbone world demand prevention preparation financial institutions ruined us back first decade offer support suspension credit reporting offer interest free credit faithful customers got back feet last fiasco another faceless corporate criminal act one paid hard worker lost employment goes jail stealing food restrict media factual advice media stop sensationalization criminal kept perpetrators identities secret would motive crime five minutes fame also know focus upon drawn us responsible spread must stop watching educational covid news enough reality bring back feel good fantasy programs violence death destruction continue allow form abuse slavery faceless corporations take hard earned dollars give us back death either type drastic mass murder slow painful death precious time waiting hold many hours wait speak human fix inefficient services pay nose instead focusing families ban lobbying force faceless corporations conscience fund amount spend bribery achieve ends towards public sector border challenge intentions unbiased form policing record alone disbelief former president trumps called speedy recovery virus probably another legend mind emperor strutted around imaginary gold suit actual fact wore clothes paid taxes one last thought past years never would thought possible live privileged lifestyle every day task lightened products comfort ease privileges brought happiness stars rich walk miserable faces mental health time high depression disease planet tatters part healing chaos thank kind attention one person reads passes might fighting chance,@gilliandinnerstein6882,2020-11-21T15:54:23Z,0,
6wDEuVl1TZo,UgwcTsvPSRJPURTELed4AaABAg,comes family flusarsmers,@shannane5171,2020-05-16T02:58:25Z,0,
6wDEuVl1TZo,Ugw3oyg7HONifnDKzrh4AaABAg,coronvirus room drink corn virus,@faustaakromaviciute7338,2020-04-18T16:44:26Z,0,
6wDEuVl1TZo,UgyVIZCNb4beVpTSmU94AaABAg,thumbnail timesoo bloody medical pandemicso youve smoking huh,@jadedenji,2020-04-17T04:23:16Z,0,
6wDEuVl1TZo,UgyfpNiZdnijjD5i7qx4AaABAg,containable sswhen tell panic know something wrong,@KingGeorgeX,2020-03-22T01:29:29Z,0,
6wDEuVl1TZo,UgwHn9S3Y10cjnKHqqZ4AaABAg,simple solution take old sick people risk isolate let rest people get sick build immune pandemic keeping economy moving,@TieMiShoe,2020-03-17T06:45:08Z,0,
6wDEuVl1TZo,UgweQdRtviaBTAGsrTp4AaABAg,reason taken seriously weve known flu forever shots vaccines lot viruses immune system kicks ass time however body clue corona come across get guaranteed spreading fast bouncing country country easily travel easy nowadays best thing travel stay home much clean something take care loved ones especially grandparents disease wont last forever like ebola find vaccine,@joeshields1994,2020-03-16T02:11:07Z,1,
6wDEuVl1TZo,UgzR4E2JJiPAsNpP6ol4AaABAg,dude simple fix develop laser light machines homes simple prices details use friendly instructions laser light kills virus particles duh study garlic effect virus internal develop medicine internal effect killing virus simple effect breakthrough money could,@eliermaxwell5910,2020-03-15T16:03:25Z,0,
6wDEuVl1TZo,Ugw1UXBJeS1i-x_0XAN4AaABAg,think already beat coronavirus,@janaysparks7540,2020-03-15T03:30:19Z,1,
6wDEuVl1TZo,Ugw1UXBJeS1i-x_0XAN4AaABAg.96CorhXwLL-96Cp1sjEu37,love yall stay safe get products lots,@janaysparks7540,2020-03-15T03:31:50Z,1,Ugw1UXBJeS1i-x_0XAN4AaABAg
6wDEuVl1TZo,Ugw1UXBJeS1i-x_0XAN4AaABAg.96CorhXwLL-96Cpbre6o9J,yes thats fine ill let yall know beat coronavirs,@janaysparks7540,2020-03-15T03:36:53Z,1,Ugw1UXBJeS1i-x_0XAN4AaABAg
6wDEuVl1TZo,Ugyyg3V8MgrxMgtTb_N4AaABAg,offervaultsweeblycom see hidden shocking corona virus covid statistics hidden government,@manekineko4302,2020-03-14T16:51:23Z,0,
j-9CgwB6mus,Ugzxg4xWtfs2wrz4sMR4AaABAg,worst country world uk womens trying control men fair play whatsoever,@estirl7277,2020-06-09T22:28:56Z,0,
j-9CgwB6mus,Ugztugeerv35Rs1LDjp4AaABAg,try bit alternative media lets real look plandemic,@joesprinter8202,2020-05-30T23:12:55Z,0,
j-9CgwB6mus,UgzMUqpnfpKkoVueffd4AaABAg,anyone see brainwashed kids emotional development recipe creating sociopaths im shocked people dont see absolutely psychopathic especially meters scientific evidence behind cough travel ft sneeze feet health,@freespirit5944,2020-05-29T18:05:52Z,2,
j-9CgwB6mus,UgxQFePljNTAg1dm5jZ4AaABAg,seconds cover,@laceypelham7535,2020-05-29T16:48:23Z,0,
j-9CgwB6mus,Ugy2_lD1AjcEl_Wqoql4AaABAg,need look box allergies something,@josephhutchinson9428,2020-05-29T10:22:44Z,2,
j-9CgwB6mus,UgzeCuwOhNtRIgW3OD94AaABAg,gov start allows open cafe restaurant hope dont use old style cooling fan inside spread virus effectively hospital wards forbid use part infection control,@krzhmc6017,2020-05-29T09:54:07Z,0,
j-9CgwB6mus,UgzNZAe8SUdJ7bqygx14AaABAg,shopkeeper wearing mask,@jeancampbell772,2020-05-28T17:52:54Z,0,
j-9CgwB6mus,Ugx6FxMT6o1hL5Yy7zJ4AaABAg,bbc licence fee justified drivel,@rr-my1yc,2020-05-28T17:48:12Z,1,
j-9CgwB6mus,Ugz6_UJEQ7lq9V9Fq2F4AaABAg,wow incredible video,@McSonR,2020-05-28T16:07:54Z,1,
j-9CgwB6mus,UgyBr-eqmwB54Yj7bnB4AaABAg,honesty getting ridiculous yes virus lets get n proportion havnt got thousands young even older healthy people dying every day madness needs stop would think way people talking,@douglastaggart9360,2020-05-28T09:50:54Z,2,
j-9CgwB6mus,UgxZyPwU16pjGn3K2kt4AaABAg,ive wiping arse many years feel bit sound advice bbc matter may helpful,@chaddy1969,2020-05-28T07:18:36Z,0,
j-9CgwB6mus,Ugw5vuBqz1X_6HtOlWt4AaABAg,move another country like chinathen shop safely,@ssskkk8829,2020-05-28T00:11:41Z,1,
j-9CgwB6mus,Ugx3GaIPywOVKdstCWJ4AaABAg,httpsyoutubekbgjyifmsy zionist coronavirus broke iran peace deal made reckless actions arrogant statements communist jew zionist jews,@julberryjuan4534,2020-05-28T00:06:14Z,0,
j-9CgwB6mus,UgzKxqDBJlxea1F1-NV4AaABAg,shop online,@muddydigger9457,2020-05-27T23:42:46Z,0,
j-9CgwB6mus,UgyrPcHFZfvIzzyo1g14AaABAg,meanwhile channel httpswwwyoutubecomwatchvadtcaqhenq,@secretsquirrel6124,2020-05-27T20:54:28Z,0,
gtf9j06EOvo,UgwgjpJEqUH-1zk3U0x4AaABAg,sorry tedros pay attention criminals,@stangrant1469,2022-07-26T22:19:36Z,0,
gtf9j06EOvo,UgzNpjZJbHvvOBpEFEd4AaABAg,preparing mark beast system lords coming false prophet wake,@pandapie8987,2021-08-29T12:44:58Z,0,
gtf9j06EOvo,Ugwtu6zGdsoHAavG9Hx4AaABAg,paste head hot temperaturesmell,@sushilbarua8862,2021-08-10T17:29:15Z,0,
gtf9j06EOvo,UgzfgkvQ_oJ1ffsYDJB4AaABAg,sycophant china cant even call corona virus chinese virus appears china used biological vapon world without reasons millions innocent people died china made virus,@amarverma1258,2021-05-11T14:56:46Z,0,
gtf9j06EOvo,UgwezvkqGaPvwlwg8hd4AaABAg,hiv aids vaccine well come marketing information india,@ramc5785,2021-02-22T18:40:17Z,0,
gtf9j06EOvo,UgwVDdYx8X4bee842w54AaABAg,return old normal dont want return old normal determined keep us locked utter discrace,@susangeoghegan399,2021-01-19T16:38:19Z,0,
gtf9j06EOvo,UgxVytiJIA6L8zKqA4J4AaABAg,theodore adhanom person eligible world health organization committed serious human rights abuses tenure ethiopias foreign minister giving false information international community tplf committed genocide hide action tplf committed heinous war crimes national armyto hide gives false information international community liar master conspiracy politics dont believe find reality ethiopia believe capacity ability know truththe tplf deployed thousands liars social media one tewodros adhanom,@serkalemfantaye4748,2020-12-30T20:21:04Z,0,
gtf9j06EOvo,UgwuHDtzWaXFfvtOrwp4AaABAg,cure corona need fake shit cure called ivromactin httpsyoutubetqsxobyw doctors taking vaccine super dangerous know look fake shit live tv httpsyoutubexqzlkjyoau nwo pigs go jail worse,@dConceptdk,2020-12-20T20:42:33Z,0,
gtf9j06EOvo,UgxzGEBvurgaqJx3npt4AaABAg,verdict court appeal lisbonportugal pcrtest cannot detect corona infection people tested pcrpositive coronainfected therefore must termed infected change song httpswwwyoutubecomwatchvmaspqug,@ecco9065,2020-12-03T23:04:17Z,0,
gtf9j06EOvo,UgzXVBwFeqH3g34_Pwd4AaABAg,answer covid novel answers,@N5033,2020-10-27T18:01:05Z,0,
gtf9j06EOvo,UgxB-8oIemoZ6fEz5tF4AaABAg,careful viruses many countries successfully produce vaccines stop covid china immediately sought create viruses cause diseases secret chinese labs rushing create new virulent strains virus spread faster succeed soon world vaccinated covid time china release another strain virus time china cautious letting virus infect china first previously china choose another country possibly us american people susceptible deceived easy quick infection us first nation first wave infection us able accuse china causing disease us falls china run opponents course become hegemon world china russia scary american people disciplined enough unite fight type disease,@nhatho6186,2020-10-23T05:15:29Z,0,
gtf9j06EOvo,Ugzz2M2NF1a_CO_fbjB4AaABAg,cannabis rescue new research suggests cbd oil may protect covid lung damage,@SamSam-eu8de,2020-10-20T05:25:39Z,0,
gtf9j06EOvo,UgwyqEG48Z2gnWf1zaJ4AaABAg,love corruption love deceive people love work humanity want job apply,@amar8703,2020-10-17T11:20:44Z,0,
gtf9j06EOvo,UgzrkSmXX1GZkxXmN494AaABAg,plsss cover fai indonesia cure,@ninjaaman7344,2020-10-15T00:32:46Z,0,
gtf9j06EOvo,Ugwu1TXVSjSIP-WRcmd4AaABAg,goa game changer indian states health authority approves distributes ivermectin doxycycline treat covid prophylaxis httpswwwtrialsitenewscomgoagamechangerindianstateshealthauthorityapprovesdistributesivermectindoxycyclinetotreatcovidasprophylaxis bangladesh goa countries using safe affordable drug ivermectin treatment also prophylaxis covid countries like usa organizations like speaking anything drug surprised see govt hand conflict interest letting people die,@KhaajaaJee,2020-10-12T01:06:25Z,0,
gtf9j06EOvo,Ugw6FIu_Af5lNt5ExcN4AaABAg,httpsyoutubejuctzmms,@skg7443,2020-10-07T05:28:47Z,0,
gtf9j06EOvo,UgyrP0XPQTHYE5w_oaJ4AaABAg,occupied people qualified trust information provided without data tested many people lazy corrupt ato indeed stupid person health skills,@alfredhocs8945,2020-09-27T01:16:42Z,0,
2F3KHb_1bkw,UgzoGUzMol8Jw1wRmRh4AaABAg,hidden comments youtube screenshot covering genuine lies trying make questioning global takeover look stupid pretending issue cow urine issue trying force us inject chemical biological agent government worldwide approve paper take responsibility legally absolute globalist puppet channel,@BLane-xr1ic,2021-08-14T15:45:29Z,1,
2F3KHb_1bkw,UgzjcmM8gOEMJt-N1-h4AaABAg,successful treatment ill covid mg twice week hydroxychloroquine zinc daily share quickly dont want us know truth watch brave doctors speak truth httpsyoutubetsmaqsqi httpswwwyoutubecomwatchvevs_ewvcvpc get vaccinated,@smadl9500,2020-07-28T22:06:27Z,0,
2F3KHb_1bkw,UgxqpIMniHPNtidNDel4AaABAg,watch video clear myths httpsyoutubexfbvxnrqs,@itoliyeptho5812,2020-05-11T12:26:38Z,0,
2F3KHb_1bkw,Ugzfa5wFdin2rnH3vf94AaABAg,please help portuguese,@amandaaschefferfermino,2020-05-09T14:43:02Z,0,
2F3KHb_1bkw,Ugwz-MuM7xKFmEatTj14AaABAg,httpsyoutubeonfggfgydam yasmeen advice,@randaalomari5817,2020-04-11T18:27:29Z,0,
2F3KHb_1bkw,Ugx4m8calreTiwfL4dh4AaABAg,report text coronavirus large family enveloped viruses groups corona viruses alpha betaderived bats mice gamma delta derived avian species coronavirus responsible various diseases many animals including investock pets humans thought cause mild respiratory infections heal beta coronaviruses cross spesies barriers bats mammals jumping humans causing acute acute respiratory epidemic sarsepidemic coronvirus genome singlestranded positivebrained largerna molecule contains information needed forming complex known nucleocapsids nucleocapsid enclosed eveloped basically lipid membrane whit embedded protein dont forget keep washing hands nothing us keep appearing online myth number holding breat hold breath seconds without discomfort one widely shared claim asserts fibrosis scarring lungs basically infection hope holdig holding breath test fibrosis fibrosis symptom kavat main symptoms dont forget high fever persisent dry cough myth numbor two homemade hand sanitizer recipes way internet solutions homemade sanitizer anything based disinfectans cleaning surfaces probably want suitable use skin suggestions vodka could work unfortunately doesnt contain enough alcohol effective myth nomer three virus survive surfaces month highly unlikely take research strains corona virus like sars mers shows viruses remain infectious hard surfaces like metal glass plastic two hours maximum nine days maximum nine days uk goverment says risk government says risk contamination likely reduced significantly hours myth number four cow urine hindu groups india believe cow urine medicinal properties word coronavirus diseases sk say experts cow urine doesnt cure things lile cancer theres evidence prevent kavat youre better simpely washing hands general classii dont forget keep washing hands nothing us appearing online myth number holding breat hold breath seconds without discomfort one widely shared claim asserts fibrosis scarring lungs basically infection hope holdig holding breath test fibrosis fibrosis symptom kavat main symptoms dont forget high fever persisent dry cough myth numbor two homemade hand sanitizer description corona virus originally china corona virus stick body parts clothes others wash hands frequently keep distance least meters leave house important avoid corona virus live comfortably dont violate government regulation nama cindy novita maharani kelas xips absen,@cindymaharani7539,2020-04-03T12:14:34Z,0,
2F3KHb_1bkw,UgyNrqBSvVkDX5zUjc54AaABAg,injections essential myth,@AyurvedaSriLanka,2020-04-01T05:36:10Z,0,
2F3KHb_1bkw,UgwD3PlvgVosCAAn10N4AaABAg,still checking u called r myths,@AyurvedaSriLanka,2020-04-01T05:35:43Z,0,
2F3KHb_1bkw,UgxUUL4e0kYIA4vGmkN4AaABAg,important info indian friends,@thepunisher3677,2020-03-27T18:46:51Z,1,
2F3KHb_1bkw,Ugy50L6csgBHOMtqDZN4AaABAg,lord buddha said long time ago humans life shorten people grow faster babies young age humans shorter lifespan,@sachirakalhara4835,2020-03-27T16:49:47Z,0,
2F3KHb_1bkw,Ugy3pV7erZeXcU-uMtV4AaABAg,many churches saying cure corona virus go first expose,@rajeshwarijanwadkar9369,2020-03-27T14:51:00Z,0,
2F3KHb_1bkw,Ugz7Bi2yics_G8NTcbZ4AaABAg,httpswwwtaiwannewscomtwennews bbc news fake news media stop spreading fake news taiwan inaccurate,@WayneLu12345,2020-03-27T10:48:49Z,0,
2F3KHb_1bkw,Ugy4SANA3sjdTwBEYoV4AaABAg,isnt myth fear mongers march covid longer considered high consequence infectious disease hcid uk httpswwwgovukguidancehighconsequenceinfectiousdiseaseshcidstatusofcovid,@The.Doctor.Venkman,2020-03-26T23:52:33Z,0,
2F3KHb_1bkw,UgydZ8e2TlgvRqgraUR4AaABAg,argh actual public service broadcasting bbc jesus thought thing past demand know feminists gays think remarks,@andrewwebb2866,2020-03-26T14:45:26Z,0,
2F3KHb_1bkw,Ugy_amy8WZpX7Ix8Gx14AaABAg,thanks bbc informative videos enjoy lot regards colombia,@juancamilosalazar7728,2020-03-26T03:42:27Z,0,
2F3KHb_1bkw,UgxJClCgtVVvJBVVenx4AaABAg,think bbc reliable channel unlike indian media channels,@pavan.k24,2020-03-26T01:32:21Z,0,
2F3KHb_1bkw,Ugy7kkO_cboTvzXlaDt4AaABAg,predictive programing,@Novatec100,2020-03-26T00:35:50Z,2,
hHcY4Vw532Y,Ugx9GpMHnNCPdDnbOd54AaABAg,oh dear oh dear auntie youre party innumerable cases real life harms relative engagement mass menticide democide whooops,@lw1zfog,2023-11-29T09:39:42Z,0,
hHcY4Vw532Y,Ugy9X0yCBCCHcn9XbVd4AaABAg,haha stupid indonosia think bring back son jesus,@lucifinil4049,2023-03-08T23:13:17Z,0,
hHcY4Vw532Y,Ugx-RsHTipgmkUGN2nJ4AaABAg,explain bbc investigating huge spike excess deaths currently experiencing january,@fraserweir538,2023-01-26T20:50:35Z,0,
hHcY4Vw532Y,Ugy3cnS0l_f5HFb_nFl4AaABAg,india lots covid cases thought people china dont like india wouldnt go,@ninjapirate123,2022-12-29T01:06:10Z,0,
hHcY4Vw532Y,Ugx8nMh3lJNfftPS20p4AaABAg,commenting excess deaths anymore despite nimber twice high ey bbc major blood hands,@joshcoppicemerchant595,2022-11-15T08:28:55Z,0,
hHcY4Vw532Y,UgyK1x4ZeyBOIF45xrJ4AaABAg,world would better place without covid virus,@sigurdsolli6239,2022-11-08T23:42:07Z,1,
hHcY4Vw532Y,Ugz7_wu3pE40ysnMgtZ4AaABAg,covid virus burn hell forever,@sigurdsolli6239,2022-11-08T23:41:02Z,0,
hHcY4Vw532Y,UgwpYg-t2r7jMA7ORAF4AaABAg,shame bbc people watch propaganda,@unwindrelaxchilloutsleep784,2022-09-22T08:28:11Z,0,
hHcY4Vw532Y,Ugy1ZGfkuQWBevpwS-t4AaABAg,aint way,@AntoinetteGenesis,2022-09-18T09:09:31Z,1,
hHcY4Vw532Y,UgxtrcMY6TmA4d4UeG94AaABAg,years earth kill start covid corona virus kill,@janhan7055,2022-09-06T09:14:04Z,0,
hHcY4Vw532Y,UgxlmtWbn8tAPfYo4v54AaABAg,years rip lost,@jignaro861,2022-07-29T02:46:50Z,4,
hHcY4Vw532Y,UgyrNTMHJ9dVUoTB1at4AaABAg,years really happen,@stuartdicks2082,2022-07-04T13:55:41Z,1,
hHcY4Vw532Y,UgyXFGpJcrdSZehF32N4AaABAg,date people died heart disease year usa higher normal death rate compared previous years found official figures underestimating amount people killed heart disease around anything scripted edited post propaganda tools used launder tax payer dollars big pharma,@StuartHollingsead,2022-05-29T03:17:23Z,0,
hHcY4Vw532Y,UgzCJVl_lkGDbcYJt394AaABAg,supplies shipsbacked harborsin usa especially years ago crude oil ships backed harbors wellcalled gas crunch early ssame control tricklie look upplease,@bigsparky8888,2022-02-11T10:08:31Z,0,
A2kiXc5XEdU,UgyVMlakpOoVSmZl_Xx4AaABAg,january coronavirus thank jesus,@LegacyHubMedia,2026-01-10T08:05:52Z,1,
A2kiXc5XEdU,UgzrjuQZDuzbLFQT6Q54AaABAg,lumbar aches knee caps area around feels lot colder rest body also fever zero appetite feets wount hold zero energy,@N0skGaming,2023-06-13T17:08:02Z,1,
A2kiXc5XEdU,Ugw2FxKD5ZT7QGT0jQ94AaABAg,fuck lol waiting results,@time502,2023-02-03T20:55:42Z,0,
A2kiXc5XEdU,Ugy45ouAvK9LF75KA1B4AaABAg,self take amoxicillin ibuprofen honey lemon tea lots soups im feeling better today still congestion runni nose pain ribs coughing much beginning,@magneto69s,2022-07-16T19:02:14Z,0,
A2kiXc5XEdU,UgyxN6s3Wb3sq03URMh4AaABAg,im fever days cough,@dozonagachannel992,2022-06-21T05:40:44Z,0,
A2kiXc5XEdU,UgwpHtXslMmnX-6cFyp4AaABAg,think corona virus,@dozonagachannel992,2022-06-21T05:40:25Z,0,
A2kiXc5XEdU,UgwbLom7dTzvR26lqu54AaABAg,went two years without catching virus stuff avoid wore mask washed hands avoid crowds etc easter kid came home school last day school term feeling well gave everyone house covid knocked right feet spent three days bed couldnt get taken month start feel affected hearing unexpected side effect,@AnonAnonAnon,2022-05-24T05:50:17Z,1,
A2kiXc5XEdU,Ugz0t8fF06xbQI_mxKd4AaABAg,symptoms opiate withdrawals total bullshit,@brandonriddett9783,2021-12-18T14:57:16Z,0,
A2kiXc5XEdU,UgyOl8zVAPCsHlUsbO14AaABAg,thank tips,@edgardtorres6162,2021-09-20T13:45:05Z,1,
A2kiXc5XEdU,UgwmgFA4nUrhRvnL0gB4AaABAg,thanks doctor oseiwe youtube curing sore throat completely gone,@David-sd9oy,2021-09-12T14:19:05Z,0,
A2kiXc5XEdU,UgyXUsjsxg6D69OeMBV4AaABAg,thought covod bc nose running im sneezing,@luhkej3514,2021-09-07T11:57:38Z,0,
A2kiXc5XEdU,UgxI74N7xZM4H-9haWF4AaABAg,family done good avoid getting think fever yesterday theres tons stuff throat throat super raw cant breathe unless cough painful,@joelperez4495,2021-08-26T12:31:12Z,1,
A2kiXc5XEdU,UgzHUT4v1S3yNZp0-yZ4AaABAg,recently went back school wednesday week felt sick throat hurt itched stuffy nose later night got stomachache stuffy nose soreness throat gone still stuffy nose feel dizzy stand thought maybe would help,@blohshcckyy,2021-08-20T16:56:38Z,0,
A2kiXc5XEdU,UgwBjgmpCRojYIN8oyd4AaABAg,would youtube minute commercial,@clubalbert,2021-07-29T18:12:52Z,0,
A2kiXc5XEdU,UgxConSbdJzZCAGlj8V4AaABAg,ive coughing snot mean,@barbz8204,2021-07-11T23:54:22Z,0,
A2kiXc5XEdU,UgzDM9xowq43VYkCVjF4AaABAg,cough runny noise cant smell stuff could taste stuff someone tell cold flu covid pls,@frixztixi4586,2021-06-07T23:38:23Z,0,
kdUf0DhY6Ow,Ugy1yv1hWj8o0IEuzIh4AaABAg,put simply awareness death reality made deny society doesnt exist believing live forever humans immortal like gods could realize short lives really would learn love appreciate every moment much grateful need rather moaning complaining want video represents pulling back curtain speak show us reality many people die day week month year covidits time shut darkness imitates light blinds us might actually step true light eyes may opened may truly see,@mrvad-up8cc,2020-09-25T21:34:24Z,1,
kdUf0DhY6Ow,Ugw-CyYDj5VF9OEreON4AaABAg,load red tape death surrounded death might welljumpin box miserable years since wartime avoid type news needed killing people havnt got virus got old age suffered mentalbreakdowns suffering like thoughts daily news bombardment day day nation dont want hear dont watch live tv dead recorded streaming future avoid negativity existence planet dont want bbc itv sky etc,@DRAINPIPE57,2020-06-19T23:11:59Z,0,
kdUf0DhY6Ow,UgxJy87XVavf0aWsVxx4AaABAg,greetings yee thee godly httpswwwyoutubecomwatchvevrnpfwde hz manifest abundance httpswwwyoutubecomwatchvtojelrgcts happiness frequency httpswwwyoutubecomwatchvlu_lelnects hz pure tone httpswwwyoutubecomwatchv_vcini_zzm httpswwwyoutubecomwatchvawlklyhttuts hz pure tone httpswwwyoutubecomwatchvwoyeffuurk httpswwwyoutubecomwatchvowvazxhccts hz pure tone httpswwwyoutubecomwatchvsajbusrhltu httpswwwyoutubecomwatchvszqtlfatm hz pure tone httpswwwyoutubecomwatchvqbigiashpo httpswwwyoutubecomwatchvt_qxraclqts hz pure tone httpswwwyoutubecomwatchvclsbgcri_wts httpswwwyoutubecomwatchvkxrizmogits hz helps viruses pure tone httpswwwyoutubecomwatchvdumlkhxets httpswwwyoutubecomwatchvrdckzkksi hz pure tone httpswwwyoutubecomwatchvrhffleuqgc httpswwwyoutubecomwatchvkmcbbcbmts hz pure tone httpswwwyoutubecomwatchvfubtgqqxw regenerate cells httpswwwyoutubecomwatchv_kizmmtlbeg httpswwwyoutubecomwatchvpbajnanm hz chi force httpswwwyoutubecomwatchvvbgxiusqnf hz httpswwwyoutubecomwatchvb_dcqhbjife brain power httpswwwyoutubecomwatchvomtadmzets dna healing httpswwwyoutubecomwatchvophhkzbq hz httpswwwyoutubecomwatchvgoyzbut_kfy full body aura cleanse cell regeneration therapy httpswwwyoutubecomwatchvtqqxyhhcqguts sleep music boosts immune system brief explanation energy centers spirit link httpswwwchakraspiritcomblogbalancingyourchakras known httpswwwchakrasinfochakras less known open shakras heal dna connect universehttpwwwmaraihancomchakra energycenters lowest highest ones well form physical spiritual energysphere certain sound frequency hz music vibrate make sound mind hearing listening sound meditating listening headphones get maximum effect tuning sound mind also listen frequencies time first listen one time great power comes great responsibility spirit physical form frequency harmonious sound make items vibrate mind learning sound mind benefit others creating frequency hz mind directing item another spiritsciences httpswwwcrystalinkscom httpswwwyoutubecomwatchtime_continuevqteflucrfeatureemb_title emerald tablets thoth god wisdom knowledge one create energy learning star tetrahedron physical form physical formturning negativity positivity making star mind counterrotating hedronscircling angles using star energycenters chakras lower minds eye center seat star located root energy point belowstar starwith mindcounter rotating fields light energy center system chakras current formsphysical bodys energy tube using mind direct light energy spheres two streams light going one going straight titansplanetsd governing energy points physical link httpsimgurcomayqumfu every planettitan spirit conscious mind titanplanet influencing thee spirit physical form assigned energypointchakra connected via startetrahedron httpzodiacbookscom astrology easy learn gain knowledge signs time time transforming thee alchemical transformation mind infinite thee infinite past present future form form stage stage infinite infinite link httpwwwascensionnowcoukstartetrahedronmerkabahtmlfbclidiwarwinoehouglhmjbgmoimajlztdjozmfskgflqiznrgshzpk elements universe make star tetrahedron take purple light star ask star light turn purple flame symbol emotional centerheart one gets rid karmic law ether primal element elements formed light sound darkness fire earth air cosmos water law chaos balance spirit mind time destiny death emotions energyinfinity neutral good bad form created multiverseif thee knows yee part multiverse thee take energy ether thee knowing neutral good bad obtain knowledge universe one mustcan activate keys seven learn symbols universe create inner universe explaination death death helper transition spirit thee one form next spirit world take form numerology meaning adding numbers together adding one diget number base frequency vibrates everything everyone vibrates link httpswwwhoroscopecomushoroscopesnumerologyindexhoroscopenumerologyaspx teadmised sulle universumilt ja zeltahuhdiivfeimgronromuldovhfodremshulnehviirziizahlaahgaanhaasilt knowledge thee much love thee thank thee formless spirit physical form gaining knowledge wisdom htm tg hermes trismegistus trice greatest vanja z e l contact httpswwwtwitchtvmabzeu follow future content talkshows gaming perhaps,@mabz3233,2020-06-19T09:49:51Z,0,
kdUf0DhY6Ow,UgxhTi3SZmBAkx2B0qF4AaABAg,im crying,@carloseduardomelaraparada8444,2020-06-19T05:38:37Z,0,
kdUf0DhY6Ow,Ugw2uwTnOMWUopkli5d4AaABAg,sister hospice nurse upsets cant comfort covid patients,@hugglescake,2020-06-19T04:59:36Z,0,
kdUf0DhY6Ow,UgyNhAYMobH99e9Gkix4AaABAg,oh please medical profession give shit life nhs complicit scamdemic number crunching cry river distress witnessing death active dnr orders sickening virtue signalling typical media,@Echoes-Bunnywoman,2020-06-19T00:31:34Z,0,
kdUf0DhY6Ow,Ugxh-dwKIsXzLSfi4_94AaABAg,watching pull sheet graphic still brought tears eyes many lord many,@AcornEyjoke,2020-06-18T15:21:48Z,0,
kdUf0DhY6Ow,UgzVmbih7I3ucZ1Tg2l4AaABAg,barbaric hope feel ashamed knowing involved speaking,@margarethanlon7819,2020-06-18T12:30:49Z,0,
kdUf0DhY6Ow,Ugz-Zy2oUzVrme4_sMZ4AaABAg,clumsy title,@joebloggs5186,2020-06-17T23:37:50Z,0,
kdUf0DhY6Ow,UgzXIAznfJ3iPZxsVQF4AaABAg,interesting observation likes vs dislikes video read comments anyone think something doctored wwgwga,@mrhouse3826,2020-06-17T20:42:22Z,0,
kdUf0DhY6Ow,UgzXIAznfJ3iPZxsVQF4AaABAg.9A0hgxo2Hom9A0kX-7uLLB,lunatic fringe always turn comment,@garethhanby,2020-06-17T21:07:05Z,0,UgzXIAznfJ3iPZxsVQF4AaABAg
kdUf0DhY6Ow,UgzXIAznfJ3iPZxsVQF4AaABAg.9A0hgxo2Hom9A0qr-cnFJV,yes definitely fiddling numbers,@tinfoilhazmatreborn6590,2020-06-17T22:02:23Z,0,UgzXIAznfJ3iPZxsVQF4AaABAg
kdUf0DhY6Ow,UgzXIAznfJ3iPZxsVQF4AaABAg.9A0hgxo2Hom9A0sE1VhuND,theyve really theyve really called lies last week receiving mostly dislikes comments basically calling,@tinfoilhazmatreborn6590,2020-06-17T22:14:24Z,0,UgzXIAznfJ3iPZxsVQF4AaABAg
kdUf0DhY6Ow,UgwPSiTcrdAB98hVakl4AaABAg,news flashdoctors examining patients die outside hospital telephone conversations care home staff ask opinion cause including opinion covid symptoms whether tested asking trouble,@mortuaryartist,2020-06-17T20:37:49Z,2,
kdUf0DhY6Ow,UgxL_7tTXYdBh2cdVl54AaABAg.9A0bo5_NKOZ9A0qU0fZ0py,garethhanby hmmmyeah okay,@callmepinocchio3795,2020-06-17T21:59:07Z,0,UgxL_7tTXYdBh2cdVl54AaABAg
kdUf0DhY6Ow,UgxL_7tTXYdBh2cdVl54AaABAg.9A0bo5_NKOZ9A0qacv8R6o,garethhanby th brigade chance,@callmepinocchio3795,2020-06-17T22:00:09Z,0,UgxL_7tTXYdBh2cdVl54AaABAg
kdUf0DhY6Ow,UgzKMnpd-HjJ03-_O6l4AaABAg,well obviously theyve closed eyes putting cancer heart patients seeking medical help many die result important thing didnt get glorified flu week least next glorified flu season one,@Benzknees,2020-06-17T19:02:40Z,0,
kdUf0DhY6Ow,Ugy99ad7Ij6sWs7BnWJ4AaABAg,difficult time dealing death perhaps reconsider life choice died minutes since fear death,@therakshasan8547,2020-06-17T18:59:03Z,0,
kdUf0DhY6Ow,Ugy99ad7Ij6sWs7BnWJ4AaABAg.9A0WsAx0kbj9A0jv_w097y,dont silly die heart might temporarily stopped death coming back death,@garethhanby,2020-06-17T21:01:51Z,0,Ugy99ad7Ij6sWs7BnWJ4AaABAg
kdUf0DhY6Ow,UgwsVvEZI79BD8-qX5t4AaABAg,fear stress weaken immune system try positive dont wear mask dont take bill gates vaccine survive plandemic,@svetlanaprice5896,2020-06-17T18:20:48Z,0,
kdUf0DhY6Ow,Ugy2cDdhnRkVMolzFqx4AaABAg,glad people waking seeing propaganda feed loving power people global recession kicks soon find human cost lockdown x corona virus deaths,@SD-nq6kg,2020-06-17T18:10:54Z,2,
kdUf0DhY6Ow,Ugy2cDdhnRkVMolzFqx4AaABAg.9A0RMXDueJw9A0W4lyw84t,юлийбеловия soldier want court martialled need follow brigades code practice,@jobeduckworth5430,2020-06-17T18:52:10Z,0,Ugy2cDdhnRkVMolzFqx4AaABAg
kdUf0DhY6Ow,Ugy16o7us3z25JZMhsx4AaABAg,scamdemic plandemic say prick prepared second wave,@jobeduckworth5430,2020-06-17T18:08:54Z,1,
kdUf0DhY6Ow,Ugy16o7us3z25JZMhsx4AaABAg.9A0R7wi2TqS9A0_3pHJVuC,second wave round two,@macmcmacingtonmcmichaeldos8189,2020-06-17T19:26:59Z,1,Ugy16o7us3z25JZMhsx4AaABAg
kdUf0DhY6Ow,Ugy16o7us3z25JZMhsx4AaABAg.9A0R7wi2TqS9A0gj8-0IA1,юлийбеловия figures falsified worldwide since started everyone else knows,@mrhouse3826,2020-06-17T20:33:56Z,0,Ugy16o7us3z25JZMhsx4AaABAg
kdUf0DhY6Ow,Ugy16o7us3z25JZMhsx4AaABAg.9A0R7wi2TqS9A0ib-A8M69,mrhouse probably place called reality never know,@garethhanby,2020-06-17T20:50:18Z,0,Ugy16o7us3z25JZMhsx4AaABAg
kdUf0DhY6Ow,UgwWCvkCTb-in8dQO1Z4AaABAg,everyone whos saying doctors putting covid reason inflate figures actually stupid,@safwanhaji8613,2020-06-17T18:07:01Z,1,
kdUf0DhY6Ow,Ugywx3GjTdfuRiKvzkV4AaABAg,humans contagious satanic lie stand apart unnatural human behaviour satanic touch fellow man unnatural human behaviour satanic stay indoors satanic trauma bbc news hr fear porn satanic trauma face masks covering micro expressions unnatural human behaviour satanic hugs cuddles unnatural human behaviour satanic stopped seeing grandad parents kill satanic lie sex banned human bonding satanic trauma removing new born mother tested positive satanic,@shadowsthatglow3920,2020-06-17T18:03:45Z,0,
3AgxeIVrH24,UgxdyoiM9KhSnSfhvLJ4AaABAg,cancer fake show bloody cancer u lying criminal worms,@jasonmaddox8668,2024-03-19T01:27:53Z,0,
3AgxeIVrH24,UgxkX3wyPyChfvFn9Ih4AaABAg,joke cant u show real photo cancer,@jasonmaddox8668,2024-03-19T01:27:13Z,0,
3AgxeIVrH24,Ugyo7COXyizJs1S4Y7N4AaABAg,looking back outrage channel calls news disgrace humanity destroyed fu bbc,@The.Doctor.Venkman,2023-11-27T17:36:27Z,0,
3AgxeIVrH24,UgyWCpur07wMbciGasd4AaABAg,wish built last repeat,@justindejager4999,2023-04-17T16:54:37Z,1,
3AgxeIVrH24,UgwY8LtzC6ZkSrpQV8N4AaABAg,wish coronavirus,@justindejager4999,2023-03-30T16:50:47Z,1,
3AgxeIVrH24,Ugy6d9G2-FYioUoW4aR4AaABAg,fake news,@WSMITHify,2021-12-12T09:07:53Z,0,
3AgxeIVrH24,Ugz4EIOJBGbomwjXFc94AaABAg,hey put magnified image virus shot like pic chairman mau saddsm everywhere,@nobullman5853,2021-11-19T08:16:35Z,0,
3AgxeIVrH24,UgwPeKcQq2x8KITwzlJ4AaABAg,vaccinated flu mortality rate vs unvaccinated coronavirus mortality rate unreliable coronavirus transmission numbers bit vague time video lets make sure people vulnerable virus get vaccinated stop pestering rest us,@ezrazonable4992,2021-09-11T16:05:30Z,0,
3AgxeIVrH24,UgzWGfmUZkeeljHimZV4AaABAg,wondering test kit flu since saying diff covid covid test kits way test flu also way test flu way test similar posible virus,@swaggamesph3342,2021-09-03T07:06:10Z,0,
3AgxeIVrH24,UgzbZga-jipGUJJZ48N4AaABAg,gonna make dialoge flu covid talking fluwhy ya deadly coronai dont man infect someone need surgury,@Meling6395,2021-09-02T08:11:44Z,0,
3AgxeIVrH24,Ugx8G93kqdxMg0MPkIB4AaABAg,typical years past number deaths influenza covid currently inflicting comparison get lopsided delta variant exponentially increases note covid patients received flu vaccine within last year times greater odds hospitalized times greater chance transferred icu based people know vaccinated covid also vaccinated flu seemingly believe covid worse flu though thats partially true anecdotal point view mostly false study current comparisons two im vaccinated taught public school many years appreciate new strain flu case totally new virus variants sweep thru population thats lacking sufficient natural immunity thats vaccinations invaluable especially genetically amplified coronavirus called covid,@samlair3342,2021-08-12T13:05:44Z,0,
3AgxeIVrH24,UgxRvVTLLNuY0aC7Zbl4AaABAg,compare well influenza killed almost everything wake covid killed many also publics behaviour blame numbers influenza still killed possible million people much contained covid plus back guess people susceptible catching flu,@NickZoOoR,2021-05-19T17:24:25Z,0,
3AgxeIVrH24,Ugz7N9chlwRcz1suVHN4AaABAg,course flu vanished covid manufactured scamdemics governments make cash shots also manufacture one sheep andor guinea pigs government made farce,@googtubebiased3594,2021-05-02T21:39:47Z,0,
3AgxeIVrH24,Ugz7N9chlwRcz1suVHN4AaABAg.9MrCqYVNigc9TqtH5Qutd-,lol social distance nask stop air based virus spreading,@j.b.2263,2021-10-23T18:19:48Z,0,Ugz7N9chlwRcz1suVHN4AaABAg
3AgxeIVrH24,Ugz7N9chlwRcz1suVHN4AaABAg.9MrCqYVNigc9TtyANxpy6d,jb proof oh government says lmao stupid vaccines dont even stop virus vaccinated people getting virus passes right thru masks look science maybe make sense government sheep like pants dont stop fart mask stop virus,@googtubebiased3594,2021-10-24T23:00:18Z,0,Ugz7N9chlwRcz1suVHN4AaABAg
3AgxeIVrH24,Ugxk-9d1smIG2ohIM-94AaABAg,unless years old one losers asthma gonna fine got still building greenhouse family im still fine dont even get sick,@abrums2284,2021-03-21T20:03:53Z,1,
3AgxeIVrH24,Ugxk-9d1smIG2ohIM-94AaABAg.9L9tUPyrWsK9TqtWSE4EFq,theres people heart attack never know theve one theres others die spot,@j.b.2263,2021-10-23T18:21:54Z,0,Ugxk-9d1smIG2ohIM-94AaABAg
3AgxeIVrH24,UgxZP5SLWmhK5zGJODZ4AaABAg,remedy flu httpsyoutubefrpaqloa,@lotusuniversum1473,2021-02-12T21:29:39Z,0,
3AgxeIVrH24,Ugy9kI9vwdNJEwRe1jV4AaABAg,distance age older get less immune system isnt sir quality air improved world lockdown,@eddiedeleon2425,2021-02-01T06:11:23Z,0,
3AgxeIVrH24,Ugz3blso6bfIn2Dc3cF4AaABAg,need compare covid _is_ flu,@daitedve1984,2021-01-21T10:07:00Z,0,
3AgxeIVrH24,Ugy5RducGfORodMJ78p4AaABAg,total deaths globally annually say vs total deaths globally annually make stats complicated since pandemic purpose,@trebo2348,2021-01-04T12:16:16Z,0,
3AgxeIVrH24,Ugy5RducGfORodMJ78p4AaABAg.9I5MYy4qj5r9MVV5KsHhxf,correct averaged last five years deaths estimate normal rate lower concluding excess covid deaths used linear model deviate much actual numbers,@rw2452,2021-04-24T01:56:41Z,1,Ugy5RducGfORodMJ78p4AaABAg
PmdBxIWQcKE,Ugwaq4SrhBHIqwZxW7Z4AaABAg,happy see brings back nostalgia like powerful human body adapted moved nothing,@Gizmeleon-m1e,2026-04-04T23:27:18Z,0,
PmdBxIWQcKE,Ugztoxh-xzhyguTzB4F4AaABAg,name denial edward want thank dr patrick cast spell helped family win court case would sentenced brother life charged murder family totally grateful also contact similar challenge email drpatrickspelltamplegmailcom also cast spell win lottery get exlover back promotion spell luck spell coronavirus covid hiv cure aids cancer spell children etc,@drpatricktample6253,2020-12-19T08:17:50Z,0,
PmdBxIWQcKE,UgyWS5Ktx-rixBg-AK14AaABAg,covid cure drug box benefits human non bad effects official report china government wish peaceful world war disease httpsyoutubeiwobaexaoc,@ChengMingChenRockwill,2020-05-22T21:45:42Z,0,
PmdBxIWQcKE,UgwMVimY0wV6KjT8zPJ4AaABAg,times corona pandemic people often ask world return normal days dont wait normal days assume abnormal days normal days todays abnormal normal new normal world may return old days smart person person adapts changing world days normal long adjust changes matter dramatic changes,@aibeastweb,2020-05-02T11:21:28Z,0,
PmdBxIWQcKE,Ugwzwdex_UBzlRjJraN4AaABAg,bbc nothing labour party mouth pieceso left trusted anymore,@philliphamilton3591,2020-05-01T12:06:29Z,0,
PmdBxIWQcKE,UgzPUfTXRyEdxn3kh814AaABAg,well al control bbc new never real,@jackstone5631,2020-05-01T06:41:31Z,0,
PmdBxIWQcKE,UgxW0T6M2w5SawCCYfx4AaABAg,seasonal flu yearround disease burden across globe although vaccine effective deaths flurelated illness still occur world health organization estimates seasonal influenza typically causes deaths per year,@jjryan1452,2020-04-30T23:35:42Z,0,
PmdBxIWQcKE,UgznLC4mjUfnUOwEjGR4AaABAg,hn swine flu pandemic caused new strain virus caused spanish flu hn virus swine flu infected estimated million billion people far absolute terms compared spanish flu mortality rate far less estimated according analysis published journal lancet,@jjryan1452,2020-04-30T23:27:15Z,0,
PmdBxIWQcKE,UgzVTED4GhrEg3deud14AaABAg,info bbc,@jjryan1452,2020-04-30T23:03:07Z,0,
PmdBxIWQcKE,UgzxY_yaqcnNTFCem714AaABAg,flu facts epidemic every people virus risk elderly young respiratory problems know ive got look high temperature shivers muscle joint pain deep cough causing restricted breathing treat lower temperature paracetamol increase fluid intake complete rest days,@jjryan1452,2020-04-30T23:02:34Z,0,
PmdBxIWQcKE,Ugz9zNZMTVgOLvKoCiN4AaABAg,days later professor liam donaldson governments chief medical officer made controversial claims uk experiencing first flu epidemic decade despite fact statistics suggested outbreak halfway towards reaching epidemic status huge influx patients coupled staff sickness left many hospitals struggling tend living even store dead hospitals refrigerated lorries used temporary mortuaries existing facilities overwhelmed knockon effects immense trusts started cancel routine planned surgery thousands patients affected government blamed problem said worst flu outbreak decade opposition said exaggerating effects current flu outbreak cover failings health policies flu facts epidemic every people virus risk elderly young respiratory problems know ive got look high temperature shivers muscle joint pain deep cough causing restricted breathing treat lower temperature paracetamol increase fluid intake complete rest days,@jjryan1452,2020-04-30T22:59:50Z,0,
PmdBxIWQcKE,Ugzb4hVMZ01_83QqZbh4AaABAg,flu outbreak stretches nhs resources hospitals around uk feeling strain current flu outbreak even though classed epidemic scotland latest figures show number people flulike illness doubled similar increase predicted england wales liverpool hospitals cancelled nonemergency surgery try cope shortage beds patients stay overnight trolleys wait treatment london capitals intensivecare beds full poor uptake flu vaccine health experts also say outbreak made worse fact vulnerable people elderly vaccinated public health laboratory service said uptake highrisk groups crisis offers easy target opposition politicians seeking explode labours jubilant postelection promises radical nhs reform nineteen us states several european countries currently stretching medical capacities limit flu epidemics take hold royal college nursing generalsecretary christine hancock told bbc problem lay shortage actual beds hospitals nurses accompany sir alan langlands chief executive nhs said confident people getting right care said anyone benefit intensive care getting care health service email story friend,@jjryan1452,2020-04-30T22:58:57Z,0,
PmdBxIWQcKE,UgxM5O8lAr_K3mfjVHR4AaABAg,thats lets look ps forget regular flu gone away either know death counts manipulated coronovirus qas severe flu,@jjryan1452,2020-04-30T22:56:02Z,0,
PmdBxIWQcKE,Ugx4LU6rBsvg9L5msfR4AaABAg,seasonal influenza occurs regular basis estimated world health organisation kill anywhere people year list worlds top ten causes death fatalities lower respiratory infections includes deaths attributed influenza ranks third highest,@jjryan1452,2020-04-30T22:52:46Z,0,
PmdBxIWQcKE,Ugzvt3PAv_qwNFt3E954AaABAg,hong kong flu broke china july spread throughout rest world mid fatalities ranged deaths uk,@jjryan1452,2020-04-30T22:51:07Z,0,
PmdBxIWQcKE,UgyEQ8SbJxUxCngyBgR4AaABAg,asian flu first reported china february spread throughout globe within six months infected worlds population killed people,@jjryan1452,2020-04-30T22:50:48Z,0,
2JVhN0ahwrQ,UgwRJ6BwhTbqXusU7Al4AaABAg,infected sickness viruses always herbal treatment im still wondering think cant get rid illness created cure diagnosed following illness hpv hsv cancer cancer diabetes genital herpes etckindly contact dr mercy cure via email drharrymercygmailcom whatsapp actually help mum cure years cancer,@davidsontegga1972,2020-08-15T00:48:04Z,0,
2JVhN0ahwrQ,UgyC3iMiXb7o2d2OIJB4AaABAg,please speak coronavirus deception please watch vernon coleman retired doctor youtube,@funkyprepper,2020-08-06T11:34:40Z,0,
2JVhN0ahwrQ,UgwOqVHRSvb2zLmEjT54AaABAg,video httpsyoutubeqvtpuipzgaw showed residents evacuate apartments hong kong due suspicion coronavirus might passed thru properly sealed sewer pipes within apartment building,@emilyl1094,2020-08-06T08:46:55Z,0,
2JVhN0ahwrQ,Ugx66CNxxv4s4cT1puR4AaABAg,wouldnt take british biased corporations word dark,@MultiPepsidog,2020-08-05T20:43:19Z,0,
2JVhN0ahwrQ,UgyrnRWMyjuDiB4oaWx4AaABAg,thats im shitting yard big government gotten control,@frankjamesbonarrigo7162,2020-08-04T22:59:05Z,0,
2JVhN0ahwrQ,Ugz6rjHSk-wunysozxF4AaABAg,imagine living era comment section people truly believes,@zengara11,2020-08-04T17:35:18Z,0,
2JVhN0ahwrQ,Ugz6rjHSk-wunysozxF4AaABAg.9BwyRpJkiV19C-tEDnyWhs,embarrassing isnt,@carrieoff,2020-08-06T06:06:43Z,0,Ugz6rjHSk-wunysozxF4AaABAg
2JVhN0ahwrQ,Ugz6QHsbWepYpWXOLDR4AaABAg,bbc course couldnt english guy testing sewers london,@GravityBoy72,2020-08-04T11:18:26Z,0,
2JVhN0ahwrQ,UgxCciDrszd582PHQhp4AaABAg,pandemic sweden called bluff back normal lockdowns masks disaster isnt boris following swedish way,@GravityBoy72,2020-08-04T11:16:31Z,0,
2JVhN0ahwrQ,UgwbzKACclpesSbVj7B4AaABAg,fake news fake virus welcome medical dictatorship using pseudoscience,@benjah4eva,2020-08-04T10:12:59Z,0,
2JVhN0ahwrQ,Ugyia2wrCmA32xvQXAJ4AaABAg,saw good things want see think matter might help everyone httpswaresoftheworldcom,@jamsjon2729,2020-08-04T10:08:05Z,0,
2JVhN0ahwrQ,Ugx-9gO6y9grmz5EjA94AaABAg,oh please taken far,@paulahogwood1523,2020-08-04T10:04:17Z,0,
2JVhN0ahwrQ,UgwhNyAuaixfutQPiYB4AaABAg,make feel uneasy links made watersanitation cv prepared fear mongering around future,@wongowonga,2020-08-04T09:25:37Z,0,
2JVhN0ahwrQ,UgzaIp-eUIC3K-XDIil4AaABAg,water treatment treated create fresh water kill virus time revise water treatment procedure,@markbeards4441,2020-08-04T09:12:27Z,0,
zERY6MSjRkI,Ugxfs8zLX-uKCsCuxVt4AaABAg,got cured herpes virus diagnosed herpes virus tried get cured tto availuntil saw post health forum herbalist man prepare herbal medications cure kind diseases including herpes virusat first doubted real decided give try contacted herbalist via email prepared herpes herbal cure sent via dr oduma delivery company service received herbal medicine gave step direction apply itafter applying way instructedi totally cured deadly disease called herpes thanks dr odumakendly co via whatsapphe also cure sickness like hivaids diabetes epilepsy blood cancer hpv als hepatitis love spell sickle anaemia pregnancy call whatsapp thanks,@idahosadridahosa4564,2020-12-15T07:09:29Z,0,
zERY6MSjRkI,UgwPpjfVIjfItvD2Moh4AaABAg,usa little nothing publicized regarding interferon starting think want cure covid instead powers stand make billions dollars rushed perhaps dangerous vaccine big pharma likes big money would bother cure already exists also flu year asking since heard nothing one read interesting article bmj suggesting possible correlation flu shot covid death rates first wave pushing flu shot people significant increase covid cases one believe coincidences sure first given whole thing played leaning toward covid plandemic shamepeople dying becoming disabled rich get richer suffering others,@Justice4ALL.120,2020-11-22T22:49:56Z,0,
zERY6MSjRkI,UgwjozIasnHZBlUXg754AaABAg,fake pandemic covid doesnt exist bill gates running world profit,@steveharries8001,2020-09-02T08:12:03Z,0,
zERY6MSjRkI,Ugy0yXQgcWs8WDrftF94AaABAg,join demonstration trafalgar square london th augast midday want fight back join httpswwwstopnewnormalnet httpstwittercomstopnewnormal httpswwwstandupxinfo video one top doctors uncensored doctors httpwwwlondonrealtvroundtable httpswwwyoutubecomwatchvtjahkygtlwfeatureyoutube httpsdavidickecombillgateswantsindemnity httpswwwyoutubecomwatchvoa_cmpkmwfeatureyoutube httpsquestioningcovidcom httpsfreedomplatformtv httpscsglobecomagendadepopulationworld httpswwwyoutubecomwatchvopytvgjyg httpswwwyoutubecomwatchvstrbjhkqeg httpstwittercomjordan_sather_status watch film called vaxxed taking vaccine,@tonypulla9582,2020-08-27T15:43:45Z,0,
zERY6MSjRkI,UgxSSf2SRc7yVzaXEqh4AaABAg,tests cases tests cases tests cases pcr tests testing chromosome httpswwwyoutubecomwatchvykzckrza,@wanderer6972,2020-08-22T22:55:19Z,1,
zERY6MSjRkI,Ugx1GROTJ8TD1UrvzfJ4AaABAg,still dont understand govt obsessed vaccines realistically away supporting treatments like could administered home could help prevent health service becoming overwhelmed inevitable second wave arrives,@mattwilliamson6628,2020-08-16T10:15:58Z,0,
zERY6MSjRkI,UgxLqliTejAjEYknr8l4AaABAg,hopefully wont expensive,@woosix1,2020-08-08T16:35:10Z,0,
zERY6MSjRkI,UgzKdeUJVAjxs2MGfpJ4AaABAg,nice content continue great work time follow,@winneroriginal9954,2020-07-28T11:11:09Z,0,
zERY6MSjRkI,UgyfpZB5DlLTHxK6DlR4AaABAg,barbacoas nariño colombia dr julio césar klinger hernández used interferon httpswwwyoutubecomwatchvahzyhmxlq,@urielmatiasramospanikar5472,2020-07-27T06:02:24Z,0,
zERY6MSjRkI,UgwIqc5KPBafUyyUHwx4AaABAg,regard nonvaxxer drop anti prefix people want fill bodies strange concoctions arms children let wont waste breath id ask provaxxers stop talk forcing vaccines others pro prefix drops become known vaccine fascists,@noncefactor1179,2020-07-24T18:48:14Z,0,
zERY6MSjRkI,Ugx940ZZgopsKD8FgEl4AaABAg,going start positive news thought bbc licence going scrappedno bs fake virus,@revenantsinnerman3968,2020-07-23T12:10:11Z,1,
zERY6MSjRkI,UgxNasXI9SA7jjFbt7B4AaABAg,ready long time ago httpsyoutubegjdbcudzk httpsliebowitzlongevitycomnobodyneedstodieorgobroke httpsyoutubegjdbcudzk listen phenomenal effectivness covid httpsyoutubeenkmaluuvu,@topeye4202,2020-07-23T11:58:54Z,0,
zERY6MSjRkI,UgzjqgnaEHCSycu22T54AaABAg,china started attack india today indians troops ready attack kill quickly possible indians warn jinping cheating ideas,@rameshbesapu5143,2020-07-23T10:34:57Z,0,
zERY6MSjRkI,UgxdGoy6XKJ37vs3aRN4AaABAg,من خليفة الله على العالمين إلى رئيس الصين شي جين beloved righteous forerunner supporters countries concentrate exclusively statements written corona virus days concentrate intensively publishing statement wrote titled corona virus decisive statement taken amusement know knowledge certainty therein healing chests guidance mercy believers allah witness disposer upon say except refused arrogant truth become clear grieve guilty arrogant ones away unjust people way truth towards lord becomes clear adopt arrogance delusion invoke upon destruction imam nasser mohammad alyemeni ramadan ah ad pm according time macca mother towns __________ caliph allah worlds xi jinping president china httpmahdialummacomshowthreadphpfromthecaliphofallahovertheworldstoxijinpingthepresidentofchinappost,@ابوالشباب-م8ت,2020-07-22T19:31:36Z,0,
zERY6MSjRkI,UgxWrguAnpysYo7nKNR4AaABAg,الصين invisible soldiers allah cannot seen naked eye due tiny size still launching global war continuously night day hours day without break relent socalled corona virus actually corona virus apparent similarity shape viruses already known scientists deluded beginning however entirely different genes behaviour name corona thought first took lead media everybodys lips even though entirely different viruses yet first similar shape viruses genetically different swear allah god one overpowering virus cloven split living organism yet come disastrous bitter widespread evil doctors turn backs retreat moreover living organism new mankind destroying science medical physics make knowledge mankind concerning medical physical science equal zero encompass knowledge imam nasser mohammad alyemeni ramadan ah ad pm according time macca mother towns __________ caliph allah worlds xi jinping president china httpmahdialummacomshowthreadphpfromthecaliphofallahovertheworldstoxijinpingthepresidentofchinappost,@ابوالشباب-م8ت,2020-07-22T19:31:16Z,2,
zERY6MSjRkI,UgzF5vhD6RSaOOZ2lmR4AaABAg,الصين never find besides allah protector helper avert torment long acting arrogantly towards global caller allah calling follow book great quran mercy worlds whoever refuses mercy allah arrogance towards caliph servant allah imam mahdi nasser mohammed alyemeni grand caliph allah book severe torment allah could act arrogantly towards caliph allah hence obtain share torment deceived arrogance sight allah humiliated importance line word allah exalted أومن كان ميتا فأحييناه وجعلنا له نورا يمشي به في الناس كمن مثله في الظلمات ليس بخارج منها كذلك زين للكافرين ما كانوا يعملون وكذلك جعلنا في كل قرية أكابر مجرميها ليمكروا فيها وما يمكرون إلا بأنفسهم وما يشعرون وإذا جاءتهم آية قالوا لن نؤمن حتى نؤتى مثل ما أوتي رسل الله الله أعلم حيث يجعل رسالته سيصيب الذين أجرموا صغار عند الله وعذاب شديد بما كانوا يمكرون صدق الله العظيم الأنعام one dead revived made light walks among people like one darknesses never emerge therefrom thus made fairseeming disbelievers thus made within every town greatest criminals plot therein plot except perceive sign comes say never believe given like given messengers allah allah knowing places message afflict committed crimes humiliation allahs sight severe torment used plot surah alanaam verses imam nasser mohammad alyemeni ramadan ah ad pm according time macca mother towns __________ caliph allah worlds xi jinping president china httpmahdialummacomshowthreadphpfromthecaliphofallahovertheworldstoxijinpingthepresidentofchinappost,@ابوالشباب-م8ت,2020-07-22T19:31:01Z,0,
zERY6MSjRkI,Ugyg1qtC6RkUMzReGv14AaABAg,imam nasser mohammed alyamani ramadan ah ad pm according time macca mother towns ____________ corona virus decisive statement taken amusement everyone must know torment socalled corona virus lesser torment short greater torment perhaps may supplicate humility lord order remove torment mercy follow caller truth lord submit full willing submission known imam mahdi nasser mohammed alyemeni truly caliph allah worlds benefit removing torment allah persist transgression wandering blindly allah destroy torment greater already stricken listen understand word allah high ولو رحمناهم وكشفنا ما بهم من ضر للجوا في طغيانهم يعمهون ولقد أخذناهم بالعذاب فما استكانوا لربهم وما يتضرعون حتى إذا فتحنا عليهم بابا ذا عذاب شديد إذا هم فيه مبلسون صدق الله العظيم المؤمنون even showed mercy removed upon affliction would persist transgression wandering blindly overtook torment warning yield lord humbly supplicate open upon door severe torment immediately therein despair surah almuminoon verses decision makers different countries must informed statement global challenge wrote th rajab ah th march ad titled corona virus lesser torment short greater torment perhaps may repent see points challenge truth statement written th rajab ah th march ad put statement points challenge summarise follows global torment allah mere global pandemic doctors cannot know corona virus formed doctors never able control control torment allah exalted muslim nonmuslim doctors never able find cure vaccine even help support see plotting socalled corona virus taken account httpswwwmahdialummacomshowthreadphpt,@ابوالشباب-م8ت,2020-07-22T19:30:53Z,1,
zERY6MSjRkI,UgzJ52U0OkyhL5g-IzN4AaABAg,من خليفة الله على العالمين إلى رئيس الصين شي جين beloved righteous forerunner supporters countries concentrate exclusively statements written corona virus days concentrate intensively publishing statement wrote titled corona virus decisive statement taken amusement know knowledge certainty therein healing chests guidance mercy believers allah witness disposer upon say except refused arrogant truth become clear grieve guilty arrogant ones away unjust people way truth towards lord becomes clear adopt arrogance delusion invoke upon destruction imam nasser mohammad alyemeni ramadan ah ad pm according time macca mother towns __________ caliph allah worlds xi jinping president china httpmahdialummacomshowthreadphpfromthecaliphofallahovertheworldstoxijinpingthepresidentofchinappost,@ابوالشباب-م8ت,2020-07-22T19:26:43Z,0,
zERY6MSjRkI,Ugzt4C_CCUmkMV5WDfd4AaABAg,الصين invisible soldiers allah cannot seen naked eye due tiny size still launching global war continuously night day hours day without break relent socalled corona virus actually corona virus apparent similarity shape viruses already known scientists deluded beginning however entirely different genes behaviour name corona thought first took lead media everybodys lips even though entirely different viruses yet first similar shape viruses genetically different swear allah god one overpowering virus cloven split living organism yet come disastrous bitter widespread evil doctors turn backs retreat moreover living organism new mankind destroying science medical physics make knowledge mankind concerning medical physical science equal zero encompass knowledge imam nasser mohammad alyemeni ramadan ah ad pm according time macca mother towns __________ caliph allah worlds xi jinping president china httpmahdialummacomshowthreadphpfromthecaliphofallahovertheworldstoxijinpingthepresidentofchinappost,@ابوالشباب-م8ت,2020-07-22T19:26:37Z,1,
WE9gvJ8ou7g,UgxwaPKoI0xu7TswUOF4AaABAg,im immune everyone know even house near,@dhsjxnjensncb,2024-01-10T00:04:18Z,0,
WE9gvJ8ou7g,UgxeC1f5uXqGbTqOhxF4AaABAg,kid got covid years old dont know recovered wasnt healthy would eat junk food everyday pretty much sit day,@bud1221,2023-08-03T00:50:12Z,1,
WE9gvJ8ou7g,Ugxrl_reny8cfJhZvPF4AaABAg,covid virus rot hell covid virus killed innocent people,@sigurdsolli6239,2022-11-08T23:39:49Z,2,
WE9gvJ8ou7g,UgzZ-vHDSS0vbyzYiZh4AaABAg,herpes virus chancroid infection hiv aids tinnitus intimidating illnesses everyone avoid passed lot extremely grateful dr kanayo peterson youtube helping get rid illnesses daysnegative online service permanent cure,@essikauniainen2948,2022-08-06T17:42:00Z,0,
WE9gvJ8ou7g,UgxmEeRHEExJ3BtxnDN4AaABAg,kohhhvid alsotf wearing,@TheMadFerrit,2022-04-28T07:52:45Z,0,
WE9gvJ8ou7g,Ugw4JOGX4rKpK7t5eZ94AaABAg,dr campbell contacted yet,@R18Y,2022-02-13T14:31:06Z,3,
WE9gvJ8ou7g,Ugx6m7Co_AH0wkCEyh14AaABAg,dr john campbell waiting talk rachel,@88CBAUGH,2022-02-03T07:15:48Z,3,
WE9gvJ8ou7g,UgwD1UxcBbAEA4EfujZ4AaABAg,dr rachel schraer wrote hit piece youtuber dr john campbell said bbc tried contact dr john says lie invites bbc interview also uses cheap propaganda tactics article remembered lack integrity,@kazkellyquest1792,2022-01-31T17:10:29Z,1,
WE9gvJ8ou7g,UgxNB_DhXWX3IcPj_uB4AaABAg,first show ability simply understand report ons try act like bloody science journalist utter disgrace,@Diggnuts,2022-01-30T18:12:34Z,2,
WE9gvJ8ou7g,UgySJZI6pzBu8NXzF6J4AaABAg,video way date information misleading benefit hindsight vaccines give limited time protection around weeks anything like ones mentioned video course data available time recording therefore video date removed otherwise anyone watching misinformed something others youtube banned,@Colin623,2022-01-29T18:31:56Z,1,
WE9gvJ8ou7g,Ugzy9PrsAAvuWYfFBdd4AaABAg,buffoon feeding bs bbc,@brianlopez8855,2022-01-29T17:41:14Z,0,
WE9gvJ8ou7g,UgyWj_oIPk-Bob2XVFd4AaABAg,people around tested positive covid im one whos isnt positive got reinfected twice right even still im still positive showing symptoms,@contact157,2022-01-25T08:27:19Z,4,
WE9gvJ8ou7g,Ugx5JSwz4XWJkd_pKu14AaABAg,shruti menon rachel schraer jack goodman write quack propoganda bbc reality check says medication us congress uses reduce covid symptoms backed false science anyone th grade education stupid put porn read gods sake,@OLD-GUY-99,2021-11-01T02:12:20Z,0,
WE9gvJ8ou7g,Ugzk1W9u5Sy3zbkdOwx4AaABAg,bad information bbc removed youtube misinformation saying accepted false defund bbc,@bumblefoot5,2021-10-05T20:03:03Z,0,
WE9gvJ8ou7g,Ugy5_HQuKpUJJjNm9gZ4AaABAg,herbal supplements planet ayurveda help naturally holistically overcoming condition,@sheetalmaluja0818,2021-05-16T15:49:39Z,0,
WE9gvJ8ou7g,Ugxi290wVbXeSLzCf3d4AaABAg,hi boost immunity good health httpsyoutubebqvkbfojq httpsyoutubemyhkisxirc,@ajiteshpal1453,2021-05-04T07:21:41Z,0,
WE9gvJ8ou7g,UgxZ08nkFi5jxb13ANp4AaABAg,fantastic would hope would vid german,@Ottts22,2021-03-14T07:41:10Z,0,
STgRHkB-vx4,Ugxqd0edXkEWzpSrfSx4AaABAg,everybody gets covid come sickness still contagious makes hard figure younger lot harder figure sickness still carrier information came around world different news carriers put one input,@TG-xf6hy,2021-01-02T04:11:51Z,0,
STgRHkB-vx4,UgzrqFrPTszSqhboMGF4AaABAg,stop watching news,@oliviaaddison7843,2020-09-21T05:19:13Z,1,
STgRHkB-vx4,UgwWBCrQhT62yDGKJ9l4AaABAg,httpsyoutubenwbddla explained scientifically malayalam,@kiranbabu7952,2020-07-25T17:54:08Z,0,
STgRHkB-vx4,Ugwrkq4kkeDs-ZQWxtp4AaABAg,women touched alot counters touchs counter times,@chloeclocks6438,2020-06-08T12:50:27Z,0,
STgRHkB-vx4,UgzCKPebmN9kvQuPfOV4AaABAg,httpswwwyoutubecomwatchvqekekoryfeatureshare,@deepindersingh1313,2020-05-27T22:06:17Z,0,
STgRHkB-vx4,UgwXAZJiVxBygPYRqXl4AaABAg,best information always keep date know unusual time everyone virus everywhere protect see coronavirus available school home also office need clean sanitize home school clean sanitize need call experienced cleaning company maidmarions one provide coronavirus cleaning birmingham affordable rate httpswwwmaidmarionscouk,@DavidSmithSeatle,2020-05-26T06:43:43Z,0,
STgRHkB-vx4,UgxDiffoM_p0JJPvyl14AaABAg,hi lot research protect bugra coronavirus listened experts learned protect better video videohttpstiiaiiaqbvj,@bugraylmaz8191,2020-04-23T23:46:07Z,0,
STgRHkB-vx4,Ugw6_c2HGs0T-s7Y4UB4AaABAg,covid animation httpsyoutubeuflwmepe,@intelligence3957,2020-04-21T19:18:51Z,0,
STgRHkB-vx4,Ugwe-qJsMHPI2wP3E4Z4AaABAg,parents heres good one use children httpexeiouseful,@superknowleged4958,2020-04-21T01:17:17Z,0,
STgRHkB-vx4,UgyaY-YGFTh7heVyoil4AaABAg,prevent fromcorona virus watch video details httpsyoutubemgxfsbofvi,@ridhisharma9700,2020-04-17T14:58:43Z,0,
STgRHkB-vx4,UgwYJRrqTkzYAnZ1v4R4AaABAg,httpsyoutubejxrwcfc_,@jbrchannel5373,2020-04-14T07:23:55Z,0,
STgRHkB-vx4,UgxUST9CUeKgeeXNB4B4AaABAg,avoid direct contact anything httpswwwcgtradercomdprintmodelsscienceengineeringarmextension,@NurMohammad-kx9qy,2020-04-13T14:44:17Z,0,
STgRHkB-vx4,Ugx2mjg1T9ZwB9bzKvp4AaABAg,follow see corona coronavirus statistics today across europe friday april,@aroundtheworld7625,2020-04-10T16:57:33Z,0,
STgRHkB-vx4,Ugze7QjcNyE3hCLtxb14AaABAg,follow see corona coronavirus statistics today across europe friday april,@aroundtheworld7625,2020-04-10T16:57:05Z,0,
STgRHkB-vx4,UgzRo3rpYF_ZQLGvolJ4AaABAg,wear masks httpswwwyoutubecomwatchvezecuxjage,@winnerwinner168,2020-04-03T13:21:04Z,0,
r5yw9S3X7m4,UgwsmpM92YQcHcNOhTN4AaABAg,join demonstration trafalgar square london th augast midday want fight back join httpswwwstopnewnormalnet httpstwittercomstopnewnormal httpswwwstandupxinfo video one top doctors uncensored doctors httpwwwlondonrealtvroundtable httpswwwyoutubecomwatchvtjahkygtlwfeatureyoutube httpsdavidickecombillgateswantsindemnity httpswwwyoutubecomwatchvoa_cmpkmwfeatureyoutube httpsquestioningcovidcom httpsfreedomplatformtv httpscsglobecomagendadepopulationworld httpswwwyoutubecomwatchvopytvgjyg httpswwwyoutubecomwatchvstrbjhkqeg httpstwittercomjordan_sather_status watch film called vaxxed taking vaccine,@tonypulla9582,2020-08-27T15:58:59Z,0,
r5yw9S3X7m4,UgxUqUP7Jm6b9VkzpIl4AaABAg,cure virus found doctors nurses scientists talking covid vaccine trafalgar square london saturday th august pm dont miss turning tv would help get fake news,@tonyhursit9757,2020-08-25T11:46:04Z,0,
r5yw9S3X7m4,UgyiZLGkl8nW4U-ybBB4AaABAg,thiss goes really worse think cure,@Memesadda236m,2020-06-24T03:39:20Z,0,
r5yw9S3X7m4,Ugxoou9fIUOBY1dnaLp4AaABAg,bbc saying way yet killing virus viruses living things rna strings exosomes thats arent vaccinating nano chip thanks,@tubemonks,2020-04-11T08:55:21Z,1,
r5yw9S3X7m4,Ugw2xONTwSRwjZpmbA94AaABAg,muammar gaddafi create virus wait pretend sell antidote speech given un,@colint7743,2020-04-06T10:02:23Z,0,
r5yw9S3X7m4,UgzFImkKRjKL9s23axV4AaABAg,sir plees work ubton ubton antiseptic corona,@informativeislamicandfunny6523,2020-03-30T06:47:02Z,0,
r5yw9S3X7m4,UgxzxrfojoY0-TUWCkF4AaABAg,gosh shes cute,@watchme7076,2020-03-27T22:41:23Z,0,
r5yw9S3X7m4,UgwaJESjCM1R84IhIvp4AaABAg,please use ajwa dateskalonji think better enough prevent corona virus,@farheensultana5514,2020-03-26T08:41:41Z,0,
r5yw9S3X7m4,UgxDqX8UaWTm01fdv9p4AaABAg,believe medicines vaccine virus evolves rapidly gives temporal immunity vaccine realistic find medical inhibitor virus replication instead,@giantommasobaldi1746,2020-03-21T23:38:03Z,0,
r5yw9S3X7m4,UgwNR8DO_y0c3bN3CZB4AaABAg,question instead vaccine directly make anitybody lab,@aniketbijwe7097,2020-03-19T08:15:31Z,0,
r5yw9S3X7m4,UgxGwG51czPe-DV4URt4AaABAg,create vaccine quickly gonna huge backlash terms every disease questions gonna asked others diseases linger human race,@wickedwestfilms3993,2020-03-18T08:44:12Z,0,
r5yw9S3X7m4,Ugwp7uh0Rx4ie5JQ1i14AaABAg,plaquenil make research help little bit,@haseenullahbashir5905,2020-03-13T01:59:43Z,0,
r5yw9S3X7m4,Ugy0K_s-YDLrX9HeGoZ4AaABAg,best real quick world need u guys,@Sidex150-g1p,2020-03-12T17:17:59Z,0,
r5yw9S3X7m4,Ugyy3nhKWBIYF02HOPV4AaABAg,work harvey nichols london literally stampede today brand called apothem actors bbc staff apparently flu curing properties crazy video utube,@martinhowells8948,2020-02-29T01:59:29Z,0,
Fihj2_qSDhU,UgwOlSHpJvEWttvvT-d4AaABAg,wheres daily death figures gone miss,@jag251080,2020-08-24T17:42:01Z,0,
Fihj2_qSDhU,UgzuGCA3yMYxcNnUCa94AaABAg,shall talk death last hrs uk ok sorry ill keep quiet carry fear sorry interrupting,@jag251080,2020-08-24T17:39:49Z,0,
Fihj2_qSDhU,UgwzEfO2uUfJctl1eEp4AaABAg,lot heads shouldt going anywhere bloody thing youre making matters worse think holiday,@toni4729,2020-07-03T00:52:03Z,0,
Fihj2_qSDhU,UgytfKkju65iZJvzaGl4AaABAg,even though walk valley shadow death fear harm jesus,@pandyxr1674,2020-07-02T06:46:42Z,0,
Fihj2_qSDhU,UgycJofhf3BsCM4PSGF4AaABAg,time deceit telling truth revolutionary act,@DiscSwapRequired,2020-07-02T06:28:25Z,0,
Fihj2_qSDhU,UgzfBoVAN6JnrlVF3El4AaABAg,boris looks adorable construction hat get impression like play dressup lol,@Eusantdac,2020-07-01T23:26:16Z,0,
Fihj2_qSDhU,UgyVutkxEB15Pm4r2tt4AaABAg,always show germany china usa really wanna see whats going example slovenia poland ukraine eastern part europe,@zuziaryz6341,2020-07-01T21:57:00Z,2,
Fihj2_qSDhU,UgxCopxKIjma_Xb8o1x4AaABAg,therapeutic preventive measures never bring harm illness aim protect risk groups without endegearing availibilty medical care health whole population occurring devastating consequences,@Beyond_Belief534,2020-07-01T21:29:26Z,0,
Fihj2_qSDhU,Ugw-N10wcmqM_k0A9TJ4AaABAg,bbc teleprompter stopped,@auro1986,2020-07-01T18:08:31Z,0,
Fihj2_qSDhU,Ugyx-r4POg1ju2-4nTd4AaABAg,ten million world population billion million fraudulent since doctors get paid reporting coronavirus cases illnesses,@AccordionJoe1,2020-07-01T17:51:35Z,1,
Fihj2_qSDhU,UgypVxGAk52sOwTjMXJ4AaABAg,johnson blue hardhat cummings offscreen wearing white hardhat,@public.public,2020-07-01T15:51:51Z,0,
Fihj2_qSDhU,UgyKAMPfDAqxXL2k_NV4AaABAg,guess riots died today breaking news plz stay inside daddy government keep grandma safe oh wait whats another man shot popo everyone lets lock hands walk streets show solidarity grandma going die anyway,@EnVee215,2020-07-01T12:18:53Z,0,
Fihj2_qSDhU,UgyKAMPfDAqxXL2k_NV4AaABAg.9AZrCUefUfA9A_BAG0exQZ,go unprotected enmasse onto beaches locally thousand demonstrate protection comparison fake views noted,@public.public,2020-07-01T15:22:04Z,0,UgyKAMPfDAqxXL2k_NV4AaABAg
Fihj2_qSDhU,UgyKAMPfDAqxXL2k_NV4AaABAg.9AZrCUefUfA9A_BOttj86w,publicpublic yessum massa,@EnVee215,2020-07-01T15:24:04Z,0,UgyKAMPfDAqxXL2k_NV4AaABAg
Fihj2_qSDhU,Ugxc4Xj5CuCcFqkep4B4AaABAg,worldwide top million really us mostly problem,@chriswinston1223,2020-07-01T11:32:32Z,1,
Fihj2_qSDhU,UgyGaH4z0-fem-qjLh14AaABAg,blatant antitrump rhetoric fix journalism bbc supposed propaganda,@Jps007cat,2020-07-01T09:50:21Z,0,
Fihj2_qSDhU,UgxM8-WtyXjltjblqgl4AaABAg,dr offers proof cv exists httpswwwyoutubecomwatchv_clyqc,@HelloWorld-ns7gt,2020-07-01T09:10:12Z,0,
Fihj2_qSDhU,Ugw8cuvb7r2HeF-OaqB4AaABAg,pence seems short memory hes advising us citizens wear mask refused,@singingsam40,2020-07-01T08:49:23Z,1,
Fihj2_qSDhU,Ugze27lsvtIafJ5ClDR4AaABAg,reliable anymore unfortunately dont use facts count many infected since ppl hardly symptoms count people intensive care dead stead death rate sweden number people intensive care going fast capacity intensive care die influensa usually none year passed worse impossible deal number people anti bodies increasing number protecting tcells,@iamnotoldami,2020-07-01T07:45:53Z,0,
Fihj2_qSDhU,UgwV7LweybZbNV1KQxB4AaABAg,protesters caused,@beverleyspugsandhomestead.,2020-07-01T05:08:47Z,0,
Fihj2_qSDhU,UgwV7LweybZbNV1KQxB4AaABAg.9AZ4zMcGmcp9A_C45LKBQy,yeah millions go unprotected onto beaches bars compared thousands wear protection demonstrations comparison,@public.public,2020-07-01T15:29:58Z,1,UgwV7LweybZbNV1KQxB4AaABAg
_f4VKQ21sNw,Ugx7vt_O-xY8UBfTCYl4AaABAg,right,@Mtrbus179,2022-08-29T08:41:29Z,0,
_f4VKQ21sNw,UgwLzwqNdotc1CXl-hZ4AaABAg,dritua life saver thank saving husband herpes virus husband free virus totally permanently help doctor,@mrsmonica5001,2022-03-06T14:57:22Z,0,
_f4VKQ21sNw,UgxWE-dtZAFikVPPJVh4AaABAg,dritua life saver thank saving husband herpes virus husband free virus totally permanently help doctor,@mrsmonica5001,2022-03-06T14:53:41Z,0,
_f4VKQ21sNw,UgzaXo4lifJf9eYoJol4AaABAg,dritua life saver thank saving husband herpes virus husband free virus totally permanently help doctor,@mrsmonica5001,2022-03-06T14:53:34Z,0,
_f4VKQ21sNw,UgwExMgIxduSOqasnVN4AaABAg,dritua life saver thank saving husband herpes virus husband free virus totally permanently help doctor,@mrsmonica5001,2022-03-06T14:53:26Z,0,
_f4VKQ21sNw,UgzNOXB5oM2dhOzIIJZ4AaABAg,yay uk great im sure china jump blast media saying created first,@petecastelioni9026,2021-11-09T06:38:32Z,1,
_f4VKQ21sNw,UgymHJKoZfji2N6Nybt4AaABAg,cant thank enough dr itoya youtube putting end corona virus natural herbal medicine,@tashazink4183,2021-10-20T21:21:50Z,0,
_f4VKQ21sNw,UgziUr8mI2MaugZsGNB4AaABAg,able get rid corona virus medication order dr itoya youtube keep saving lives sir,@meggimiler4381,2021-10-20T21:07:10Z,0,
_f4VKQ21sNw,UgwcXCiT8tEShyy91CJ4AaABAg,doctor israel developed covid cure effective money united states look pharmaceutical companies getting rich covid care bottom line american lives,@austi625,2021-10-10T21:43:22Z,0,
_f4VKQ21sNw,UgzsmamzXC8KA8naeQJ4AaABAg,wishing covid cure cruiz around world song covid bluesmercury blues parody,@lesbialek1000,2021-09-30T05:17:54Z,0,
_f4VKQ21sNw,UgxK3aREv7i_FTv8CTR4AaABAg,politics wait israel make cure know god help wait patient stop vaccine cure,@sensienevets3381,2021-08-06T09:20:19Z,0,
_f4VKQ21sNw,UgxJOsO46at0tRlsKVF4AaABAg,israel drug also nitric oxide spray invermectin,@vincentcacciola7161,2021-07-29T16:05:17Z,0,
_f4VKQ21sNw,UgzeGP9Z2Yd4OOdK4zB4AaABAg,hi covid alone home past weeks felt chest breathing become labored took sprinkle regular seasalt palm licked following little water mostly opened airways breathing became better sometimes minutes worked eventually,@orionlottering7349,2021-06-19T21:41:10Z,2,
_f4VKQ21sNw,UgyApbIO2JilbnE9wE54AaABAg,well cheap manufacturer charge pill us,@gaygamerboi,2021-06-16T19:53:25Z,1,
_f4VKQ21sNw,UgyApbIO2JilbnE9wE54AaABAg.9OetRx3Ufqh9Rl6NAiDiri,maybe consider going timothy mcvey big pharma,@moa3645,2021-09-01T19:24:44Z,0,UgyApbIO2JilbnE9wE54AaABAg
_f4VKQ21sNw,UgxEL_SrY48GsxI3oW94AaABAg,httpswwwfacebookcomcoronacurewithchronheal harbal icmr lab tested medicine chronheal cure prevent covid prevent post covid complicationsvisit link details live testimonial patients cured without side effects,@dr.katesfastayurvedaforhea3380,2021-06-06T11:36:31Z,0,
_f4VKQ21sNw,Ugzeo6sOTgF7NP3RByh4AaABAg,contacted dr scott email address drscottwitchergmailcom spoke issue told went told worry everything fine prepared medicine send courier service told use itafter days usage went see doctor test result negativeam happiest man earth contact herbal doctor via drscottwitchergmailcom text today get cure cure disease band virus like hiv cancer std coronavirus diabetes counselling psychologist,@castilloryan8910,2021-06-01T02:41:55Z,0,
_f4VKQ21sNw,UgyGC8FFixX35FuJUwN4AaABAg,contacted dr scott email address drscottwitchergmailcom spoke issue told went told worry everything fine prepared medicine send courier service told use itafter days usage went see doctor test result negativeam happiest man earth contact herbal doctor via drscottwitchergmailcom text today get cure cure disease band virus like hiv cancer std coronavirus diabetes counselling psychologist,@castilloryan8910,2021-06-01T02:39:20Z,0,
_f4VKQ21sNw,UgwRp4lUDnsR1Who99h4AaABAg,dont think save thousands lives grim bold understatement considering billions planet,@nillyphily.,2021-05-11T07:06:02Z,1,
1UtPZxGRZ5k,UgwscXTnxjUD-bpjFWB4AaABAg,bbc fuck misinformation complicit death millions thats tip iceberg,@martincollins6071,2024-03-12T17:17:59Z,0,
1UtPZxGRZ5k,UgyzBC0R0pdEMtsl2vh4AaABAg,hope take health,@Mtrbus179,2022-08-30T12:41:06Z,0,
1UtPZxGRZ5k,UgyJTC8W6iBAWHuhAvJ4AaABAg,works well caribbean steam inhalation ingredients use helping us greatly remember u told us coconut oil bad im sorry gonna continue steam works numbers keep going keep vaccine thanks,@shecan369,2020-11-15T13:19:20Z,0,
1UtPZxGRZ5k,UgyQZclQ6_qdixGfwhB4AaABAg,fake news people g dangerous,@billmwika7428,2020-05-16T12:44:27Z,0,
1UtPZxGRZ5k,UgwIZV4_9UyCso6L4_x4AaABAg,bbc depends upon millions uninformed idiots existing soon educate bbc becomes essentially obsolete irrelevant recognize inherent bias automatically lack relevant questions get asked ist blatantly obvious painfully think g example media gave thoughts think still dont actually know trust experts camera think surely government would allow public exposed harmful technology course could go day thinking anyone says otherwise rampant conspiracy theorist obviously quite mad called mind control thought following next creating perfect bubble incontestable comfort ignorance could burst moment day look iphones emf exposure health warning really fkd,@Nasan4444,2020-05-12T08:49:57Z,0,
1UtPZxGRZ5k,UgylfbGz_aK4YN8BBB94AaABAg,military weapon used kill population,@martincox5565,2020-05-11T03:19:55Z,0,
1UtPZxGRZ5k,UgyzbwnZg4SVrD6CRYd4AaABAg,thamil da,@ananthakumar8844,2020-05-04T21:11:47Z,0,
1UtPZxGRZ5k,UgxS8Q01BiV4-xAfnpt4AaABAg,watching bbc news,@suesmith4360,2020-05-04T13:13:14Z,0,
1UtPZxGRZ5k,UgxIKxXU0mYRgtnwe-J4AaABAg,bbc cannot trusted,@petercottam2466,2020-05-03T21:30:41Z,0,
1UtPZxGRZ5k,UgwuqQv38DafJ4vxz7p4AaABAg,young lad government mentioned matt hancock already died times around world maybe got lives,@andrewpanrucker,2020-05-03T15:38:08Z,0,
1UtPZxGRZ5k,Ugz4et5qOpwy6jT-iYJ4AaABAg,httpsyoutubedbfrblw_gvs,@andrewpanrucker,2020-05-03T15:34:45Z,0,
1UtPZxGRZ5k,Ugx3QFI7layqGUGpfwd4AaABAg,g myth isnt spreads coronavirus weakens immune system stops lungs absorbing oxygen turned ghz trust david icke especially media action charity funded million bill gates foundation million european union,@andrewpanrucker,2020-05-03T15:33:55Z,0,
1UtPZxGRZ5k,UgwkzC0sQZdxZ94Hmvt4AaABAg,httpsyoutubecymvaegsbs,@thechosen254,2020-05-03T12:20:58Z,0,
1UtPZxGRZ5k,Ugx_BV5OSMmdNBPjj-V4AaABAg,time close bbc propaganda stinks ov china,@onone8759,2020-05-02T08:14:50Z,0,
1UtPZxGRZ5k,UgyBxTN2MObeu98udDV4AaABAg,david icke truth rose icke iii livestream londonrealtv truth davidickecom,@ETsAreAmongUs,2020-04-30T14:19:17Z,0,
1UtPZxGRZ5k,UgzrQjFIuwgGEHjEc_R4AaABAg,feel like time come live grid land trust instincts want live looks like another mutation virus happen kill desperate fight livebut wonder elite new world order dominate nobody around,@RubinaMerchant,2020-04-29T16:54:58Z,1,
1UtPZxGRZ5k,UgxN7Mh_v_ZisN5MZ2F4AaABAg,look doctors scientists concerned effects g google article shows symptoms theyre warning turning httpsabcnewsgocomhealthcovidpatientsbloodclotsstoryid,@cocos8903,2020-04-29T16:43:44Z,1,
hCyqI9sIwVU,UgxVyQValVEBL9svoFp4AaABAg,stupid system uk since percent people mild symptoms spreading rapidly mass frequent testing easier identify people self isolate amount people virus spreading unknowing family friends strangers high doesnt help many people arent wearing masks dont wash hands clothes food properly enough find frustrating people forget masks pretend asthma asthmatics definitely cant wear mask dont hijack someone elses condition forgot dont think important many older peoples lives risk selfishness could trace virus old person gasping breath icu would care,@JoJo-xb7do,2020-11-12T22:35:48Z,0,
hCyqI9sIwVU,UgwdANdBNVmtnK5Ice54AaABAg,dr kary mullis inventor pcr said use pcr testing infectious diseases download share httpcvsamazonawscomvideokarymullispcrmp,@lovesalafiislam3744,2020-10-19T00:06:54Z,0,
hCyqI9sIwVU,UgxyUuTq_oQaTIkl8h54AaABAg,treated treatment,@ShropshireRabbit,2020-06-23T11:55:25Z,0,
hCyqI9sIwVU,Ugw1CLH31aiSCwnOoaJ4AaABAg,thank stick test sun dont shine dont trust one nhs government liers sometimes much darker goin telling us,@davehardy2708,2020-05-21T09:41:28Z,0,
hCyqI9sIwVU,Ugw0y9RE7BiuE6Svc5R4AaABAg,testing kits using testing glass positive covid,@rayjones5998,2020-05-13T17:22:32Z,0,
hCyqI9sIwVU,UgyHsqNY-ebHKcEf9It4AaABAg,waiting video entitled coronavirus need vaccinated bbc news,@bmeghani88,2020-05-11T19:50:29Z,1,
hCyqI9sIwVU,Ugx26coteFv64CKAEop4AaABAg,want break us vaccine introduced,@thomaskuehn5022,2020-05-11T06:09:16Z,0,
hCyqI9sIwVU,UgxbNVnWapOEjWkueb94AaABAg,u need testing u infected nobhed,@sohailahmed7828,2020-05-10T10:47:19Z,0,
hCyqI9sIwVU,UgwDyUdhWBfWppNj0cB4AaABAg,wake people need burn totalitarian cheerleaders called bbc late,@pattydaniels4950,2020-05-09T18:59:36Z,0,
hCyqI9sIwVU,Ugw3DLM_j9PYt9tqErp4AaABAg,know nipha virus spread india,@sajsebastian7787,2020-05-09T17:40:24Z,0,
hCyqI9sIwVU,UgwIdKhuBIlAc7QzZax4AaABAg,theater doubt china scattered coronavirus pandemic world damaged countries europe dogs china,@fieldriver3391,2020-05-09T00:40:24Z,0,
hCyqI9sIwVU,Ugzfa_KDjrh5Iqp86v54AaABAg,rollup rollup get yer none medically trained bill gates vaccine,@DavidPeacock1972,2020-05-08T14:30:29Z,0,
hCyqI9sIwVU,UgwSkeS-ac6WGv5_a6Z4AaABAg,dont download covid spy app big brother spying dont need get tests fake covid virus fascist tory government killing millions people neglect medical negligence due unlawful lock riotslondonuk liftlockdown torynazipigs fakecovid endlockdown covidfake nwo overthrowtorypigs,@MrFurling,2020-05-08T13:31:19Z,1,
hCyqI9sIwVU,Ugx6wfKCwVtBlkGKpFV4AaABAg,hoax dont make discrimination virus everybody back work normal way consider like pimple u life threatingunlese percent gets pimple infection dont make human phobia,@jayat4927,2020-05-08T12:51:27Z,0,
hCyqI9sIwVU,Ugz8w769oge-io0Svj94AaABAg,everyone still bending taking ass bbc,@xaviistoroben6805,2020-05-08T09:54:58Z,0,
hCyqI9sIwVU,Ugy9qWAC1homin68p5V4AaABAg,httpsyoutubeoiaztcfxi link anticonstipation solution brain,@oranginebibolo3503,2020-05-08T08:20:16Z,0,
hCyqI9sIwVU,Ugx9JQjvZFrLnP_ObI54AaABAg,husband cooking today wife making potato vegetable understand potatoes cooked yet husband dont wife husband talk potatoes maybe cook,@HYD-RealEstate1,2020-05-08T08:11:47Z,0,
hCyqI9sIwVU,UgwWFg3uTeLJfWNaTPF4AaABAg,positive thinking keep healthy corona free,@pranaysanthoshpatilindian5376,2020-05-08T02:39:17Z,0,
alo1kLQXaf4,UgxmVihj0BzpI7g-tZx4AaABAg,biggest myth whatever bbc says know,@jerome_mgozama,2024-06-04T18:51:27Z,0,
alo1kLQXaf4,Ugx9d_e_yzGdDnKmH_t4AaABAg,fuck zombie looking old tosser may long haul certainly go fuck bbc,@yeahtbh774,2021-07-27T00:13:06Z,1,
alo1kLQXaf4,Ugwf5xINRP_oSZxCafJ4AaABAg,lemons may save theyll give fake positive covid test result fancy time ask kids theyll know,@kaptneonasplitinmymind8508,2021-07-07T11:50:50Z,0,
alo1kLQXaf4,UgwWeBSeFi1-Q_RdZQ94AaABAg,lemons create fake positive lateral flow test,@OfficialMarkLillington,2021-07-07T10:33:15Z,0,
alo1kLQXaf4,Ugy2L6hZX2gGV45v-WZ4AaABAg,drps lemon juice nostrill save life chorana used family freinds,@spiritualpath3966,2021-05-04T09:03:55Z,0,
alo1kLQXaf4,Ugz7hdw4CdnAuoWR2pR4AaABAg,lemon best chorona elpatehic docters dont want approve free easy methods people,@spiritualpath3966,2021-05-04T09:02:20Z,0,
alo1kLQXaf4,Ugy6mqOSzY9z6UYiJKV4AaABAg,powerful lycopene tomato httpswwwyoutubecomwatchvhhvvvbnbdw eat avocado everyday update httpswwwyoutubecomwatchvdvpxjpzets,@superfoodsuperlife4273,2021-05-02T14:16:42Z,1,
alo1kLQXaf4,UgxdCuCxeLs6r0rAVtV4AaABAg,stupid ass person providing half information lemon juice supposed consumed supposed taken via nose clear cough phlegm worked wonders people know yes mosquito spread virus imagine sat spit somewhere virus present spread person bites,@The_Bold_Statement,2021-05-02T06:23:13Z,0,
alo1kLQXaf4,UgzB3EWvSFmTcYEZ5t94AaABAg,remember cancer drug revlimid introduced time increased per pill current notice infection rates cancer rose put two two together doctors advising natural remedies cured pharma loses money thing happen vaccines price gouging,@valeriesanchez3074,2021-02-27T20:39:18Z,0,
alo1kLQXaf4,Ugx-YSN3wQc1w9ooaS94AaABAg,dont know youre talking lemon antiviral properties kills viruses research misinform people,@rawfoodshealth870,2021-02-03T04:51:58Z,0,
alo1kLQXaf4,Ugzbc4P0T98W7VmmgXR4AaABAg,dont believe fake news stay healthy diet vitamin c stay drugs harmful medicines,@Freemindd-j2h,2021-01-20T14:26:38Z,0,
alo1kLQXaf4,Ugx5l3g64B_uYw2GMtF4AaABAg,permanent cure diabetes als cancer stroke herpes lukeimia hiv chronic pains psoriasis arthritis fibroid lupus medicine get dr oseigba mercy man great supplement treat disease viruses contact via emaildrharrymercygmailcom whatsap,@Misshawaiiii,2020-12-17T22:57:25Z,0,
alo1kLQXaf4,UgwHrivqx2Jjg1u9DqV4AaABAg,hi cordially invite visit modernmommy dedicated parenting motherhood childcare development health skincare httpsmfacebookcommodernmommyrefnfhc_refarsdwiqdvxksdadypcfxcbkhvfcuzjyvvmfjwthjehpgztojtroo,@modernmommy7803,2020-12-17T11:38:38Z,0,
alo1kLQXaf4,Ugy6zAEQnBcwtRIc70p4AaABAg,httpswwwyoutubecomwatchvjmwxrrnea,@beebeenorthland-manukahone9,2020-11-15T20:52:34Z,0,
alo1kLQXaf4,UgxG2mS8g_ldW_3hesh4AaABAg,name roselyn mendoza california burbanks happy today free herpes disease since past three years passed many different processes getting cured diseases disease nothing working friend mine introduced herbal health doctor called alahaji bash sent herpes disease herbal remedy life get transformed everything fine okay till going check going four months still negativethanks alahji bash never stop telling world good workcontact alhaji bash email alhajibashgmailcom via whatsapp httpswwwfacebookcompostsappfbl,@roselynmendoza2635,2020-09-23T22:19:28Z,0,
alo1kLQXaf4,UgxwAOqkndGHaAmgw_V4AaABAg,im forced drink lemon juice,@BajanEnglishman51,2020-05-08T13:46:37Z,0,
alo1kLQXaf4,UgxKbbS2TbdV479zGKh4AaABAg,baking soda destroy coronavirus,@giftonwright7623,2020-05-01T22:08:03Z,0,
alo1kLQXaf4,UgxfnV1UY2WGZudr2_F4AaABAg,baking soda alkaline water cure coronavirus,@giftonwright7623,2020-05-01T22:07:29Z,0,
alo1kLQXaf4,UgyfnohstE4e9s7iWft4AaABAg,lemon juice baking soda cure coronavirus,@giftonwright7623,2020-05-01T22:03:12Z,0,
zoZlDUsdtAg,UgxwbKA6EVhPJoWp2fx4AaABAg,participate challenge trials must hard time even getting vaccinated scary side effects amazing experimented covid experiment government provide lot support condition may become serious due covid right hope really reliable vaccine made soon peoples hardships wasted hope covid ends,@월스-i9z,2021-09-27T13:15:46Z,0,
zoZlDUsdtAg,Ugxbx1NOsCQYImZQjaV4AaABAg,living modern society faced best ordeal coronavirus solve ordeal make effective vaccine treatment watching video made think lot saving lives challenging experiments certainly good thing however think volunteers receive reasonable compensation applied even though lives could danger want clinical trials conducted ethically safely hope coronavirus end soon possible smile happily lets cheer,@ejhbbsjjjw2673,2021-09-27T03:26:31Z,0,
zoZlDUsdtAg,Ugx1uB_YE3MjFLkRuLZ4AaABAg,think people challenge challenge great experiment guaranteed safe surprised many challengers challenge infected viruses related human life easy wouldnt done challenge course family difficult challenge think vaccine accelerated people im also grateful,@HK-qj7lj,2021-09-24T07:16:24Z,0,
zoZlDUsdtAg,UgytwK4g_19IOGOfqlV4AaABAg,challenge trials shouldnt control groups ypu way cancer treatments done best optuion drug tested theres cure next best option another vaccine dont freely give people deadly disrase zero chance roll dice load dice,@michaelparks7177_BritOz,2020-10-12T05:22:21Z,0,
zoZlDUsdtAg,Ugz2DSeY8UOJd7NVpyp4AaABAg,bombshell evidence covid rna base pairs identical chromosome human dna httpswwwyoutubecomwatchvykzckrza chromosome httpswwwncbinlmnihgovassemblygcf_ pcr test httpswwwwhointdocsdefaultsourcecoronaviruserealtimertpcrassaysforthedetectionofsarscovinstitutpasteurparispdfsfvrsnfcb_ p deletion syndrome httpswwwrarechromoorgmediainformationchromosomepdeletionsftnwpdf found pcr tests looking genetic sequence ctccctttgttgtgttgt ctccctttgttgtgttgt primary assembly chromosome chromosome genes responsible brain development intelligence function repair dnacancer cells plan give us vaccine turn chromosome chromosome intelligence cancer repair target try eliminate genetic sequence creating molecular mimicry effect turning immune system upon end goal create dumb sick population unable understand sick small lifespans beginning cull humanity wake,@theboraxbandit9563,2020-08-26T17:31:22Z,0,
zoZlDUsdtAg,Ugz2DSeY8UOJd7NVpyp4AaABAg.9CpbUFhqUCD9CrQSpql5-z,seem youre complete nut job dont know single thing genetics youre parroting bs,@ge2719,2020-08-27T10:24:48Z,0,Ugz2DSeY8UOJd7NVpyp4AaABAg
zoZlDUsdtAg,UgzrAduiDupMoIIaRiB4AaABAg,keep vaccine definitely keep covid definitely wouldnt,@waynebritton6711,2020-08-26T17:11:26Z,0,
zoZlDUsdtAg,UgxwN0vFzuQicmWF7Ld4AaABAg,defund bbc legally cancel tv license propaganda tax httpswwwtvlicensingcoukcheckifyouneedonetopicscancellationsandrefundstop,@forevertipsy3550,2020-08-25T15:37:47Z,0,
zoZlDUsdtAg,UgxXfsS-_EFOBy1Ara14AaABAg,vaccine virus doesnt kill healthy people httpsyoutubelfenzpty,@aod2392,2020-08-25T06:15:46Z,0,
zoZlDUsdtAg,UgxXfsS-_EFOBy1Ara14AaABAg.9ClpN96ekjR9ClpV2EnwYI,german view point someone knows,@aod2392,2020-08-25T06:16:51Z,0,UgxXfsS-_EFOBy1Ara14AaABAg
zoZlDUsdtAg,UgzoZMvCB4CCy1v_cg54AaABAg,devastating critique french professor cannot clear well said subtitles provided httpsyoutubeulauzq,@aod2392,2020-08-25T06:06:55Z,0,
zoZlDUsdtAg,UgwGO41Wj59e_iHeQ4J4AaABAg,warning media gov fake news propaganda outlets control suppression people scapegoat financial meltdown already occuring well useful catalystreason enact world economic forum great reset un sustainable development agenda taking supply chains homogenizing control grid see ice age farmer spiro skouras videos regarding httpswwwcebmnetcovidinfectiouspositivepcrtestresultcovid httpsvimeocom problem trying determine sarscov infections using pcr tests httpswwwyoutubecomwatchvfuoibcindq casedemics inevitably result continued rtpcr testing httpswwwdailymailcouknewsarticlehospitalcoronavirusadmissionsreportedpeakpandemichtml admitted hospital covid peak pandemic overreported brits suffering illnesses included data collected monitor virus outbreak death testing figures repeatedly inflated scare us httpswwwcebmnetcovidthedecliningcasefatalityratioinengland httpstwittercomiceagefarmerstatus type language totalitarian overreach universal across emergency measures whether abused yet irrelevant spiro skouras youtube httpswwwyoutubecomwatchvxpzxrebqr great reset plan revealed covid ushers new world order httpswwwyoutubecomwatchvcrlewduwmx great reset targeting children plans reimagine humanity lie based incorrect models testing assumptions well manipulated statistics via guideline relaxation point sheer incompetance inability admit error due saving face ignorance excuse harming people yes far forced illhealth death due lockdown fairly typical respiratory illness season explanation intentional malicious card payment bending knee pseudovoluntary government policy pushed fearpandemic fairly typical respiratory illness season added manipulated statistics new testing rtpcr testing utilised way previous years wouldve seen exact lunacy come lockdown destruction economy health service along sending extremely old vulnerable people hospitals carehomes whereby care homes zero gp coverage aside teleappointments nothing short criminal lockdown measures killed countless tens thousands delayed cancerother health screening kill far going forward via avenues also purposefully manifested foodsupply chain problems put least hundreds millions around world abject poverty suffering httpsswprsorgaswissdoctoroncovid httpsevidencenotfearcomevidence httpinproportiontalkigycom httpstwittercomfatemperorstatus httpshectordrummondcomalistairhaimesthevirusthatturneduplate httpsedwardjblackcomtheinvisiblewar httpsedwardjblackcomtherealinvisiblewar,@anicca4443,2020-08-24T18:27:43Z,0,
zoZlDUsdtAg,Ugz1wK6J1JWj_vO_JnB4AaABAg,dont suffer flu colds stomach bugs anything else wanna know kid swam water full sit immune system hardenedgeorge carlin people wear face masks immune systems grow weaker,@ThuleApsu,2020-08-24T12:21:40Z,1,
zoZlDUsdtAg,Ugz1wK6J1JWj_vO_JnB4AaABAg.9CjuSECJiDW9Cpbt2ENWZv,bombshell evidence covid rna base pairs identical chromosome human dna httpswwwyoutubecomwatchvykzckrza chromosome httpswwwncbinlmnihgovassemblygcf_ pcr test httpswwwwhointdocsdefaultsourcecoronaviruserealtimertpcrassaysforthedetectionofsarscovinstitutpasteurparispdfsfvrsnfcb_ p deletion syndrome httpswwwrarechromoorgmediainformationchromosomepdeletionsftnwpdf found pcr tests looking genetic sequence ctccctttgttgtgttgt ctccctttgttgtgttgt primary assembly chromosome chromosome genes responsible brain development intelligence function repair dnacancer cells plan give us vaccine turn chromosome chromosome intelligence cancer repair target try eliminate genetic sequence creating molecular mimicry effect turning immune system upon end goal create dumb sick population unable understand sick small lifespans beginning cull humanity wake,@theboraxbandit9563,2020-08-26T17:34:53Z,0,Ugz1wK6J1JWj_vO_JnB4AaABAg
zoZlDUsdtAg,UgyT2stAsiMY8dXg9MV4AaABAg,deliberately infect virus havent even identified isolated actual virus tangible entity yet fact confirmed right thats basically doctor saying read lines,@greengrass9572,2020-08-24T08:01:02Z,0,
zoZlDUsdtAg,UgxpYep-QORN_nInkd54AaABAg,nonsense politics canada bc beginning today friends canada us parents one meet seen friends around world politics west thy want refugees,@kiyshi6427,2020-08-24T06:08:29Z,0,
zoZlDUsdtAg,Ugw4DVJDDj4SX__gegN4AaABAg,bbc poses much greater threat virus fake news,@helenau9388,2020-08-24T03:06:18Z,1,
zoZlDUsdtAg,Ugw-AaR4fsNeCI8fu614AaABAg,gonna inject tracking device set protest,@fortaniteyshorty8494,2020-08-24T00:48:17Z,0,
zoZlDUsdtAg,UgwmLwOylfpA4JzS69R4AaABAg,know want good safe vaccine side affects wondering going take year find vaccine normally takes ages well scientists knew coming never told us big shocker like government hides stuff us time point technology grown weve got scientists working together lets hope im im sure could survive another year like devastating depressing,@southamptonfc05,2020-08-23T23:33:11Z,0,
zoZlDUsdtAg,Ugx_RXtnZRFborSbkwR4AaABAg,well basically said vaccine wouldnt change much day soooo dont buy clear people profiting best keep going long possible,@Lawrence_L1,2020-08-23T23:31:53Z,0,
HTAMZI0CVss,Ugw_1omNj9aXYix9All4AaABAg,sick fcksif dont know harmful every human youre ignorant idiot,@johnwood8204,2025-01-21T16:25:54Z,0,
HTAMZI0CVss,UgyQGQNXJlQCRKRAlAp4AaABAg,mad doctors want force children participate deaths january th winston churchill shared beliefs adolf hitler wanted eliminate weak,@bartonseagrave9605,2022-01-30T08:23:36Z,0,
HTAMZI0CVss,Ugyw8NuvlwfJHKYzWuB4AaABAg,imagine mad man gun confronted law enforcement officer intent stopping committing harm community save skin mad man grabs child uses shield would consider despicable cowardly act act despicable cowards insist vaccinating children vaccine benefit child infact constitutes hazard child simply believe even without evidence child take risks adult might protected people selfish cowards earth,@lyricassassins1915,2021-09-10T10:54:55Z,0,
HTAMZI0CVss,Ugx4YbxFUsO-oyr5ru54AaABAg,honestly cant believe debate every time see video sit gobsmacked whole thing people please wake heinous need many us possible stand,@danh3932,2021-07-12T20:26:20Z,1,
HTAMZI0CVss,UgxrDY2rsVq47cyljCd4AaABAg,say children still spread ones vaccinated clearly people developing anmesia forgotten part,@LB-zd5yh,2021-04-27T09:46:35Z,2,
HTAMZI0CVss,UgyVMND8CeQAr6o5Xbt4AaABAg,yr old dead vaccine trial america confirmed vaers site yr old damaged,@margaretchant1789,2021-04-26T21:57:58Z,1,
HTAMZI0CVss,UgwoCEVXqT2jSOvebfJ4AaABAg,crime humanity,@muratkaya6581,2021-04-25T22:24:07Z,0,
HTAMZI0CVss,UgztGzwGlN4fFiYgjaJ4AaABAg,morally wrong forcing children vaccinated first place selfish gits,@SpecialK05_AdBishop,2021-04-25T18:09:03Z,0,
HTAMZI0CVss,UgwgHZmNk-61ZrCipMN4AaABAg,shouldnt put stuff anyone,@itsthatgod-damnpootin117,2021-04-25T13:01:00Z,0,
HTAMZI0CVss,Ugy9I1dK9dvj_LIet4l4AaABAg,evil governmentgates sponsored bbc terrorism propaganda,@MossleyWizard,2021-04-25T11:08:02Z,0,
HTAMZI0CVss,Ugy9I1dK9dvj_LIet4l4AaABAg.9MZ2zKDYpTe9MdOS3tVuOo,show us got info using memes bitcoin videos random social media posts,@FoamyFalcon,2021-04-27T12:51:47Z,0,Ugy9I1dK9dvj_LIet4l4AaABAg
HTAMZI0CVss,UgwoCfAlkTuArPrKpkN4AaABAg,even get vaxxed still catch spread wont stop itll mutate youll getting booster every yr til get chipped even doubt,@steev75,2021-04-24T21:55:37Z,1,
HTAMZI0CVss,UgxPaBQ9NqR2mBFnJtd4AaABAg,yes shouldnt suffer like rest us,@steveross8364,2021-04-24T21:46:03Z,0,
HTAMZI0CVss,UgxPaBQ9NqR2mBFnJtd4AaABAg.9MXcCXQW8xY9MYh4o2ZxHs,lol cant stand little blighters screaming throwing tantrums little shits annoy doesnt mean wish harm,@ThuleApsu,2021-04-25T07:47:56Z,0,UgxPaBQ9NqR2mBFnJtd4AaABAg
HTAMZI0CVss,UgxPaBQ9NqR2mBFnJtd4AaABAg.9MXcCXQW8xY9MZeJ424CZo,thuleapsu true enough im pretty much mind tbh doesnt mean cant wish miles away,@steveross8364,2021-04-25T16:42:54Z,0,UgxPaBQ9NqR2mBFnJtd4AaABAg
HTAMZI0CVss,UgxPaBQ9NqR2mBFnJtd4AaABAg.9MXcCXQW8xY9MZzQ4czZw2,steveross hehe damn right,@ThuleApsu,2021-04-25T19:47:22Z,0,UgxPaBQ9NqR2mBFnJtd4AaABAg
bYQjssb7xdk,UgzisKz7rwO_Z-zOK8h4AaABAg,hindsight laughable standing metres away would prevent anything,@JJGames19,2026-01-30T02:14:53Z,0,
bYQjssb7xdk,UgxG8rw1E85hhQ--pe54AaABAg,best thing social distancing going cinema without random person sitting next,@hadj0587,2025-12-10T23:15:13Z,0,
bYQjssb7xdk,UgxDw1a3J4cjI1tmyQN4AaABAg,maintain social distance public places everywhere wear mask cumpalsary public save happy good life save others happy good life,@lakshmibhat6658,2021-05-10T17:50:42Z,1,
bYQjssb7xdk,Ugz2fhGvXgcrK_i1y1x4AaABAg,realised term oxymoron lol coz social distancing mean opposite things months clocked,@zgzg8423,2020-12-20T23:40:18Z,0,
bYQjssb7xdk,Ugz2fhGvXgcrK_i1y1x4AaABAg.9HVxuvEhTbO9I4TCruyiDo,irish way explain social distancing stay fuck away everyone lol,@juicylmao1544,2021-01-04T03:55:10Z,0,Ugz2fhGvXgcrK_i1y1x4AaABAg
bYQjssb7xdk,UgzxyArKpIDfXdN8GpR4AaABAg,hello living japan let show social distance pr video hope everyone take care keeping socialdistance escape corona virus affection httpsyoutuberadzpncxc,@japanbird,2020-11-08T00:51:46Z,0,
bYQjssb7xdk,UgwIFEJ7XQerDI4qwaR4AaABAg,httpswwwyoutubecomwatchvrqwedktegg windsurf problems,@Redheadred1111,2020-08-23T21:31:39Z,0,
bYQjssb7xdk,Ugyx8__4TCR7WhaPrrV4AaABAg,fake news,@pandoraefretum,2020-07-04T01:57:07Z,1,
bYQjssb7xdk,Ugy-fn87VpgrriW4b3V4AaABAg,street value lawlessness whole bunch tunnel end lockdown lockdown taking us today minority report specialized glass youre teeth lets examine motives weve got get terrorism organization open major security concern lets examine citizens yah app away easier control wear white vice mitigated disaster far along get rid brave new world see far apart hurt one another theyd need arms reach work clockwork orange lets dress mules costume rabbit indoors get indoors smile take apart slowly get used siren watch walk time machine weve got nation hands amalgamous population control need get right mass demonstration get indoors everybody coronavirus lets take last satellite citizens world unite show solidarity stand world time want better world taller earth didnt happen waved away neutralized lockdown minus incredible affords powers celebrate bored lifes usualness helps set wave cold precedent extrajudicial killings every kind military think wrong reasons war hatred clan thats today hatred rise essence dark end must protect social distancing spotify buy million found saying give people wildly asking open ears thats im lookin comet home poise im singing world lockdown saw bigger nations hit nail head look lets look surprise everybody really surprised people measuring people lockdown look everyone hows everyone social distance see robot finish means constantly worry death press special players game open arms wide take fear basket fails town today gonna unplug dont watch tv news know dont want youre acting like small child theyll watch scary movie though scares daily newsletter incredible field house front face httpstwittercomdonnydukestatus,@DonnyLeeDuke,2020-06-13T06:16:57Z,0,
bYQjssb7xdk,Ugx_T-_1mvpDvmZpTZx4AaABAg,vast ignorant herd obey big brother masks three viruses airborne ebola smallpox tbso tell ignorant hysteria lockdowns masks social distancing covid isnt transmitted air covid another common flu virus isnt dangerous common flu virus people ignorant bekieve everything tge tube tv says hypnotized follow pipe player easy mass mind indoctrination tiny see veils deception think ask right questions politicians forced lockdowns tried hague crimes humanity,@luis1coelho,2020-06-04T17:05:32Z,1,
bYQjssb7xdk,UgzJRHUnvTVC82hs2YF4AaABAg,fake news,@drchapel9400,2020-05-24T16:48:44Z,0,
bYQjssb7xdk,Ugyf68A5CrYU_lYEDix4AaABAg,sars coronavirus non existant allowed run course deaths says lot need social distancing covid may kill millions herd mentality tens millions less social distancing developing vaccine mers another coronavirus nearly years closer cure work humans think find cure covid maybe yrs time helpless animals infected slaughtered viable reason human race violent sadistic greedy selfish race thinks killing fun calling hunting helpless animals mostly moving sport biological weapons nuclear bombs dropped tested nuclear power anything green countries full graves dead soldiers fukushima daiichi nuclear disaster chernobyl disaster three mile island accident world wars countless civil wars isis hezbollah al qaeda harkatulmujahideen boko haram threats nuclear annihilation chinas chairman mao implementing farming policy cost million chinese lives starvation genghis khan million roughly worlds population hitler million stalin million king leopold million hediki tojo million pol pot million ottoman empire million indonesian genocide million mussolini torquemada etc etc etc people think species worth saving im sure mother nature reclaiming property give back wildlife treat respect take need survive,@RobertELee-is3ey,2020-05-13T08:26:05Z,0,
bYQjssb7xdk,UgxX3h3h3E6RagZ37Ft4AaABAg,airplanes big enough social distancing cars big enough social distancing ships big enough social distancing restaurants big enough social distancing banks big enough social distancing buses big enough social distancing jails big enough social distancing court rooms big enough social distancing cities big enough social distancing,@rubicunduseratiudas1264,2020-05-13T02:52:30Z,0,
bYQjssb7xdk,Ugx99phAV2kP77sdbO14AaABAg,social distancinga complete waste time unfathomable mistake hear covid deaths underlying problems would take simple illness small minority succumb underlying problems includes self inflicted illnesses like obesity alcoholism drug dependency social distancing sorry wont make difference one person like started cycle start use looking cure either common cold coronavirus theyve trying find cure yrs sars died left run course mers still around trying yrs find cure itsoa cure coviddont hold breath never going happen sorry say lot fatalities even though may become immune system adapt like approximately coronaviruss first fatal though quite rampant deseases,@RobertELee-is3ey,2020-05-13T00:19:39Z,0,
bYQjssb7xdk,Ugx99phAV2kP77sdbO14AaABAg.98_OwsZsfwB98b0Nil0xMf,sonic werehog hooray another lateral thinker actually knows talking,@RobertELee-is3ey,2020-05-13T15:23:29Z,0,Ugx99phAV2kP77sdbO14AaABAg
bYQjssb7xdk,UgwMZ9D38MnFQny1uH14AaABAg,united stand divided fall,@BoogieKnight1976,2020-05-11T01:07:12Z,0,
6MBVHWFpiEo,UgyCB67qV5vJYz40B9h4AaABAg,answer titles question lookup evangelist joshuas dream interpretation biblical explanation,@Chosen144Watchman,2024-02-20T23:15:14Z,1,
6MBVHWFpiEo,UgwfOpsJJrPrjL4ct_t4AaABAg,least theres positive side effect shot,@kaimk23,2024-01-22T06:06:21Z,0,
6MBVHWFpiEo,UgyDw_BZE8fzIKJ-ESx4AaABAg,also another vivid dream sometime lockdowni laying bedsame place dream wellthere bonfire outsideseem like terriblenext thing even hear foot steps going stairssee one walking bedroom doori freaked woke upnothing theredont often vivid dream daysi often child hood lifedreams way weirdjust lately getting dreams going high skythem im ever falling sky,@dalebenton3354,2023-05-12T00:32:30Z,0,
6MBVHWFpiEo,Ugyr6CkM61Y1mwuuQUh4AaABAg,right weird dreams rd covid jabstill remember wellalso one vivid dream st covid jabalso weird welli laying bedi place dreami looking end bedroomi saw people running built wardrobe end bedroomthere white flat door corner bedroom dont even existall people running iteach person making electrical sparksit going least minsafter thati woke uplooked straight front mesaw wardrobe wallnothing else going onthat weird dream god knows people,@dalebenton3354,2023-05-12T00:28:27Z,0,
6MBVHWFpiEo,UgzE8469p_avJK5yujB4AaABAg,started coming covid monday week bizarre dreams feel im going crazy,@JarodRebuck,2023-05-06T16:23:45Z,0,
6MBVHWFpiEo,Ugwf5seaPPzT5aUMOOZ4AaABAg,ive one nightmare saw self demon got friends carthat crashed day dream walked stairs apartment open door everything seemed weird items would pop leave would walk went kitchen feeling eerie whole time apartment walked hallway back room reason feel like going moms room turn corner next bed facing room see version wearing black thing wore night crash looked face basically shadow eyes black whole mouth sat felt like minutes starring woke ive many many many demonic nightmares believe possession way movies portray mental thing im deeply insane,@gokubeast981,2023-04-17T08:28:35Z,0,
6MBVHWFpiEo,UgxL0e7EG6uzZ0xU9Ux4AaABAg,got covid month ago still insane dreams despite smoking weed fatigue seriously f china man made virus,@mountainexploration2435,2023-01-20T20:58:00Z,0,
6MBVHWFpiEo,UgyJGT95M5BRH5PUQDB4AaABAg,year ago taking vaccines nightmares worms crawling bodies turning blood clots,@Jera70707,2022-12-18T19:31:49Z,1,
6MBVHWFpiEo,UgwaZvHgwPqtQcLR-qB4AaABAg,ive samee scenario ground entrance led abandoned village peoples heads hanging front doors note checked apparently going safari tour somewhere dense tropical forest olden civilization jeep family members decided check one houses childs head hanging looked like normal modern house californiaand sent back dream occurred yrs old strange brains make movies,@drz975,2022-11-30T00:39:55Z,1,
6MBVHWFpiEo,UgwaZvHgwPqtQcLR-qB4AaABAg.9j1gKxLT7ls9jWQk3cvgnH,never heard officially ive noticed strange dreams dreams remembering often put together said never strong often since covid googled immediately popped strange,@allNDNland,2022-12-11T23:11:24Z,0,UgwaZvHgwPqtQcLR-qB4AaABAg
6MBVHWFpiEo,Ugxpm5PfgZHhL9zSoUV4AaABAg,guys u whant help situation tell one tip worked working morning haved sleep every day untill morning vacination got neurological problems sleep problems months without sleep sleep like make yoga believe hardest experience life u got dreams vaccination u problems sleep change sleep hours im sleeping morning untill see dreams see remember sleep wake times see lot dreams se guys good sleep like old days vaccination change sleeping hours changed job bcs sleep im working nights,@iamenea7830,2022-10-31T04:27:33Z,0,
6MBVHWFpiEo,Ugxwc1W2hOR25m_HggV4AaABAg,days vaccination got really scary dreams like year see every night weird none sense dreams like thoughts make thought maybe see dream weird im feel bad done self ive got vaccinated,@iamenea7830,2022-10-31T04:18:12Z,0,
6MBVHWFpiEo,Ugxwc1W2hOR25m_HggV4AaABAg.9hppTRM1z9dA8J19wCt5x4,every night since jab im permanently exhausted awful,@James-lu4en,2024-09-12T23:54:00Z,0,Ugxwc1W2hOR25m_HggV4AaABAg
6MBVHWFpiEo,Ugz6V_jQNIiMfJ4L2-l4AaABAg,vivid dreams healing,@theebikeshop5372,2022-09-14T11:17:34Z,0,
6MBVHWFpiEo,UgxFCTP_oGYFam6BvKR4AaABAg,dreams dont end always pleasant,@andreaallen8209,2022-08-30T20:47:16Z,0,
6MBVHWFpiEo,UgwM-AC0ukes2kgyO514AaABAg,want take medical leave absence cant told going maternity leave october,@andreaallen8209,2022-08-30T20:46:21Z,0,
6MBVHWFpiEo,UgzCRO_mozPwfWuPCpR4AaABAg,got bad work suspended days cutting hours snapped work walked almost quit im work week,@andreaallen8209,2022-08-30T20:34:37Z,0,
6MBVHWFpiEo,Ugy6e0jSTBYfvZtShp94AaABAg,ive vivid dreams entire life ever since work shaws food store im work deli dreams time covid sars past months dream started work deli serving customers clothing store like close sell im also pregnant saw dresses dollars big deli bouncer guy aside slammed dead animal counter went back deli asked lady worked years building ever clothing store said aims sears thought going crazy think everything else pregnancy stuff real feeling look past building work,@andreaallen8209,2022-08-30T20:26:25Z,0,
6MBVHWFpiEo,UgxmAeP78SUEcNgqjuB4AaABAg,spoken prophet joel shall come pass last days saith god pour spirit upon flesh sons daughters shall prophesy young men shall see visions old men shall dream dreams servants handmaidens pour days spirit shall prophesy shew wonders heaven signs earth beneath blood fire vapour smoke sun shall turned darkness moon blood great notable day lord come shall come pass whosoever shall call name lord shall saved god speaketh yea twice yet man perceiveth dream vision night deep sleep falleth upon men slumberings upon bed openeth ears men sealeth instruction may withdraw man purpose hide pride man keepeth back soul pit life perishing sword chastened also pain upon bed multitude bones strong pain life abhorreth bread soul dainty meat flesh consumed away cannot seen bones seen stick yea soul draweth near unto grave life destroyers messenger interpreter one among thousand shew unto man uprightness gracious unto saith deliver going pit found ransom flesh shall fresher childs shall return days youth shall pray unto god favourable unto shall see face joy render unto man righteousness looketh upon men say sinned perverted right profited deliver soul going pit life shall see light lo things worketh god oftentimes man bring back soul pit enlightened light living repent jesus real appocalypse going start years hell earth moreover brethren declare unto gospel preached unto also ye received wherein ye stand also ye saved ye keep memory preached unto unless ye believed vain delivered unto first also received christ died sins according scriptures buried rose third day according scriptures thou shalt confess thy mouth lord jesus shalt believe thine heart god hath raised dead thou shalt saved heart man believeth unto righteousness mouth confession made unto salvation scripture saith whosoever believeth shall ashamed difference jew greek lord rich unto call upon whosoever shall call upon name lord shall saved,@benzman7347,2022-08-29T11:56:45Z,1,
lHVNvFX8Bfg,Ugy65MvYT-HFPypzdpZ4AaABAg,cant believe many people taking vaccine joke around hope people learn one day find ones wont listen scientists fools,@MetalSlug-d9r,2021-03-17T22:00:10Z,0,
lHVNvFX8Bfg,Ugy65MvYT-HFPypzdpZ4AaABAg.9L-nbaFlIrRA26UcnucFoC,clot shot,@JINX88A,2024-04-11T23:53:00Z,0,Ugy65MvYT-HFPypzdpZ4AaABAg
lHVNvFX8Bfg,UgzN6ouiGlf4D7XF-w94AaABAg,let tell care home staff reluctant vaccine many bribed bullied take employer large care company threatening withold promotion bonus payments staff decline coercion believed doctors could give vaccine circumstances understand panic end day companies care staff customers reputation stated people vaccinated would considered employment future surely form discrimination employers entitled personal medical information carers choose jump queue vaccine many agreed want full compliance wrong way people say grateful first group receive many genuinely scared need time build trust vaccine,@HardinHolly,2021-02-01T09:41:29Z,0,
lHVNvFX8Bfg,Ugwf_IpiJRjp8776g3V4AaABAg,better ready february,@bugattistartiger3482,2021-01-27T04:43:19Z,0,
lHVNvFX8Bfg,UgwtZciDn28bYzH8QTt4AaABAg,created virus created vaccine something smells fishy making money people dying,@AnnoNimka,2021-01-14T23:11:33Z,0,
lHVNvFX8Bfg,Ugw7W_j4OzZRvnEv_hl4AaABAg,must ways get vaccines people much quicker example old days guns slow ineffective involved lot steps fire shots later new faster guns invented called gatling guns wondering come better ways get people vaccinated faster faster continue find better faster ways like people past,@randyhuy2889,2021-01-06T14:53:48Z,0,
lHVNvFX8Bfg,UgygZ74Emzsn8X2WHxN4AaABAg,never paid participants used publicity stunts promote trials wont sell venomous recombinant world lots noise nothing basing ones assumptions official cdc mortality rates would end debate issue instantly even assuming useless rtpcr swabs anywhere accurate returning positive still official figures httpwwwfrbservicesorgfinancialservicesfednowwhatisfednowhtml scroll infection fatality ratio scheme cdc telling world pandemic deadly virus deal chances get struck lightning times row showering bathroom endofstory,@alanmass1371,2021-01-05T15:20:14Z,0,
lHVNvFX8Bfg,UgyXUbvzx-Xpy_szbcF4AaABAg,change news report helping,@rangermansgaming7717,2021-01-01T20:22:47Z,0,
lHVNvFX8Bfg,Ugx1Zf1T3gQmRAzQ7YF4AaABAg,never fear ivermectin save daycheap,@liberty4347,2020-12-26T04:48:54Z,0,
lHVNvFX8Bfg,UgwFXEmOOSM2I6dTfJN4AaABAg,countries developed obviously get first,@JJ-si4qh,2020-12-17T07:03:33Z,0,
lHVNvFX8Bfg,UgykQ3ho6Spa1hyb_B54AaABAg,least years research vaccine hiv years research still cure cancer ongoing research common cold still vaccine research began beginning thcentury diabetes still cure today less year covid vaccine oh please cmon man also hearing employer fire take covid vaccine ridiculous,@Cripplewalker,2020-12-14T19:08:16Z,1,
lHVNvFX8Bfg,UgykQ3ho6Spa1hyb_B54AaABAg.9HG10EimewB9HlgZvnt9x6,actually vaccines certain viruses already wiped smallpox result hiv whole different kind beast viruses vaccines developed immunity viruses isnt classical antibodyagainst sort immunity lacking certain receptors cures certain kinds cancer need remember cancer virus contagious cancer cells also derived cells difficult develop drugs target specifically cancer cells hence fertility hair follicle issues used big side effect earlier cancer drugs also id like see source claim understand nursinghospital environment working vulnerable patients,@dallysinghson5569,2020-12-27T11:35:50Z,0,UgykQ3ho6Spa1hyb_B54AaABAg
lHVNvFX8Bfg,Ugwd2MEZsIgVPCHT-mp4AaABAg,virus taking world im talking covid im talking virus sin vaccine name jesus took piercings release healing power life blood cure depression anxiety fear anger etc salvation healing available receive repent turn jesus put trust believe gospel christ died sins buried rose third day would delivered fires hell eternal life jesus loves,@tdc2005,2020-12-14T18:28:35Z,0,
UZ2YVvXL7Hk,UgzI5gyjvzrX1Dsv4E14AaABAg,go vegan meat causes pandemics many ways,@Klausiancliff89,2022-01-05T21:26:46Z,0,
UZ2YVvXL7Hk,UgyD5vGAyDypEN2X8WZ4AaABAg,eating meat psychotic kill animals food evil thing person animal love animals protect harm stop eating meat,@vikjs,2021-11-12T03:21:16Z,0,
UZ2YVvXL7Hk,UgzaUr_MwY9ypAN30w14AaABAg,sure like mad cow disease ive stopped eating beef bc every time eat feel sick lot people noticed get covid eating maybe isnt people maybe food,@treking5715,2021-08-22T17:37:21Z,0,
UZ2YVvXL7Hk,UgzXB4BVUc7a3Q1M3bZ4AaABAg,avoid pandemics httpswwwyoutubecomwatchvgnqlbriits httpswwwyoutubecomwatchvcvmnnyngkyts httpswwwyoutubecomwatchvtyqucicukts,@prashantp495,2020-11-24T01:11:26Z,0,
UZ2YVvXL7Hk,UgzGrFx6H2J9k-NdStZ4AaABAg,covid sars meat people wake,@kevywilliams3304,2020-11-17T12:10:01Z,0,
UZ2YVvXL7Hk,UgyUSADv3UeUwXdVrCd4AaABAg,reason simple plants worst protected workwise managers cut throat owners big employers uk news looking factories europe happening uk ignored,@Mistyhil,2020-09-20T01:34:42Z,0,
UZ2YVvXL7Hk,UgxyMPCYlk34gU66Hzt4AaABAg,hmm find weird outbreaks happened yet macdonald food processing factory im sure itll happen soon though truly wish tested outbreaks viruses past food factories whats done done keep testing random healthy people food factories safe please dont want die virus doesnt matter die anything else know someone died virus also know someone ill,@AbiFrench,2020-09-01T19:33:20Z,0,
UZ2YVvXL7Hk,UgyseCbRZLLPa79Dgy14AaABAg,shutting food causing artificial scarcities planned long time ago bring rationing us peasants,@liberallunatic,2020-08-27T11:35:39Z,0,
UZ2YVvXL7Hk,UgyseCbRZLLPa79Dgy14AaABAg.9CrYZiU2frf9D4MSzjQT1v,abifrench interesting starts slimy water yumyum dr bill gates choke,@liberallunatic,2020-09-01T20:19:14Z,0,UgyseCbRZLLPa79Dgy14AaABAg
UZ2YVvXL7Hk,UgzMORjLx5oO57MOzPd4AaABAg,stop eating animals planet saved peace come life well one day meat industry disappear humanity kill animals food day come soon deep everyone knows meat root illness yet cant give till death bed late quit eating meat,@cindychen8421,2020-08-25T21:18:10Z,0,
UZ2YVvXL7Hk,UgySKGSZLGucJi1UMHp4AaABAg,bill gate artificial meats agenda better,@zzz22214,2020-07-31T01:15:58Z,0,
UZ2YVvXL7Hk,UgxROajQSHYhVvILFCF4AaABAg,covid likes aminoacid smell moisture air close quarters slaughter houses,@matthewadun7104,2020-07-23T04:49:37Z,0,
UZ2YVvXL7Hk,UgxROajQSHYhVvILFCF4AaABAg.9BRhHD7w_R_9G9ltLIrv_R,dont eat meat thats,@kevywilliams3304,2020-11-17T12:20:33Z,1,UgxROajQSHYhVvILFCF4AaABAg
UZ2YVvXL7Hk,UgxROajQSHYhVvILFCF4AaABAg.9BRhHD7w_R_9InMPnm0Zdb,kevywilliams exactly,@gregsanchez39,2021-01-21T23:40:50Z,0,UgxROajQSHYhVvILFCF4AaABAg
UZ2YVvXL7Hk,UgwD0fCdw_4xivKgA-F4AaABAg,maybe stop exploiting animals humans tastes,@dale17,2020-07-20T20:25:53Z,1,
UZ2YVvXL7Hk,Ugw-vMlGOZh6zJ6Y8VN4AaABAg,second outbreaks real live geelong victoria australia facing three time casualty double cases weeks smart know,@photonicenrico,2020-07-18T01:53:53Z,0,
UZ2YVvXL7Hk,Ugys5Oicq60APzVcvcp4AaABAg,temperature refrigeration got factor spread food factories used work one lack hygiene handwashing facilities meat temperature degrees cold air comes large blowers,@montygemma,2020-07-14T21:46:47Z,1,
UZ2YVvXL7Hk,UgwyYVesDZNHHKo_ySt4AaABAg,people talk without thinking like robot parrot manny people work close proximity got nothing,@alphaomega1969,2020-07-11T00:37:59Z,0,
UZ2YVvXL7Hk,Ugz5PoW_72zF3O2UKvF4AaABAg,major gathering many people close proximity report spread virus get fact straight,@alphaomega1969,2020-07-11T00:28:54Z,0,
mYsoH7Fiqbw,UgxyRc5feHjSKAzsxA94AaABAg,bbc misinfo central brings newspeak,@lw1zfog,2024-06-16T08:22:15Z,0,
mYsoH7Fiqbw,Ugwl3enyjufgxMs5WwF4AaABAg,everyone stop passing information stop talking stop thinking,@karsamaron1055,2021-06-10T09:06:30Z,1,
mYsoH7Fiqbw,UgxUD7ST1Rets5OpDHV4AaABAg,dont listen bbc news best way,@No-timeforimbeciles,2021-04-20T22:09:31Z,0,
mYsoH7Fiqbw,UgyFkAZdW0bgTO4ksoh4AaABAg,dont trust appeal authority arguments,@Markcallan1000,2021-02-06T01:34:50Z,0,
mYsoH7Fiqbw,UgyqFRy5fCGr4JFOcvZ4AaABAg,bbc nearly fake ch,@davidgallagher5837,2020-05-01T21:17:37Z,0,
mYsoH7Fiqbw,Ugy5bxj4x8pW34flPaN4AaABAg,bbc spreads misinformation like theres tomorrow said masks useless coronavirus complaining doctors dont enough masks,@bmeghani88,2020-04-14T11:12:36Z,0,
mYsoH7Fiqbw,UgxDNocbKseW-7dGU3F4AaABAg,helpful advices people killed quickly misleading information coronavirus,@alittleme142,2020-04-13T10:49:46Z,0,
mYsoH7Fiqbw,UgxNM9b8ErW0CvkKS2t4AaABAg,medical staff world restricted sharing information virus freedom speech internet restrictions excusess beyond pathetic video aswell examples used hot drinks sunshine lionsif drink hot drinks significantly help respiratory infections especially hot cup half lemon manuka honey green tea ginger get natural sunlight significantly boosts levels vitamin thus boosting immune system good advice people mild symptoms believe lions patrolling streets russia believe anything unfortunately wasnt april fools joke real wake fuck,@MichaelCook84,2020-04-13T09:10:28Z,0,
mYsoH7Fiqbw,UgxeZjf6CeoEPLertrF4AaABAg,doesnt whatsapp facebook put sort unique ids generafed new message counter mechanism servers keep record many times id goes servers reaches say forward copy one authenticators decide whether block transmission really rocket science,@Ash-do2pv,2020-04-07T17:43:27Z,0,
mYsoH7Fiqbw,Ugy8QfUochh0XKo2e1Z4AaABAg,best bangla naat touch heart soul httpsyoutubemxdgdevzfc,@মিষ্টিমেয়ে-ফ৯ণ,2020-04-07T09:28:52Z,0,
mYsoH7Fiqbw,Ugx7W5TJ34oiJ9vKoPF4AaABAg,thing journalism mainstream media medium powers spread narrative misinform manipulate peoples perception thus controlling behaviour,@Earthenhearth,2020-04-07T00:19:29Z,0,
mYsoH7Fiqbw,UgxXidWLS-Qf1Gnyot54AaABAg,bbc please stop existing,@ermac6466,2020-04-06T13:09:39Z,0,
mYsoH7Fiqbw,Ugy8tLgI_KQjNYNMlN54AaABAg,fake news bbc would tell dr li wenliang whistle blower dec li wenliang sent message group fellow doctors warning possible outbreak illness resembled severe acute respiratory syndrome sars wuhan hubei province china worked december china country office informed cases pneumonia unknown etiology unknown cause detected wuhan city hubei province china whistle blower informed next day arrested either american uk media reported li reprimanded chinese authorities rumour mongering time insufficient evidence indeed shared social media true imagine caused panic wuhan residents fled city en masse spread covid would much worse,@brainwashington1332,2020-04-04T19:41:59Z,1,
mYsoH7Fiqbw,UgwoPCnzRRXhbzX0A594AaABAg,anyone else remember cold war bbc said farmers hear minute warning nuclear attack run fields tie tarpaulins cows would totally protect atomic blast,@drspastic,2020-04-04T14:36:31Z,0,
mYsoH7Fiqbw,UgysVtNxX8g0nhfZyBp4AaABAg,want tru th youtubecomwatchvctfqutw_aa,@8thMusketeer,2020-04-03T19:27:19Z,1,
mYsoH7Fiqbw,Ugy9JOF4RYkYi0BOi914AaABAg,thats richcoming bbc gtfo,@tommydenato8863,2020-04-03T17:26:41Z,1,
mYsoH7Fiqbw,Ugy9JOF4RYkYi0BOi914AaABAg.97-Eg1bG_gq980ssgIwxiP,right trump said virus fake clorox bleach cures coronavirus,@TheVindicator1234,2020-04-29T05:17:18Z,0,Ugy9JOF4RYkYi0BOi914AaABAg
mYsoH7Fiqbw,Ugy9JOF4RYkYi0BOi914AaABAg.97-Eg1bG_gq981WkUDOsHg,thevindicator youre bbc personified,@tommydenato8863,2020-04-29T11:14:27Z,0,Ugy9JOF4RYkYi0BOi914AaABAg
mYsoH7Fiqbw,Ugy9JOF4RYkYi0BOi914AaABAg.97-Eg1bG_gq9822UVVsjub,tommydenato sure mr truth elitist people like answers conspiracy theories people like whole system figured yet live poverty make low wages live trailer parks called truth elitists right would rich since people mostly wrong poor losers,@TheVindicator1234,2020-04-29T16:09:13Z,0,Ugy9JOF4RYkYi0BOi914AaABAg
mYsoH7Fiqbw,Ugy9JOF4RYkYi0BOi914AaABAg.97-Eg1bG_gq9824pvlUKR9,losers like need hear need hear want hear,@TheVindicator1234,2020-04-29T16:29:46Z,0,Ugy9JOF4RYkYi0BOi914AaABAg
mYsoH7Fiqbw,Ugy9JOF4RYkYi0BOi914AaABAg.97-Eg1bG_gq9825_sJ3xuf,thevindicator youre little princess,@tommydenato8863,2020-04-29T16:36:18Z,0,Ugy9JOF4RYkYi0BOi914AaABAg
OjgN_acftWU,UgwBpSKdpbasCOi8onZ4AaABAg,bill gates gonna put microchips us,@Jza-GZa,2020-05-08T16:39:18Z,0,
OjgN_acftWU,UgwiiiTCuHrB_9Achvd4AaABAg,poor healthcare workers none could imagined going healthcare would deal sick people could guessed amazing looking sick people without paid jobs oh wait,@sonofsomerset1695,2020-05-08T12:50:24Z,0,
OjgN_acftWU,Ugx1Oi1NoA2zrjykibl4AaABAg,thats good social distancing,@purirwa,2020-05-08T01:51:49Z,0,
OjgN_acftWU,UgxeCSRuiiCJpqznRap4AaABAg,got totally wasted honor healthcare workers omfg would make one happy healthcare workers drowning debt desperate need supplies honor giving things need like debt relief,@Gaasuba,2020-05-07T22:50:48Z,0,
OjgN_acftWU,Ugz73zCwoaR5XzNbhot4AaABAg,big clap thank get fuck herethey cutting funding public sector giving money health workers talk frickin cheap politicians good nothing glorified reporters slash government half bunch leeches,@edwardmatthews5899,2020-05-07T21:55:13Z,0,
OjgN_acftWU,Ugx1Flu9HxPqVLN6xGx4AaABAg,watch plandemic watch shadows watch david icke iii london real,@roseyrach8547,2020-05-07T19:16:42Z,1,
OjgN_acftWU,UgxoQf_jza01SIs0Z4d4AaABAg,psychological operation finest form perhaps devised tavistock institute successor project mkultra easy manipulate masses,@neo-qg1wh,2020-05-07T02:12:35Z,0,
OjgN_acftWU,UgwOgsxt1YTkGSogM-l4AaABAg,thank much,@coronavirusforum4480,2020-05-06T23:25:28Z,0,
OjgN_acftWU,UgwEeoTyH2MYwu7Vca94AaABAg,student loan relief healthcare workers still flowers air love cars nothing actually reduce stress still student loans hanging around necks,@Shoebillgenie,2020-05-06T16:17:43Z,0,
OjgN_acftWU,UgyBxe0QbQS48VcZ13t4AaABAg,misuse public emergency vehicles cop cars ambulances fire engines surely breach employment taking part,@sexysadie2642,2020-05-06T11:52:44Z,0,
OjgN_acftWU,Ugyy9lcupulnDMFpj_t4AaABAg,sickening watch clapping giving special privileges fee food every tom dick harry falling either help seen help themits one big circle jerkmean spend time making tiktok dances,@hexis_project,2020-05-06T09:31:47Z,0,
OjgN_acftWU,UgwE9H-57Qsm9Zk5IS14AaABAg,thanking people helping ok blaming china started isnt interesting arent sides coin,@joebloggs5186,2020-05-06T09:15:34Z,0,
OjgN_acftWU,Ugy1pi4CLxYC5ycwHRJ4AaABAg,developing developing countries majority people totally blind religious believer cannot relate believable thoughts present crisis well situation violate lock one reason spread corona virus largely need strictly protest change mentality focus situation protect world,@hossainshariarchowdhury,2020-05-06T08:54:25Z,0,
OjgN_acftWU,Ugzl4Vox4zpFgr3BqJZ4AaABAg,bbc arent reporting httpsyoutubecmphuaxsu,@dylendog,2020-05-06T07:50:20Z,0,
OjgN_acftWU,UgwCTDgegeQza1X5Y2V4AaABAg,clapping idiots cant see flu need sacking call medical professionals imbeciles,@TheFlatEarth,2020-05-06T07:32:29Z,0,
OjgN_acftWU,UgxzhHYeZVgfW09ojVh4AaABAg,russia throws medical workers hospital windows,@trekkienzl2862,2020-05-06T03:35:57Z,0,
OjgN_acftWU,Ugx1aPVviAgVh-1Yy7l4AaABAg,country started paying yet,@OsamaSaeed972,2020-05-06T01:01:10Z,0,
aQHn2h-B594,UgwVQSzF3D5muObmfIZ4AaABAg,started taking herbal medication bought dr osaoji surprisingly working gradually days everything stopped really happy longer flu pray god strengthen sir,@godwiniliya5222,2022-02-23T21:52:28Z,0,
aQHn2h-B594,Ugz0QCrdh2H8Yba5Ix54AaABAg,thanks drademise helping sort herpes virus body system permanently,@lennyaaron9899,2022-01-04T02:31:43Z,0,
aQHn2h-B594,UgyAJibAPM56YdgFtUV4AaABAg,day coughing day coughing day sore throat day sore throat day daughter fever longer sore throat day daughter fever gone coughing day cold symptoms day sever cold symptoms day cold symptoms day getting test done,@Thefacelessmethodofficial,2021-12-15T23:08:36Z,0,
aQHn2h-B594,UgzxtP8z7hZPp8M-HtV4AaABAg,absolutely delighted grateful immediate healing got dr ado keep saving live doctor,@britanniawhite6930,2021-09-20T08:12:34Z,0,
aQHn2h-B594,UgyC8g4sBCLvWB1GIq14AaABAg,mouth full saliva nose stuffed runny ive sneezed though,@camskayzz5169,2021-08-25T14:45:24Z,0,
aQHn2h-B594,UgxTt-AGR9brWuFrcDl4AaABAg,dont even know point one week ago stuffy nose headache took two days normal runny stuffy nose throughout day developed tiny cough basically went away bit runny nose yesterday really runny nose turned blocked nose tons pressure gave bad headache later evening got chills nearly bad get flu went bed woke chills feel bit weak stuffy nose small amount pressure head like lost point,@Ethan.J,2021-05-28T09:29:14Z,1,
aQHn2h-B594,UgxTt-AGR9brWuFrcDl4AaABAg.9Nsqud2c_eF9VTLPaPZudT,survive answer,@jackjackthompson5771,2021-12-02T22:36:08Z,0,UgxTt-AGR9brWuFrcDl4AaABAg
aQHn2h-B594,Ugzz-Wvzf-Dtfr5qysB4AaABAg,im paranoid might covid cold monday cough tuesday runny nose day today saw throat booked test house,@redladybug9180,2021-05-20T15:09:29Z,0,
aQHn2h-B594,Ugzz-Wvzf-Dtfr5qysB4AaABAg.9NZrUgndB719OCzLwNJ83k,happened im symptoms day,@chentemacias3319,2021-06-05T14:27:03Z,0,Ugzz-Wvzf-Dtfr5qysB4AaABAg
aQHn2h-B594,Ugzz-Wvzf-Dtfr5qysB4AaABAg.9NZrUgndB719OD2riQvBUv,chentemacias test came back negative still small cough thats treatable,@redladybug9180,2021-06-05T15:06:29Z,1,Ugzz-Wvzf-Dtfr5qysB4AaABAg
aQHn2h-B594,UgxZQrG9oCmj1SI_xEl4AaABAg,non wiser,@DH-uq1zw,2021-04-02T21:53:19Z,0,
aQHn2h-B594,Ugx-xfVkA47eBHxhyfl4AaABAg,basically everythings symptom,@louisvuitton1584,2021-03-18T20:05:28Z,2,
aQHn2h-B594,Ugxv2ZagN-h_wfewopx4AaABAg,covid runny nose would covid please reply,@kanikapatwal9728,2021-02-28T16:54:45Z,0,
aQHn2h-B594,UgyXC2u3DcNKjn8OSj94AaABAg,body tempreture disorders aka cold aka flu aka covid anyone thinks somehow different vaccines masks social distancing prevent groing temperature changes developing symptoms single digit iq,@drlithuan,2021-01-15T23:59:46Z,0,
aQHn2h-B594,UgylWWpZJtEQJq5m0r54AaABAg,wrong information long coronavirus came people common cold develop fever together sore throat cough sneezing runny nose,@shaunnan146,2021-01-08T22:20:29Z,0,
aQHn2h-B594,UgyrIw6iy6ENkq0ahy54AaABAg,normal flu test positive covid told im sick covid ive seen number videos people midst sounds exactly like flu experienced say covid tested positive beginning illness flu covid _for intents purposes_ people,@Michael-ns1ey,2020-12-20T19:17:36Z,0,
aQHn2h-B594,UgxAZu5TRjNNkPGA_zx4AaABAg,different strains thing lethal cold flu whole shit scam,@xkj73-5bm,2020-12-08T13:45:51Z,1,
aQHn2h-B594,UgxhkIoCnoCyP_xqA8Z4AaABAg,possible distinguish coronavirus orgasm,@kentpirate2411,2020-10-28T18:21:35Z,1,
YK_gq3PC7TE,UgzZGctj3yCpjzyGPo54AaABAg,future tell sequel way,@Johnnyshamrock02,2026-06-08T12:27:32Z,1,
YK_gq3PC7TE,UgzFF2dGqGuc9NcGVH14AaABAg,new world order covid covid new world order population killed,@ajazhussain6976,2026-04-18T19:30:34Z,0,
YK_gq3PC7TE,UgzC8zF45JtIePZ36SJ4AaABAg,people aware,@pinchongengti-f4l,2026-02-26T15:00:24Z,0,
YK_gq3PC7TE,UgxG0BaPS4Xbn2sdGZh4AaABAg,turn scam,@ahmedalsharman,2026-02-06T22:09:10Z,1,
YK_gq3PC7TE,UgyUf4ekUzUUatH5EVZ4AaABAg,feels like time capsule feels surreal watching back man covid pandemic unprecedented moment stuck home lockdowns forced quarantine knowing things get back normal uncertainty world covid pandemic unique moment lifetime truly unforgettable,@anasshahid224,2025-09-22T13:49:16Z,2,
YK_gq3PC7TE,Ugx_hrslMKIRZFwOMBV4AaABAg,cant believe years since covid,@ariipurevanillaa,2025-06-19T14:42:18Z,6,
YK_gq3PC7TE,UgwFuNlh2eImGR7ZGjV4AaABAg,entire cov pantomime scam global level facilated governments corporations media big pharma looking back realizing disgusting levels gasslighting mainstream media time,@SimonPullen-i3h,2025-05-14T06:58:29Z,0,
YK_gq3PC7TE,Ugyy3ILJjrq_RH1Id1h4AaABAg,virus likely present asymptomatically every single healthy person zero symptoms must mask lock way vaccine checks notes lessens symptoms,@CS-mo7xp,2025-05-06T21:52:56Z,0,
YK_gq3PC7TE,UgxUldsC0C_wnTHLb3l4AaABAg,hindsight anyone going examine hindsight like stupidly fake feel ashamed participated,@MM-hz6fn,2025-05-04T10:41:50Z,2,
YK_gq3PC7TE,UgyX_SSfcKXQbL5GRgR4AaABAg,one first reports,@MrAdam-mr8df,2025-05-01T19:44:01Z,1,
YK_gq3PC7TE,UgwG6mqUUU-niMck10Z4AaABAg,covid deadline like line one like empty lobby lol cured joke people happy long lines lol like covid fundraising excuses reasons support fake news people wait line reasons deadline like fired caseworkers zombies something important coming soon makes worth waiting line hmm,@OwenAlekos-mh7yw,2025-04-18T05:12:58Z,2,
YK_gq3PC7TE,UgwfEIfKxcEY51nXos54AaABAg,cant believe years ago omg,@Billie_eilish_girl2,2025-03-14T00:33:08Z,1,
YK_gq3PC7TE,UgxZiKVxA9tWkXwL8oJ4AaABAg,march honours th anniversary covid pandemic since world health organisation declared covid pandemic th march struck entire world families friends lost lives covid first national lockdown time forget past,@steventhompson3268,2025-02-28T18:07:47Z,0,
y0q6bvGuIdI,UgwBG5OtFOnGtvV7R7V4AaABAg,bullshit hit train death certificate says corona fact,@ernestwakefield7414,2020-08-22T19:13:47Z,0,
y0q6bvGuIdI,UgwbLAF2Pgte1Ix6CwJ4AaABAg,oh must true heard bbc lmao,@rollyunicorn,2020-08-13T13:29:16Z,0,
y0q6bvGuIdI,Ugyy0H7t6ZJQ4VFX_9Z4AaABAg,know data manipulated satan tools deception fear devil comes still kill destroy james resist devil flee jesus christ authority seated far principality power might dominion every name named ephesians jesus christ reigns rules uk,@JourneywithNathalie,2020-07-13T23:09:41Z,0,
y0q6bvGuIdI,Ugxyg9LqJOAKBKUS7qF4AaABAg,bbc employee chris morris already outed incompetent factchecker check rookie crass biased juvenile outpourings google etc understand growing movement towards defunding bbc majority uk bbc defunded matter time happens bbc embroiled many fake news controversies even farleft organisations like independent guardian disowned association order try keep struggling organisations going growing concern even amongst leftwing sources bbc outlived usefulness went bbc office day never seen many white people cant right,@clecklass,2020-07-09T21:18:50Z,0,
y0q6bvGuIdI,Ugzl-FWqtgxyx1bv-454AaABAg,astonishing reading comments excess deaths rough estimate covid deaths since number deaths much higher average margin error obviously main contributing factor covid,@adamjohari,2020-07-08T03:56:58Z,0,
y0q6bvGuIdI,UgwjQlJ7crDWESORXvd4AaABAg,video another reason boycott bbc,@Smithyboi29,2020-07-02T21:58:54Z,0,
y0q6bvGuIdI,UgybgXV5_ycQPep1MgR4AaABAg,britain importing least migrants day year year could something deaths,@evenightingale6865,2020-06-22T13:33:27Z,0,
y0q6bvGuIdI,Ugx8gUYT_3CFmabrNbB4AaABAg,warning media gov fake news propaganda outlets lie based incorrect models testing assumptions well manipulated statistics via guideline relaxation point sheer incompetance inability admit error due saving face ignorance excuse harming people yes far forced illhealth death due lockdown fairly typical respiratory illness season explanation intentional malicious control suppression people httpsyoutubepxeotxoclqm httpsswprsorgaswissdoctoroncovid httpsevidencenotfearcomevidence httpinproportiontalkigycom httpshectordrummondcomalistairhaimesthevirusthatturneduplate httpsedwardjblackcomtheinvisiblewar httpsedwardjblackcomtherealinvisiblewar httpsyoutubearju_ekuq httpsoffguardianorgisthecoronavirusscareapsychologicaloperation wwwcorbettreportcomgates perspectives pandemic episode httpsbittubetvpostefbefcfcbcab httpswwwbitchutecomvideoazcsoarfkxq httpswwwrealclearpoliticscomarticleshow_fear_groupthink_drove_unnecessary_global_lockdowns_html httpswwwfacebookcomkizombainthecityvideos,@anicca4443,2020-06-21T17:35:24Z,1,
y0q6bvGuIdI,UgyPA2RI9tQP-7gIdb94AaABAg,bbc child groomers corporation pedo police department protection,@simonjames3990,2020-06-20T17:21:03Z,1,
y0q6bvGuIdI,UgwUTchCeApIUzfnPGR4AaABAg,government going use children spread infectious disease within population causing herd immunity,@genemayne1577,2020-06-20T16:32:28Z,1,
y0q6bvGuIdI,Ugy9u-1VX_kdn3vQLAx4AaABAg,publish true figures heart disease cancer liver disease kidney disease plain flu etc etc everyone died tested corona virus died covid,@terrymoore861,2020-06-20T15:57:54Z,0,
y0q6bvGuIdI,UgxXsGr1-kqNpPkYS0R4AaABAg,law make everyone wear mask shops everywhere inside simple really mask stops spreading virus mask stops spreading come people wake,@rickclive4087,2020-06-20T10:08:45Z,0,
y0q6bvGuIdI,UgxUlMZOLVZVkq2v51l4AaABAg,dooms day clock statement seconds midnight copied pasted site humanity continues face two simultaneous existential dangersnuclear war climate changethat compounded threat multiplier cyberenabled information warfare undercuts societys ability respond international security situation dire threats exist world leaders allowed international political infrastructure managing erode politicians elite masters cause via profit searches bbc make worse via bullshit mind bending crap fake news make us pay cheers,@djonfonsteen6331,2020-06-19T09:39:02Z,0,
y0q6bvGuIdI,UgxFVqo1zUbKy4f8Hnx4AaABAg,shit question million people murdered died unnecessarily since africa protests foreign policy mining precious metals rare earth minerals tech phones pc lovely economy runs,@djonfonsteen6331,2020-06-19T09:31:20Z,0,
y0q6bvGuIdI,UgxJFkse_w2fSR021yp4AaABAg,anyone says fear mongering coronavirus real im teacher students family members died coronavirus past months bc hasnt happened family personally mean virus threat look spanish influenza literally repeating history people died less months north south america small country graves rip lost forgotten,@E-99x,2020-06-19T06:24:49Z,0,
y0q6bvGuIdI,UgwW7iE2mR1uIjbn9AN4AaABAg,dont complain corona virus dont even wear mask,@nahyunkang1365,2020-06-19T04:12:06Z,0,
b-3DYyQEO6Q,UgzvsJfxtzE3WI3T7Rx4AaABAg,httpsyoutubenungzhm watch,@edelweissdupreez3034,2020-12-04T15:39:02Z,0,
b-3DYyQEO6Q,UgxKI02M5zYvcP-ohaB4AaABAg,putu aris artha wiguna difficulty living people incomprehensible years making equality entitled power solar system chest bbc news,@arisartha134,2020-11-24T05:17:05Z,0,
b-3DYyQEO6Q,UgzroQw-j0grc4G_9c94AaABAg,wont taking circumstances come house try attack needle ill pick biggest knife kitchen drawer defend,@YouTube-account-x9g,2020-10-26T19:49:13Z,0,
b-3DYyQEO6Q,UgzLyvjmS_Y02hV3_kR4AaABAg,according one person get feb nd costly us dearly cause ever gets next power,@matthewgodwin6688,2020-10-06T21:05:29Z,0,
b-3DYyQEO6Q,UgyH9SntGNxXXuRbIuN4AaABAg,many people know actually line vaccine,@ellazanardi1726,2020-10-04T04:59:02Z,0,
b-3DYyQEO6Q,Ugx_kCDK6REIdBYCKv14AaABAg,lose soul vaccine dont think dont fooled watch human wakeup call world youtube httpsyoutubeywucrvjvdqs watch theyve killed god cant feel god soul dead astrazeneca halts covid youtube httpsyoutubeuecofwfa httpsyoutubevgaquywejwy end nigh night far spent prepare way lord,@miholju,2020-09-28T02:51:38Z,0,
b-3DYyQEO6Q,Ugz5bX67ClHHBkQHJ_h4AaABAg,bro think open everything everyone become immune,@cosmicbrix2802,2020-09-21T15:13:59Z,0,
b-3DYyQEO6Q,UgxkdLfH-h_ujL_yo1l4AaABAg,sound like hole lot bs comes bbc corruption planet makes bs british brainwashing corruption wake people lied,@jnugent6455,2020-09-05T17:28:32Z,0,
b-3DYyQEO6Q,Ugw3L1KDuj9oXAzkk754AaABAg,breaking news httpsdrivegooglecomfiledkxjqpckeundwkzxrwlplimviewuspdrivesdk youtube keeps deleting video upload,@beer5869,2020-09-01T17:26:47Z,0,
b-3DYyQEO6Q,UgzcS_VGusaO6oNVTKN4AaABAg,quit trying vaccinate world concern isnt im sure safe fda concern stop forcing meds us dont want,@zadoksstudio8353,2020-09-01T01:39:56Z,0,
b-3DYyQEO6Q,UgzYTcqOeSCuoirM7RZ4AaABAg,join demonstration trafalgar square london th augast midday want fight back join httpswwwstopnewnormalnet httpstwittercomstopnewnormal httpswwwstandupxinfo video one top doctors uncensored doctors httpwwwlondonrealtvroundtable httpswwwyoutubecomwatchvtjahkygtlwfeatureyoutube httpsdavidickecombillgateswantsindemnity httpswwwyoutubecomwatchvoa_cmpkmwfeatureyoutube httpsquestioningcovidcom httpsfreedomplatformtv httpscsglobecomagendadepopulationworld httpswwwyoutubecomwatchvopytvgjyg httpswwwyoutubecomwatchvstrbjhkqeg httpstwittercomjordan_sather_status watch film called vaxxed taking vaccine,@tonyhursit9757,2020-08-27T07:57:22Z,0,
b-3DYyQEO6Q,UgyAusvTMi6gtjrvNKV4AaABAg,cure virus found doctors nurses scientists talking covid vaccine trafalgar square london saturday th august pm dont miss,@tonyhursit9757,2020-08-25T11:15:56Z,0,
b-3DYyQEO6Q,UgztxZfojBG0fmsPQGl4AaABAg,vaccine seasonal flu mutates every year vaccine static sars mers even common cold something right,@-theonlynameicouldthinkofa1909,2020-08-23T20:07:39Z,0,
b-3DYyQEO6Q,UgzmQ0iL7QmyrmtuIKR4AaABAg,one question government paid advance vaccines get money back fail isnt fraud please answer important questions never asked,@-theonlynameicouldthinkofa1909,2020-08-23T20:05:45Z,0,
b-3DYyQEO6Q,Ugx8l9zFPpfvgpa3_0t4AaABAg,hoax ladies gentleman wake dont touch vaccine warned,@petershepherd323,2020-08-20T08:45:52Z,0,
b-3DYyQEO6Q,Ugw-WAdOUpVOY7MsdV14AaABAg,bible says one supposed take shot youll go hell mark beast,@adoreeeonna,2020-08-20T03:15:19Z,0,
b-3DYyQEO6Q,UgyrCiye-SjjJ-3gG6d4AaABAg,noooooo lose whole senior year,@javierolmeda6573,2020-08-19T21:19:09Z,0,
b-3DYyQEO6Q,UgwerGoDKSQwe1uMD4Z4AaABAg,vernon coleman youtube wednesday sundays pm,@marcusnadon7061,2020-08-19T13:41:52Z,0,
b-3DYyQEO6Q,UgyC7M7uiR9ypocoYdF4AaABAg,corona virus explain httpsyoutubegiftuqjjeo,@thundewrfox3296,2020-08-18T05:26:45Z,0,
MnhnoM8X-YU,UgxT7jP_hBdkMqKHTh54AaABAg,fact checkers animal testing,@jamiec4478,2025-07-14T03:06:55Z,0,
MnhnoM8X-YU,UgyFfEHMES2HxEKD3_54AaABAg,bbc put apology pushing,@321itsshowtime,2024-12-13T06:38:06Z,0,
MnhnoM8X-YU,UgxvpxWSXv73V80Sith4AaABAg,limits growth club rome mit,@lw1zfog,2023-04-11T09:26:31Z,0,
MnhnoM8X-YU,UgwH7TYqBoDI5HkqCVp4AaABAg,lose soul vaccine dont think dont fooled watch human wakeup call world youtube httpsyoutubeywucrvjvdqs watch theyve killed god cant feel god soul dead astrazeneca halts covid youtube httpsyoutubeuecofwfa httpsyoutubevgaquywejwy end nigh night far spent prepare way lord,@miholju,2020-09-28T02:58:33Z,0,
MnhnoM8X-YU,UgxJTXajkbhO4TKWCuh4AaABAg,join demonstration trafalgar square london th augast midday want fight back join httpswwwstopnewnormalnet httpstwittercomstopnewnormal httpswwwstandupxinfo video one top doctors uncensored doctors httpwwwlondonrealtvroundtable httpswwwyoutubecomwatchvtjahkygtlwfeatureyoutube httpsdavidickecombillgateswantsindemnity httpswwwyoutubecomwatchvoa_cmpkmwfeatureyoutube httpsquestioningcovidcom httpsfreedomplatformtv httpscsglobecomagendadepopulationworld httpswwwyoutubecomwatchvopytvgjyg httpswwwyoutubecomwatchvstrbjhkqeg httpstwittercomjordan_sather_status watch film called vaxxed taking vaccine,@tonyhursit9757,2020-08-27T08:00:20Z,0,
MnhnoM8X-YU,UgwnXT0TL3BJjtMB5bd4AaABAg,cure virus found doctors nurses scientists talking covid vaccine trafalgar square london saturday th august pm dont miss turning tv would help get fake news,@tonyhursit9757,2020-08-25T11:40:01Z,0,
MnhnoM8X-YU,UgxpltPiNFwuTg4ZBjR4AaABAg,u sure anything time u give dates sep sometime next year u playing emotions innocent people u sure anything purpose repeat ads several times please give reasons hepazard repetations jump,@sanjay.k6124,2020-06-11T06:26:35Z,0,
MnhnoM8X-YU,UgwC628gFUqOkTtYSHN4AaABAg,bbc looks like chinese flag chinese news bbc,@go_nomad_enjoy_life,2020-06-09T09:09:20Z,0,
MnhnoM8X-YU,UgxW7FU2Sm81kz-CB1l4AaABAg,world would placebo meningitis vaccine answer effects adjuvant negated occur populations meningitis vaccine side effects negate similar effects new vaccine reason ignore health effects vaccines general common practice pharmaceutical industry would tolerated real scientific testing shame oxford university committing travesty justice human race oxford scientists people smart enough figure placebo needs vaccine inert sugar pill whole world asleep,@johnmarshall6599,2020-05-22T16:38:24Z,0,
MnhnoM8X-YU,Ugz1ouBZs-iJMwHkysN4AaABAg,never mind vaccine fake bollocks aid adverts uk like get bombarded stuff happens others countrys wheres aid oh sorry uk money country sad people cares every country,@davehardy2708,2020-05-21T09:47:32Z,0,
MnhnoM8X-YU,UgyaqByIGR33HQMNJLx4AaABAg,ill comeback everything okay ill edit comment,@melonaml4417,2020-05-20T05:57:00Z,1,
MnhnoM8X-YU,UgwcSkmwA1PGMihAsTB4AaABAg,search youtube covid sura,@ctgtraveller866,2020-05-18T13:53:04Z,0,
MnhnoM8X-YU,UgxQpN4mElucx44x3GV4AaABAg,thankgod,@balwindersingh9067,2020-05-12T20:43:48Z,0,
MnhnoM8X-YU,UgxzQKa08X9efkCpbt14AaABAg,jesus name please god mercy upon uk nation chosen use english global communication language accurate translation kjv bible one soul redeemed english bible born spirit evidence speaking new tongue baptised immersed water jesus name moarning nationyou god nationhave mercy chosen generation jesus name httpsyoutubevdpixppje httpsyoutubefxueqlfwbcm,@HangTiffany777LEBillionaire,2020-05-09T16:56:06Z,0,
MnhnoM8X-YU,UgxnqwHfcFLE6aBMv4p4AaABAg,need vaccine give ppl whatever monarchies political dynasties,@SedriqMiers,2020-05-08T21:09:36Z,0,
MnhnoM8X-YU,Ugx4RMlHX4nC7PsEzuB4AaABAg,httpsyoutubecymvaegsbs,@thechosen254,2020-05-03T12:21:13Z,0,
MnhnoM8X-YU,UgyF6_lcWpnrh-ghzDJ4AaABAg,even vaccine comes first go rich people political leaders month come us,@mad-makeadifference275,2020-04-30T18:24:28Z,0,
MnhnoM8X-YU,UgxGz6O_47FWvgYDWBZ4AaABAg,bunch bull crap,@markdominguez8435,2020-04-28T02:31:19Z,0,
MnhnoM8X-YU,Ugw6wCWhGulRMtbBB4R4AaABAg,coronavirus live updates httpszeeglvnf,@actormayur143,2020-04-27T13:47:13Z,0,
JP7OtUAVAjE,UgyZjv9owcTnZq0EaWd4AaABAg,got divorced pandemic divorce challenging take years memories love gets turned business add pandemic perfect balance pain sadness couldnt go anywhere couldnt get space worked taught kindergarten age child read write mostly heard awful husband father would divorced wasnt pandemic yes still would pandemic put problems overdrive,@indazone1,2025-05-01T19:15:16Z,0,
JP7OtUAVAjE,UgzoJ5a83omSJVbWEKx4AaABAg,ive long covid years grueling wife im fraction man used im always pain always discomfort social life great personality always laughing always full life im surviving fun joy hopes dreams,@jv2244,2025-03-29T12:11:17Z,0,
JP7OtUAVAjE,UgxbUTU3vDBxnhF1XFR4AaABAg,nobody honors wedding vows anymore lost wife almost great years shes right head anymore flatlined shes never even breaks heart,@Republic4ever714,2023-04-15T15:23:38Z,0,
JP7OtUAVAjE,UgykqfPqmaiN7P8dO6x4AaABAg,yep men expect women entertain im unproductive day cause love somebody doesnt mean want ass husband still working home oct never going end lol,@marlynnek6449,2022-10-30T13:18:44Z,0,
JP7OtUAVAjE,UgzQ-WNNxI1N3axe7tx4AaABAg,best year ever shed light lot bs lol best year ever,@Malingerer1505,2022-07-11T14:06:45Z,0,
JP7OtUAVAjE,Ugzuu6x7Nmo_ZHJbdqN4AaABAg,hubby doesnt spend enough time hubby doesnt bring home bacon anymore,@pmcollectorboy2929,2022-06-05T20:18:56Z,0,
JP7OtUAVAjE,UgwEnwA3Fcnur7lXcH54AaABAg,yep go separate ways,@alezandradavila2581,2022-02-09T03:25:24Z,0,
JP7OtUAVAjE,UgytIzfgWjJLHaB5gUJ4AaABAg,cant together doomed fail sooner later couples happy spend time together due lockdown,@xondeez757,2022-01-14T11:24:54Z,0,
JP7OtUAVAjE,UgyfDLLouVyVH8Qs1YB4AaABAg,brazilian couple needs therapy hope rekindle work things,@CaapriceTube1,2021-09-07T09:40:50Z,0,
JP7OtUAVAjE,UgzwgpooJZvC8kIMgwF4AaABAg,wedding promise sicknesses health u forgotten quickly,@flowerflowers5629,2021-09-06T20:31:34Z,0,
JP7OtUAVAjE,UgzKNtlSn2MaUKoY0Qp4AaABAg,couples never wanted needs clear think marriage divorce didnt want,@Subhash_1608,2021-07-21T16:13:03Z,0,
JP7OtUAVAjE,UgwMzmd0iyWGXp5E8bB4AaABAg,going hikes great lot exploring together,@oliviadinges3255,2021-06-26T22:02:10Z,0,
JP7OtUAVAjE,UgzdpqOm7FAHFl4MLBp4AaABAg,apart infidelity reasons bogus better worse better,@salomekabinga3282,2021-06-26T19:07:10Z,0,
JP7OtUAVAjE,Ugwifx5oZ6kgmLHFlqx4AaABAg,lockdown exposed women,@KZ-gh4yt,2021-06-11T11:36:12Z,0,
JP7OtUAVAjE,UgxTG9YjJ5bbtsfuvn94AaABAg,happens got married thinking last forever cant believe grown adults still delusional fantasy thinking marriage last forever people get married tells naively think marriages perfect issues think everything within control theyre unaware events change life completely covid maybe include vows till covid us apart,@cranny5237,2021-06-11T07:52:42Z,0,
JP7OtUAVAjE,UgyLYFUET4uicFfSPRJ4AaABAg,many comments dismissive belittling people compelled months together unexpected lockdown travel restrictions strained relationship wider divisions couldnt meet year well sympathise dismiss covid done family relationships,@rmns987,2021-06-02T07:49:32Z,0,
JP7OtUAVAjE,UgxgADegXp9u22bOx814AaABAg,broken second episode gradual approach eveningsix episode movie talks subject broken sink metaphor marriage crisis happens second episode broken kate jeff discover many unspoken words compromised relationship lock occasion characters see deep inside relationships httpswwwyoutubecomwatchvzqyneltogets,@thearchives5,2021-05-07T13:18:10Z,0,
JP7OtUAVAjE,Ugzd9HVDY25Iv24YloB4AaABAg,divorce extremely bad shameful matter circumstances divorced showed extreme stupidity married bad spouses first place absolutely sympathy whatsoever divorce instead find idiocy marrying bad spouses rather funny entertaining,@bluemountain555,2021-04-11T20:02:22Z,0,
pXopk-mrLH8,UgzujZR-Wr9O7W3LhDR4AaABAg,dumbest people history,@tvviewer4500,2026-05-26T12:22:49Z,0,
pXopk-mrLH8,UgzCNAggSM4R7IMuhNJ4AaABAg,homeless people,@angelikarae8888,2021-07-25T08:56:19Z,1,
pXopk-mrLH8,UgwsmcCzN21ZDi35NIt4AaABAg,aesshol names filipe believes staying home wont sheet logic,@DaveDVideoMaker,2021-01-28T21:49:58Z,0,
pXopk-mrLH8,UgyPYGj00AMLVl8v7hN4AaABAg,channel wlth information corona subscribe please httpsyoutubexclnhlqcq,@leylaaslan2118,2020-05-14T12:54:19Z,0,
pXopk-mrLH8,UgxEQcmy0Qvu1HQpza94AaABAg,im ambivert march early april fine wanna go know need stay safe wash hands wait little longer beat virus god bless everyone stay home,@jinsakai8038,2020-05-07T09:06:07Z,0,
pXopk-mrLH8,UgxDsvynLKPQyWrjIfh4AaABAg,coronavirus virus con con cannot catch spread virus watch learn share httpsyoutubemkmamzlu,@frankyuk,2020-04-25T13:03:21Z,0,
pXopk-mrLH8,UgzV-fwf-wVXLRiLGPF4AaABAg,guess people making coronavirus marble races,@MrStickman3,2020-04-25T11:00:33Z,0,
pXopk-mrLH8,UgwwD9Pb5dvTqeAUs-14AaABAg,bbc liars try censor alternative media people speak narrative try push perception quote try shape british publics perception pay brainwashing wake british people london real g essential work time david icke tommy robinson people censored speaking truth country minds high jacked corporate media wake,@kev261,2020-04-08T10:16:40Z,0,
pXopk-mrLH8,UgxrKqteDUhNCA6YKnR4AaABAg,httpsyoutubefdiwizuyccm av year old giving message stay safe staying home,@sandhyanm9561,2020-04-03T22:01:00Z,0,
pXopk-mrLH8,Ugwy-mBikmJJyF7sNaJ4AaABAg,well go corner shop choice go inhale germs return home spread virus everyone around stay home follow month fasting like people one meal night think bad idea mind someone said eat bored eat fridge full eat sugary stuff bored told eat certain food increase blood sugar level one crave type food everyone stick rules,@hemadear2509,2020-04-02T15:08:05Z,0,
pXopk-mrLH8,UgzweSrbUpCrzurc5sh4AaABAg,means go garden im asking cos remained indoors see neighbours gardens,@hemadear2509,2020-04-02T14:58:42Z,0,
pXopk-mrLH8,UgzoIXBr5iykVA0WgMl4AaABAg,thank bbc advice explanation,@romanvladimirovichpetrikov4947,2020-03-30T20:59:47Z,2,
pXopk-mrLH8,UgxoFZKCGpMwMLYVNcR4AaABAg,tell people go exercise walking work passing loads joggers heavily breathing around get il pass hundreds customers,@cassidy4411,2020-03-29T20:07:59Z,0,
pXopk-mrLH8,UgyIhk-itw_MQgNAHIZ4AaABAg,stop carbon footprint,@daredevil3744,2020-03-29T18:55:53Z,0,
W5Elo2iczhQ,UgxUB4j3Ghp1VAAiFYx4AaABAg,deal global traitors mass murderers sadam probs killed less people hung camera tell im wrong media companies bought experts threatened tell truth nuremberg trials nothing compared evil people need brought justice,@richnorris1061,2023-04-05T15:18:46Z,0,
W5Elo2iczhQ,UgyWD49Zuley2I8xZYV4AaABAg,jibby approved authorisedbig difference two years line video kept example brain washing campaign forced upon population state controlled propaganda machine bbc,@softytop1000,2023-02-04T08:20:23Z,0,
W5Elo2iczhQ,Ugypl70BFEMoPAeYtqJ4AaABAg,marianna spring biggest conspiracy theorist uk,@sneevronsykes,2021-07-27T12:29:08Z,0,
W5Elo2iczhQ,UgzgIEIFNU8jVsK878h4AaABAg,hmmm yes lab leak conspiracy theory conspiracy theory msm working big tech silence scientists concerns concerns wuhan lab may leaked bat virus modified scientists make infectious humans hunter bidens laptop conspiracy theory well news organisations peomulgated conspiracy theory russian disinformation actually laptop likely would changed election outcome taken seriously bbc promulgating conspiracy theories,@tomorrow6,2021-07-27T11:22:05Z,0,
W5Elo2iczhQ,UgzgIEIFNU8jVsK878h4AaABAg.9QIYWfmVRcV9SM0EZQgm6h,nah wouldnt changed election outcome used fraud stop blown water america would basically turned red election fair board,@MrZerosphere,2021-09-16T12:42:16Z,0,UgzgIEIFNU8jVsK878h4AaABAg
W5Elo2iczhQ,UgwfhRydSCfa1H38B7t4AaABAg,bbc giving advice conspiracies like jimmy saville deciding holds key hospital morgue,@redpillnibbler4423,2021-07-24T12:56:02Z,4,
W5Elo2iczhQ,Ugzl1UnePr38Hu7KuSR4AaABAg.9PVJl3pPJmX9lgRXVyFofo,boss,@dboot8886,2023-02-03T22:52:43Z,0,Ugzl1UnePr38Hu7KuSR4AaABAg
W5Elo2iczhQ,UgxhXAtJ8fJs4qjJEk14AaABAg,conspiracy facts,@snazzlevi,2021-06-25T07:06:41Z,1,
W5Elo2iczhQ,UgzXVLhWCqxsRUi161h4AaABAg,happened quislings ww,@ItsMeJoshieL,2021-06-17T20:39:58Z,1,
W5Elo2iczhQ,UgzzlL5b8nCR_bVI2yF4AaABAg,judgment pestilence plot anointed god therefore thus saith lord behold bring evil upon shall able escape though shall cry unto hearken unto jeremiah,@daviddeleon6345,2021-06-03T22:30:47Z,2,
W5Elo2iczhQ,UgzZYowIHSvO9W7mASJ4AaABAg,marianna spring either totally brainwashed pure evil please wake real news go uk column,@susanannamagdala7376,2021-06-01T15:34:16Z,3,
W5Elo2iczhQ,Ugw6MIpF9AtpeH0DJXN4AaABAg.9NZ7diesAqh9QB-EJo-Kge,jimmy saville coverup corporation,@redpillnibbler4423,2021-07-24T12:59:04Z,0,Ugw6MIpF9AtpeH0DJXN4AaABAg
W5Elo2iczhQ,Ugz5bCQqHZ1Tw3Cb1Wd4AaABAg,bbc fake news,@fdgjop36,2021-05-20T08:19:40Z,4,
W5Elo2iczhQ,Ugwbah1Lp2KbxQOvvHl4AaABAg,thanks dr abumere helping herbs cure herpes virus right herpes negative doctor best ever meet real trusted also best herbal doctor african dr abumere cell httpwwwdrabumereherbalremedyhomeblog,@drabumere5854,2021-05-15T20:38:20Z,0,
W5Elo2iczhQ,UgzFA1d2tAF_WB1BNAB4AaABAg,mean smart people got things right media time time time,@tyrants3062,2021-04-24T17:08:30Z,2,
W5Elo2iczhQ,UgyD-qKPQE4_mRjR0F14AaABAg,actual checkable facts given support debunking visible reality cover sinister plot avoid sweeping dismissals saying youre wrong yes coronavirus patented yes institution mentioned yes bill gates funded institution often happens kernels truth point lead undeniable unbelievable well nothing denied unbelievable bit gaslighting,@samalamlam,2021-04-23T16:17:22Z,2,
W5Elo2iczhQ,UgzqMPrZYZpM18rOrdV4AaABAg,greatest establishment telling lies talking conspiracy theories cant stop laughing seen called conspiracies actually fact along sheeple woke weirdos seem ones believing crap comes bbc articles either mocking people proposing ill intentioned suggestions paid research enlighten truth sheeple lack intelligence,@Venoms_Rage,2021-04-22T15:06:19Z,1,
W5Elo2iczhQ,UgzqMPrZYZpM18rOrdV4AaABAg.9MRks21EDb19QB-PrMkFgR,yep like getting advice installing home security burglar,@redpillnibbler4423,2021-07-24T13:00:38Z,0,UgzqMPrZYZpM18rOrdV4AaABAg
W5Elo2iczhQ,UgyycEDP2Q28JKF1Te94AaABAg,conspiracy reference correct factual davos based viral antitrust law violations crimes humanity,@TS-ft9nn,2021-04-13T04:26:10Z,1,
W5Elo2iczhQ,Ugwq6GheHD-vkyQBhgB4AaABAg,word theory suggests someones imagination described quite well contradiction possibly biased opinion people government agencies healthcare professionals healthcare gustapo saying covid vaccine maderna phiser safe basis fact mrna ever used degree successmrna breakthrough science theory fact research scientists working labs test animals reported documented frontline real science sir regards mrna use treatment protection corona viruss yet find solution effect second injections triggering cytokine storm plus negative autoimmune responsesand causing permanent unexpected alterationsdamage death laboratory test animals therefore solved one concern alone yet rolling claimed bogused untested verified vaccine theorynot fact efficacy covid proof work fact evidence wont like stupid mask wear plus one knows riskbenefit long term impacts bogus conspiracy theorist researcher exhibiting confirmation bias,@Outlaw-Moto8683,2021-04-11T14:16:36Z,1,
W5Elo2iczhQ,Ugwq6GheHD-vkyQBhgB4AaABAg.9M-LRCcCIzl9QB-VdVhb9J,term invented cia sixties,@redpillnibbler4423,2021-07-24T13:01:25Z,0,Ugwq6GheHD-vkyQBhgB4AaABAg
hURUDrx33TU,UgxI8jF15PMFzc4I4ll4AaABAg,keep bringing planes iran china italy spain bbc shit,@tonyjohn1395,2020-04-11T16:53:19Z,0,
hURUDrx33TU,Ugxsq-PAl91vCxGZBz14AaABAg,university student helping poor people terrible situation saw many people suffering get food without jobs village people deprive rights government many countries poor humble request please helped poor people terrible situation god help send detail account number please email address please kindly email kjanigmailcom,@janijn1718,2020-04-04T19:59:05Z,0,
hURUDrx33TU,UgxuMS6mPYpotfV9REJ4AaABAg,httpsmyoutubecomwatchvkpxuebdrgjsts,@mohammedkamalelbassil5956,2020-04-04T16:37:44Z,0,
hURUDrx33TU,Ugx2MOgf1c9chQ9mqi14AaABAg,stay safe stay home everybody,@RaiderXD1789001,2020-03-27T21:14:28Z,0,
hURUDrx33TU,UgyfusTptgIKAKJnXL14AaABAg,iranian mercy americans,@fredlomeda8318,2020-03-27T04:45:25Z,0,
hURUDrx33TU,Ugzy0xFHSe5-ar8CAkN4AaABAg,tx country pmwho take action early lockdown whlole country days,@parasf....1013,2020-03-25T17:39:33Z,0,
hURUDrx33TU,UgzXrCNJvghazM6wQs54AaABAg,httpsyoutubelwlxmbnq new song covid world fucked check people go real deep one im sure alot people relate say,@licencemusic9357,2020-03-25T11:58:14Z,0,
hURUDrx33TU,UgzAElpFbVW5en3qNal4AaABAg,people practicing proper social distancing yet uk im sure lots country still werent last time walked dog going b day work today stayed home house garden people cant people respecting space cant get fined difficult try best stay others space people going act shops still openif dont care social distancing rules metres person per friend told metres try buying laundry liquid buckets yesterday customers shop respecting social distancing rules aisles id rather stand wait take long way round avoid walking near someone week ago bump imtp someones elbow shopping mall buying booze etc limited people dont get drunk drunk would affect peoples behaviour able social distance best wishes,@Tunisianatheart,2020-03-25T07:25:09Z,0,
hURUDrx33TU,UgzRz1JgWju5S52hlax4AaABAg,coronavirus cases view country deaths recovered,@vad3r545,2020-03-25T03:41:22Z,0,
hURUDrx33TU,Ugz1hRoMXh9Z3fUqQfR4AaABAg,lets lose sight sixty one hundred million people died spanish flu pandemic pandemic man made cabal wants reduce population least opinion vaccine released ready read yesterday pope virus cured two days surprised,@kenneth3177,2020-03-25T01:29:53Z,0,
hURUDrx33TU,UgwczsJVHneu5b8joTN4AaABAg,dont know getting numbers ive seen two sites deaths,@oldwoman2647,2020-03-24T21:23:45Z,0,
hURUDrx33TU,UgzBqB_1qK6I_UqOck14AaABAg,may god bless real nurses doctors eternal peace souls lost precious lives sake humans,@roberttorsian9713,2020-03-24T15:15:09Z,0,
hURUDrx33TU,UgyJFEv1oohgLjSfKXd4AaABAg,needs chinese propaganda machine bbc fakenews,@andylaauk,2020-03-24T14:37:15Z,0,
hURUDrx33TU,UgykeFDCKcGHf-5l2Y54AaABAg,speak dont know iran running low medical supplies wanna act blind stop acting confess caused punishments applied us government iran restricts importing almost anything,@REDA40x,2020-03-24T13:59:44Z,0,
hURUDrx33TU,UgxbL52pC641kCbHzt94AaABAg,httpsyoutubeyobrlbreaq,@UshaTaneja,2020-03-24T07:32:34Z,0,
hURUDrx33TU,Ugwk_4lof4Trt2grEv94AaABAg,also footballers also known soccer boring sport would rank level golf rugby hockey american football real sport,@jameshisense7516,2020-03-24T02:11:57Z,0,
dnLLT9rCstw,UgwhTCWbWxDlxQIYtax4AaABAg,may god provide strength heavy laden weakened worldly pain lost jobs due pandemic source income living may god show channels works jobs possible best help families,@merlinsandra4405,2021-01-15T05:05:25Z,0,
dnLLT9rCstw,UgzNnTnOowSN1SRCVzt4AaABAg,lucky company keep us day work salary family small farm still support us,@megadwipayana5544,2020-11-19T10:38:42Z,0,
dnLLT9rCstw,UgzCCc_VS-Yap62e7yd4AaABAg,must whatch httpsbrandnewtubecomwatchamustseenewcommonlawthelawoftheland_exyjoswporcwchtml,@huntingtreasure8855,2020-11-11T10:41:31Z,0,
dnLLT9rCstw,Ugxf5ys4abaefQPSXBB4AaABAg,must whatch httpsbrandnewtubecomwatchamustseenewcommonlawthelawoftheland_exyjoswporcwchtml,@huntingtreasure8855,2020-11-11T10:41:19Z,0,
dnLLT9rCstw,Ugw767ccIWUvgCoFhdN4AaABAg,must whatch httpsbrandnewtubecomwatchamustseenewcommonlawthelawoftheland_exyjoswporcwchtml,@huntingtreasure8855,2020-11-11T10:41:12Z,0,
dnLLT9rCstw,Ugy5dOTBSb2GyF5YtOV4AaABAg,youre alone recently lead position method aeronautical technician hard time us,@ouhiaachraf8943,2020-10-08T20:37:23Z,1,
dnLLT9rCstw,Ugwv_T0MbWuuByzj3V54AaABAg,said months ago people whove loving staying home getting money nothing happily going along every bit nonsense theyve told going regret next year jobs businesses gone,@forza223bowe5,2020-07-20T08:04:07Z,3,
dnLLT9rCstw,UgxwJ18teE5kTlF2hpl4AaABAg,laid temporary employment different consequence permanent permanent contracts promoted higher levels organisation depend directly experience,@curtiscarpenter9881,2020-07-01T18:52:04Z,1,
dnLLT9rCstw,UgwWWSU7vogfPIE6pPl4AaABAg,laid asked resign company due unavailability suitable job company stressful depressing cant even file unemployment overloaded country born despite regular taxpayer,@Imran-M-,2020-06-25T17:03:09Z,0,
dnLLT9rCstw,UgwYeiEu1u96M551UzV4AaABAg,band together stop buying anything made china cripple like done us,@BeanJuice42Wenny,2020-06-16T12:57:54Z,0,
dnLLT9rCstw,UgwOQ7KUDsOL6bax5uF4AaABAg,government need bolder approach running economy one million americans work british business fact,@curtiscarpenter9881,2020-05-29T16:02:57Z,1,
dnLLT9rCstw,UgztgMlRPvTecN3kibN4AaABAg,totally feel easy depressing get believe theres always light end tunnel please dont give,@edmondjames7154,2020-05-20T03:06:46Z,0,
dnLLT9rCstw,Ugwfl3ZnInZHS8wG7D94AaABAg,zero unemployment strategy covidfrom roopesh httpsyoutubeheaqenzuu,@hsemanagercmiosh7361,2020-05-16T06:37:14Z,0,
dnLLT9rCstw,Ugxj1lF_pG7mTVKdiwJ4AaABAg,many weeks ago promised confirmed get far less quite predictable one richard branson indirectly blame though wont hear truth anywhere news,@muzwot9603,2020-05-13T12:48:34Z,0,
dnLLT9rCstw,Ugzv6IQ2JnoM2qMFRP54AaABAg,things r going b even worse lockdown literally hopes,@sandeshs53,2020-05-10T18:25:41Z,2,
dnLLT9rCstw,UgzNNOGM7e7oUUC8GuJ4AaABAg,lost month old job,@muslimboxer8938,2020-05-10T07:47:43Z,1,
dnLLT9rCstw,Ugw7EXnVUrQoveveEn54AaABAg,responsible isnt politics economy humanity whole dissolve division going hit global rock bottom shamdemic need equality compassion every human life every system every thing needs change,@magma9138,2020-05-06T01:55:35Z,0,
dnLLT9rCstw,UgzITBmonPbWoGYI-rF4AaABAg,india lost job todayreally hear breaking responsibility people,@ujjwalmishra7835,2020-05-04T21:30:33Z,1,
dnLLT9rCstw,UgzITBmonPbWoGYI-rF4AaABAg.98FVEMZN-Ss98RznE6qS2P,everything gonna b alright,@sandeshs53,2020-05-09T17:57:13Z,1,UgzITBmonPbWoGYI-rF4AaABAg
dnLLT9rCstw,UgzITBmonPbWoGYI-rF4AaABAg.98FVEMZN-Ss9Au6IoatZL8,god bless family brother may jesus christ find new well paid job watch family amen,@aleksk4151,2020-07-09T18:23:36Z,0,UgzITBmonPbWoGYI-rF4AaABAg
dnLLT9rCstw,UgzA1EC9bFtHjgLnWeV4AaABAg,dont worry bholenath pe bharosa rakho sab thik hoga,@jayzond9433,2020-05-02T08:13:57Z,0,
NbRnHkHnnkQ,Ugx89DKZSLwByO5cdjN4AaABAg,get transpose chrome addon put pitch william becomes hilarious,@Qiwuwyeyqywywgshsh1726,2026-08-07T14:02:13Z,0,
NbRnHkHnnkQ,UgwrBZTd0xc6N4blNKJ4AaABAg,probably use nhs help correct genetic mistakes centuries keeping family theyre abominations,@CaligulatheEmperor,2024-08-08T11:00:02Z,0,
NbRnHkHnnkQ,Ugx6r9W1cEGAY-JIg0t4AaABAg,nhs brilliant concept got control expanding mega hospital resorts bring nhs spending overdrive example remember local hospitals loccal lot smaller run lead consultant administrator hired fired purchased evrything becuaese hands ground level thats nhs needs,@DougNuttall,2023-12-25T00:16:46Z,0,
NbRnHkHnnkQ,UgwoHdTTIZw7sR8lgIB4AaABAg,stop feeding taxes get real job hustle like rest us slave owners racist family,@MsPinkCrusader,2022-05-16T11:46:09Z,0,
NbRnHkHnnkQ,UgwbDFzcEVvfujUVcTp4AaABAg,body movement god nearby good peoples,@tanujSE,2022-05-07T09:20:40Z,0,
NbRnHkHnnkQ,Ugx7rTftmSEsg5K-kwF4AaABAg,god looks bad proves shes botox,@alicecopsey7789,2021-12-14T10:59:19Z,0,
NbRnHkHnnkQ,Ugx-dY0AIuHoi6dZ62Z4AaABAg,functions royals,@pax4370,2020-05-14T08:21:53Z,0,
NbRnHkHnnkQ,UgyDMhE2qbGD8mjTvzV4AaABAg,effing creeps,@st33pd87,2020-04-30T06:29:33Z,0,
NbRnHkHnnkQ,UgwReco-_pzAuBmSmF54AaABAg,imagine ugly one royal pretty one got royal real competitive market would got dog,@hopethisworks1212,2020-04-24T13:46:47Z,0,
NbRnHkHnnkQ,UgxY9uabAQfw4wfk4WJ4AaABAg,love way earth like interviews together back really seems like great relationship appreciate share private lives us open,@shellysomerville5766,2020-04-23T05:33:56Z,3,
NbRnHkHnnkQ,Ugw7PtahLkcLaOD79_F4AaABAg,go volunteer assistant real doctors get nobles supposed die first case emergencies,@aosanshou,2020-04-22T21:03:16Z,1,
NbRnHkHnnkQ,Ugxr1t-TcplkvERhZeZ4AaABAg,mandatory vaccinationde population agenda play momentthe virus crisis powers really push global agenda cashless grid mandatory vaccination cctv police surveillance drones restricted travel general populationthe freedoms future generations never riski consent,@neilthecaptain1134,2020-04-22T00:36:01Z,0,
NbRnHkHnnkQ,UgwaBOxV7NhWzwuu3gV4AaABAg,hahaha scripted herd,@dontbelievethehype5104,2020-04-22T00:27:09Z,0,
NbRnHkHnnkQ,UgyOxb1PyoobRtLj9qF4AaABAg,thinking william going announce royals package financial measures actions help country really nation need look closely value retaining royals modern society,@RIDDX2010,2020-04-21T19:14:50Z,0,
NbRnHkHnnkQ,UgzSQAhDdcLq5LQ7JfB4AaABAg,poor rich daddy cant go walk private land surrounding home lots chit chat please advice poor dont understand pain ups downs woman get real job pay bill,@toylinstlouis4533,2020-04-20T19:52:35Z,0,
NbRnHkHnnkQ,UgyRoVO5Tre2Ae7PQzt4AaABAg,ooooooo robots trying empathy,@myself047,2020-04-20T03:20:50Z,0,
f5htX7WQ9oQ,Ugz4PrdMBcnMFJVHJwx4AaABAg,yeah think hayfever thanks ears itch nose running,@soniczforever5470,2024-07-05T17:32:37Z,0,
f5htX7WQ9oQ,Ugwu7aMRj6CJHCSX7Z54AaABAg,people learn write symptoms check weather conditions state nature predict hayfever affect also checking online info amount pollen air important always mid february starts year late hazel nemesis swollen eye irritated tear duct horrible ordered medication stay inside much possible hepa filtered ventilation system medication within hours irritation medication use,@thetruth7633,2024-02-07T11:21:31Z,0,
f5htX7WQ9oQ,UgxoGlwS6y-fkfzEVwZ4AaABAg,still taking hey fever tabletsjust lately sneezing little bitcould imagine would like hey fever tabletsbeen sneeeeeeeeeeeeeeeeeeeeeeeeeeeeeeeeeeeeeeeeeeeezing thats bad hey fever time yearsometimes get really badone covid test againnot got coviddont want catch crap,@dalebenton3354,2023-07-04T17:52:14Z,0,
f5htX7WQ9oQ,UgwFoAZXoDWpYgeAHKB4AaABAg,never lost taste smell catched covidtaste coffee taste differenthad worse christmas last yearhaving social distance went collect christmas presents stayed home weeks,@dalebenton3354,2023-06-11T11:26:13Z,0,
f5htX7WQ9oQ,Ugx4--L8t8ltCr2KhRN4AaABAg,time year im likely catch hey fever againsome times suffered hey fever really badglad get hey fever tablets doctor every summer timeit runs family wellmost bad itsoon weather gets worm boiling hoti sneeeeeeeeeeeeeeeeeeeeeeeeeeeeeeeeeeeeeezing ever sneezingalso get runny eyes sore throatsome people said meyou cryingi said hey feverglad covid finely cleared ofjust time wellhope never comes back,@dalebenton3354,2023-06-11T11:23:02Z,0,
f5htX7WQ9oQ,Ugz8HH3Wx9HhiyeGch54AaABAg,try oregano oil,@boxinggrandpa233,2022-12-30T06:11:21Z,0,
f5htX7WQ9oQ,UgzklIumV_uqZzkpzM54AaABAg,thank lot video interesting informative keep posting like amazing videos awesome,@josephinebardot8403,2022-09-14T07:00:20Z,0,
f5htX7WQ9oQ,UgyPodr49ZaeW-jz5kl4AaABAg,thank im experiencing seasonal allergies right everyone quiets around im carrying plague,@ladamadeLuz619,2022-01-12T16:58:14Z,1,
f5htX7WQ9oQ,UgzeTADeMbHIayVeNxx4AaABAg,would personally like see morea laura,@blueshade26,2021-09-23T00:20:37Z,0,
f5htX7WQ9oQ,Ugwn7ncydiqe8H0fir14AaABAg,human body reacts external internal changes body temperature rises external temperature increases also internal temperature increases intense physical activity hot day common higherthannormal body temperature,@questghost,2021-09-12T17:20:50Z,0,
f5htX7WQ9oQ,UgwwYJCYKFPaEOBFzyJ4AaABAg,fuckin hack,@ewelinamagiera9082,2021-06-22T17:51:14Z,1,
f5htX7WQ9oQ,UgwJbBZs5XN3vM222Ip4AaABAg,swear god get hay fever every year annoys much,@tayy1br,2021-06-13T04:15:34Z,1,
f5htX7WQ9oQ,UgyVbM6Z50oR7QDUFIx4AaABAg,dumbeddown bbc course really need people dressed flowers,@eugenekaufmann1,2021-02-03T17:50:15Z,0,
f5htX7WQ9oQ,UgypNMGJxQgIBjDJ_ut4AaABAg,laura foster wow,@jamesbloomfield8038,2020-12-29T12:00:57Z,1,
f5htX7WQ9oQ,UgwIq6r9LrPCo8bUeil4AaABAg,hay fever shorturlatbvwo,@firstfashion9987,2020-07-09T13:56:51Z,0,
f5htX7WQ9oQ,UgxOdxF8kBMfXZItEC54AaABAg,f outta corona shiz,@davvidoman,2020-05-10T07:40:43Z,0,
sV9Yc9mCns0,UgyRU2KKcrGOPM3ET7Z4AaABAg,hahaha theyre saying highest ever conclusive proof bullshit least conclusions bullshit mere guesswork bunch overpaid lackies,@DrummerboyUK1,2021-10-25T12:52:07Z,0,
sV9Yc9mCns0,UgwLaTBuAi7ejtKm1yl4AaABAg,issue planet co level dropped came back bang shock weather systems things go back normol much co warming planet real pandmic sea levels rise witg reverse effect,@Finditbuildit,2020-10-05T21:50:56Z,0,
sV9Yc9mCns0,Ugy84n2K4lRKQLqxdtp4AaABAg,companies made pay wages redudancy inter post lockdown market value fall along industry make stepping ladder cheaper reduce prices market forces would lead reduction co atmosphere regular lockdowns took place losers none geographical mobile company top companies put profit personal ethical growth lower prices co lockdowns case would disaster painted majority,@marcjouannet3794,2020-09-20T17:28:11Z,0,
sV9Yc9mCns0,Ugz-5i6ii4osk-VEOnp4AaABAg,heat feel upon faces stand facing sun part electromagnetic spectrum wasnt reflected away clouds earths surface heat feel whats absorbed skin later reradiated away body work way back towards space atmosphere air molecules nitrogen oxygen interact infrared radiation larger molecules carbon dioxide interfere quantum level absorbing reemitting happens reoccurs thus slowing earths cooling process greenhouse effect life earth depends without planet would permanently frozen however theres thing much good thing,@samlair3342,2020-08-01T23:19:40Z,0,
sV9Yc9mCns0,UgyGrNJdSAzHLcB3cYx4AaABAg,safe energy place electricity discovered world would advanced right,@Rizzy-Bizzy20,2020-07-23T02:03:02Z,0,
sV9Yc9mCns0,UgyE7nHWAGuSkw1x5t54AaABAg,fox network isnt percent trump hating liberal hacks fact readily admitat least fox several liberals like juan williams cnn mslsd pbs cbs completely fake news pose disguise legitimate news many people fooled believing watching factual unbiased news talk colluding affect outcome elections please put cnn top list criminals must stopped charged held responsible control airwaves dont right select leaders voters,@ericanderson5726,2020-06-01T03:34:05Z,0,
sV9Yc9mCns0,Ugy1WiRRoeKDPFyYp-R4AaABAg,ban gasoline cars duh,@vvavie24,2020-05-31T17:24:42Z,0,
sV9Yc9mCns0,UgyD3meycyRH1OUNAQR4AaABAg,literally selfish get rid fossil fuels third world countries literally starve death lost half economies,@OhioValleyNat,2020-05-25T06:34:15Z,0,
sV9Yc9mCns0,UgyKTrEMHsu7SBMUAY94AaABAg,well shows parasites planit hopefully mack us learn owner lesson dont think humans ever learn stupid see front owner eyes,@narasteeples4104,2020-05-23T21:24:24Z,0,
sV9Yc9mCns0,UgyHJKJmqOqnYzo72lh4AaABAg,morocco severe drought year coronavirus got country neighbors lockdown first days lockdown started raining like crazy two weeks weather seemed like winter spring clear indication climate change real happened california state also,@yosafvictor5631,2020-05-23T04:01:49Z,1,
sV9Yc9mCns0,UgxREW7xQIxfZrh262h4AaABAg,see government ball less pollution less traffic accidents crime figures point decrease,@davidbradford8542,2020-05-22T21:57:43Z,0,
sV9Yc9mCns0,UgzFMUliuKhnd78i-6F4AaABAg,one reasons planned scam could get rid petrol vehicles soon masses exfurloughed employees made redundant unable afford run car,@tetleyteabagging571,2020-05-22T11:46:32Z,0,
sV9Yc9mCns0,UgwmW4TbHvtcRFRnlOJ4AaABAg,clean air virus made summers cooler year study global temperature change corona pandemic lockdown httpswwwyoutubecomwatchvjzezxthq,@aliasgarasgie,2020-05-22T07:23:36Z,0,
sV9Yc9mCns0,UgxBmbgaWp9k7ac9o0Z4AaABAg,humans toxic realised tackled head straight back hazy skies polluted airinstead encouraging us something take everything thats toxic us get rid replace possible wont happen way society set kept halfwits charge,@commonsenselogic9901,2020-05-21T21:35:00Z,0,
sV9Yc9mCns0,UgyyWNRv5EWiG9l0xOd4AaABAg,covid hasnt reduced itless cars planes humanity needs learn use electric,@commonsenselogic9901,2020-05-21T21:31:40Z,0,
sV9Yc9mCns0,UgyyWNRv5EWiG9l0xOd4AaABAg.98wGsO-FzdN98ygvPdY9SF,common senselogic nut could argue power created unless renewables better,@coraldiamond1922,2020-05-22T20:06:29Z,0,UgyyWNRv5EWiG9l0xOd4AaABAg
sV9Yc9mCns0,UgyyWNRv5EWiG9l0xOd4AaABAg.98wGsO-FzdN98ykX5pvWNl,coraldiamond obviously wouldnt said without meaning renewable,@commonsenselogic9901,2020-05-22T20:37:59Z,0,UgyyWNRv5EWiG9l0xOd4AaABAg
2sxI7s8p99o,UgxaWNJGsQiWaCQXSWd4AaABAg,sorry completely inconsistent inept think told dont touch face immediately want touch faces used teach middle high school students class year olds almost always two students immediately touch faces funny defiance lack selfcontrol five minutes less adults expert says touch faces selfcalm ok goes say dont wear makeup use contact lenses sources contact itching need selfcalming buddhists telling someone dont touch face like instruction dont think elephants trick think elephants thats impossible real trick think something else deep brain hears positive messages almost always better give positive instruction negative instead dont touch think face itches rub leg skin touch pain easy well known distraction rub finger thigh sensitive area like wrist basic principle cant think two touches time doctor slap slap slaps spot hes going sink needle look right needle goes feel itching seems completely different problem havent much success distraction far works best either clean hand scratch take time wash face maybe moisturize heating systems colder months dryness bit grime faces itch sides eyes nose best ive able face itches immediately use hand sanitizer rub itchy spot far far ideal better find helpfully distracting try put alcohol based purell hands scratch itch near eye without getting alcohol eye years ive successful ive also tried using cortisone cream face prophylaxis itching seems effect,@WillN2Go1,2020-04-06T23:33:02Z,0,
2sxI7s8p99o,UgwkWaGR33y-WC_As1x4AaABAg,ill start putting chilly fingers,@rlguerrero2263,2020-04-02T02:15:29Z,0,
2sxI7s8p99o,Ugy2CLNliV4UPRO5-fJ4AaABAg,united kingdom european union failed covid virusyou come india learn complete low efficiency covidyou government poor technology,@dushyantpratapsinghrana8637,2020-03-21T05:06:26Z,1,
2sxI7s8p99o,Ugw34KWPWYJfD6WBRFN4AaABAg,import third world become third,@Kraken54321,2020-03-18T21:24:44Z,0,
2sxI7s8p99o,Ugyrr3dig6G1mW2cHdF4AaABAg,soak face shit never forget,@GORO911,2020-03-18T07:14:00Z,0,
2sxI7s8p99o,UgwVCGcHDPfoXId9b0Z4AaABAg,right everybody question spread weeks without showing symptoms means youre sneezing coughing well also mean youre breathing spreading aerosolised washing hands absolute nonsense,@markmitchell2282,2020-03-17T19:45:49Z,0,
2sxI7s8p99o,Ugxo94E8vHiHcXgDBSF4AaABAg,islam truth religion telling us haram foods prohabitedso plss eat halal foods bleeding foods nowplsss make surewear niqap face cover hijab head covertake wudhuwash ur facenosemouthhands properlyshalom,@yusofhamid2978,2020-03-17T17:00:22Z,0,
2sxI7s8p99o,Ugy18qkJbCG_DN_Yacp4AaABAg,surreal frenzy inside us biggest mask makerget company number good quality face mask prevent self infections like corona virus company gives cheaper prices country world need place contact us whatsapp provide fastest shipping methods,@njihans2565,2020-03-17T16:20:51Z,0,
2sxI7s8p99o,Ugy5dBh4fEjEEoFd8K94AaABAg,stop telling people dont touch face instead telling touch face many times want covid serious bring closer god go touch face,@qingleighanaqingleiplastic8762,2020-03-17T11:44:58Z,0,
2sxI7s8p99o,Ugwy4cHDgXIePbeUV0B4AaABAg,first time glad got acne learned touch face,@ginchan11,2020-03-17T11:11:09Z,0,
2sxI7s8p99o,Ugyk_i6Skd4WJPvyH8N4AaABAg,wear spidermans costume leave space breathing wear gloves,@mariaangela7757,2020-03-17T07:11:00Z,0,
2sxI7s8p99o,UgzOUNeBacsxlsubyvp4AaABAg,chinese wuhan coronavirus,@terryshire,2020-03-17T04:47:35Z,0,
2sxI7s8p99o,Ugzu8VOszWKBZ_9KFVt4AaABAg,idea people think condescending someone explain behavior offer solutions dont follow hate knowledge,@jeffreym68,2020-03-17T01:38:06Z,0,
2sxI7s8p99o,Ugwkl0Yo7oRzHQ336AV4AaABAg,top tip put plastic bag face cannot touch face,@sillylittlemonkey7130,2020-03-16T23:23:55Z,0,
2sxI7s8p99o,UgyoSXcyCjKos-rU7KV4AaABAg,im always touching face pick nose im learning stop eating though,@annoyingbstard9407,2020-03-16T22:21:21Z,0,
iVo5j9mZq7g,UgxGWXtlLQcIA8Tj11t4AaABAg,every patients infected mers died news anchor world way sentencing something,@azgjo5962,2021-12-26T23:20:49Z,0,
iVo5j9mZq7g,Ugx1atgkhRoUBvnBM_p4AaABAg,wear face mask safety,@kennybegeske8824,2021-10-28T00:26:53Z,1,
iVo5j9mZq7g,UgyubVxDAoAb5lyyBiB4AaABAg,dont wear mask,@aristontaylor5995,2021-03-18T22:16:05Z,0,
iVo5j9mZq7g,UgyyAojg4bPLKdGPPuN4AaABAg,hey enjoyed ive trying look vid similar informs topics vid vid similar content doctor ethan ethans tips knowledgable really learned lot school insightful doctor uk talks health check youtube give doctor ethan like drethaneducation,@joemaveal1947,2021-01-03T03:20:42Z,0,
iVo5j9mZq7g,UgxaNA5mL0lj5c6u72x4AaABAg,china kill us released lab,@LaJefaOIF,2020-11-28T18:13:30Z,0,
iVo5j9mZq7g,Ugz1ihohmaCQ4-Z2W3F4AaABAg,dont wear mask wonder many people us virus would care revise,@davidhempster1172,2020-10-29T20:01:17Z,2,
iVo5j9mZq7g,UgxoJwXqYeQ1k3tXCL54AaABAg,tell us something dont know covid,@Ray888z,2020-10-21T03:05:38Z,0,
iVo5j9mZq7g,UgzyynIGDWdfXCkyMS94AaABAg,dont dig us foot hole infect selfs time four weeks see still alive cover dead could fix global warming plastic waste oceans overpopulation homelessness animal habitat destruction underground fresh water shortage weeks genus gods,@taylorman4080,2020-10-20T18:32:56Z,0,
iVo5j9mZq7g,Ugz3s1NuypoK2eCX2nt4AaABAg,make mandatory someones socializingie restaurantsbarsgymsthat individual sign innoutprint ones name address case contact required,@albertking8842,2020-10-08T21:39:55Z,0,
iVo5j9mZq7g,UgxFedpDlPq8bWlOnM14AaABAg,else among still doubt dr clinton herbal producti able bit coviddown herbal products got dr clinton products one kind years month suffered covid thankgod able get rid herbal product dr clinton years cant still trace anything related covid healthy strong alwaysi always conduct herpes test every last friday every month thats say still many test results thats confirmed negativeif ever get read share family friendsthat perfect cure herpes contact dr clinton via email doctorclintongmailcom text whatsapp nice video though stay bless,@deansmollar4071,2020-09-23T05:54:03Z,0,
iVo5j9mZq7g,UgygJNkIlsx2yCUKJax4AaABAg,corona virus rap safe rona httpswwwyoutubecomwatchvfgdvwepjpuo,@blackbassin1542,2020-09-03T05:15:25Z,1,
iVo5j9mZq7g,Ugw7PByY5YnX9Ay5i4V4AaABAg,wearing mask properly exactly important thing,@林士瑜,2020-08-25T08:17:28Z,0,
iVo5j9mZq7g,UgzaZoIMrdBnTnVXSRB4AaABAg,rapid spread lord protect us lieth front us behind us heads right left feet every side exposed verily thy protection things unfailing bahai prayer,@francismausley7239,2020-08-08T06:21:34Z,0,
iVo5j9mZq7g,UgyOKwvaOBUUFXyq2uV4AaABAg,httpsyoutubeedsddwnxcg,@sweetbriarcottage,2020-07-10T04:02:49Z,0,
iVo5j9mZq7g,Ugx_aLQFnWfXUgDe4Hl4AaABAg,health experts saying slaughter houses leading cause spread corona virus zoological scientists recently discovered strains corona virus often spread consumption red meats suggesting shift diets order prevent mass outbreak,@cynthiapoke3007,2020-06-28T20:01:01Z,0,
iVo5j9mZq7g,UgwpgYGB_ydI4fAY6914AaABAg,thanks video,@charmainedwards4278,2020-06-26T01:17:37Z,0,
SfWtBPbE9so,Ugyz8gL0GgZOSoM8HOt4AaABAg,enough tests area politicians want start opening close contact venues say peak sure downward tend many havent able tested probably lot crazymaking,@pam.h4007,2020-05-07T05:48:53Z,0,
SfWtBPbE9so,UgzLMILNxPsJSuT6bUR4AaABAg,dow cfdslongs positions risk,@jeremiahlim2925,2020-04-22T02:30:13Z,0,
SfWtBPbE9so,Ugz9Ql4tBjxtrKQe9jR4AaABAg,test blood donations antibodies,@gregstrano6182,2020-04-19T18:32:10Z,0,
SfWtBPbE9so,Ugz7NIhHEnKAl3rVQW14AaABAg,oh promising news liberals dont want hear,@bonor6,2020-04-16T00:42:01Z,0,
SfWtBPbE9so,Ugz7OJs0y2YboeRJpvN4AaABAg,american laboratories reliable update test helpful order many full prevention rooms hospitals look quite lot suspct patients timely even many dont symptoms displayed healthcare order number cases turns regardablely,@christiamquispe9772,2020-04-13T19:55:49Z,0,
SfWtBPbE9so,Ugxx1517ZvkcZaZRJFl4AaABAg,cheap amazon coronavirus infrared thermometer httpsamzntoayf,@elienicolas9879,2020-04-13T19:51:57Z,0,
SfWtBPbE9so,UgxnnVEf6PLtQuZSO9Z4AaABAg,million people usaso thats tested lord come test,@catrinal,2020-04-13T18:49:43Z,0,
SfWtBPbE9so,UgzN8A-7nN40QzqybV14AaABAg,know people showing signs cant tested uncle aunt,@Cowboyart67,2020-04-13T18:12:18Z,0,
SfWtBPbE9so,Ugw5tf4jHJODvvI5RhZ4AaABAg,way trump allowing people go back work virus still widespread going see increase cases people reinfected vaccine end,@Cowboyart67,2020-04-13T18:10:38Z,0,
SfWtBPbE9so,UgzWe1KrsOJbcSJJbId4AaABAg,lie dominant mutations china europe even antibodies mutations get sick ruling class care die b c guarantee get sick already know,@dave-do3hs,2020-04-13T17:34:20Z,0,
SfWtBPbE9so,Ugz07_sv1VuMv5cqCXR4AaABAg,im loosing interest subject,@jdicari9534,2020-04-13T16:54:00Z,0,
SfWtBPbE9so,UgwY4dGmGp5PkLL74CZ4AaABAg,love american people love saudi people love donald trump jhon ankle love king salman bin abdul aziz al saud ankle love saudi prince brother sister love saudi new crown prince mohammed bin salman bin abdul aziz al saud brother love saudi prince matiab bin abdullah bin abdul aziz al saud brother love saudi prince waleed bin talal brother dont like pakistan people thief,@aftabalamsaudi8112,2020-04-13T15:08:15Z,0,
SfWtBPbE9so,UgxNqxxfTkcVsp4G0Qx4AaABAg,thanks blood youll get willingly,@tonysmith2045,2020-04-13T13:04:31Z,0,
SfWtBPbE9so,UgzTwETurE4mILvxxn54AaABAg,call lawyers please sue world health organization media class action stop bullshit,@J.E.A,2020-04-13T12:56:55Z,2,
SfWtBPbE9so,UgxJgxATZOo1fj7zPel4AaABAg,sorry cannot trust doctors show scientist jake tapper known fake news artist theres credibility sad,@earnesttbass8107,2020-04-13T12:42:21Z,0,
SfWtBPbE9so,UgyMzJ3fhlnmK7UMdnt4AaABAg,means true us may see next year,@charliedallachie3539,2020-04-13T12:29:09Z,0,
Dvz20hLJ15I,UgytDAT9K9X1O80IE9V4AaABAg,hahahah aged well fuckin idiots comments pretty god damn hilarious hahahaha acting like knew right followed science hahahahaha oh thats rich,@trevordrexler5652,2025-04-09T23:22:28Z,0,
Dvz20hLJ15I,UgzAARDFJSePSNUdpd54AaABAg,wearing masks probably important thingwow,@Orf,2024-02-01T19:39:36Z,1,
Dvz20hLJ15I,UgxHtDoKtM7H7fwoBtB4AaABAg,fascist checkers making sure machiavellian sociopathic tool new nazi party,@SharkFaceKidd,2022-02-17T10:17:55Z,0,
Dvz20hLJ15I,Ugy0FDEDPSzCM-d2Dc54AaABAg,notice fact checkers never fact check information would beneficial pharmaceutical cooperations never,@mouwersor,2022-01-09T18:04:03Z,0,
Dvz20hLJ15I,Ugxx4S_HdB8HPPl-ICJ4AaABAg,well thats finally convinced good oh waitits cnn post damn back dark,@kenny832,2021-12-29T14:15:23Z,0,
Dvz20hLJ15I,UgxrJ0C3a8wT8xbREbl4AaABAg,fact check breakthrough cases reported fully jabbed arizona alone please go check pandemic unvaccinated,@Gruntology,2021-11-12T22:50:03Z,0,
Dvz20hLJ15I,UgwTXhNMwCO7Srtjfq54AaABAg,fact check years still dont know even one person died covid already sure dying completely unrelated terminal illness,@Inquisitorial-AF,2021-11-12T21:03:12Z,2,
Dvz20hLJ15I,Ugy6hB3wtyFBpBkqxHV4AaABAg,turns cnn still full shit,@bradleyriles3889,2021-07-13T23:22:46Z,2,
Dvz20hLJ15I,UgwbE58ujLDL4MLjHUx4AaABAg,dont trust media anything hear covid research even though truth censored still able found wont find fb yt twitter mainstream media especially one,@bjc8653,2021-02-17T06:05:45Z,0,
Dvz20hLJ15I,UgzuTAYcQaoWYF1pBpB4AaABAg,studies cited utterly terrible journalism,@ruaidhri777,2020-10-15T00:51:21Z,1,
Dvz20hLJ15I,Ugzn0XIAzz2pxwKtmfd4AaABAg,bs lost first questionnoits simply coincidence biolab right street cited sloppiness happens studying particular flavor virus,@dansdoves3650,2020-10-06T09:16:20Z,1,
Dvz20hLJ15I,UgwCF0vtZa-BHPmJJW94AaABAg,would like take opportunity cnn ensuring election president trump rage porn great help turning independent voters like marxist democrat party apologist antifa woken many hard working americans evils unchecked violence closeted millionaire racists employ journalists everyone thinking guy real please keep calling violent children killing anarchists peaceful protesters even old line democrats see transparent glass cnn without help cannot get trump reelected keep orange man bad america bad old white men bad store owners bad free speech bad please please get phony italian say says protests non violent help democrats burning cities get trump reelected,@joedushof64street79,2020-08-28T20:57:52Z,1,
Dvz20hLJ15I,Ugy86kS3EUGYfAZFpth4AaABAg,cnn give facts science,@kornbread5359,2020-07-05T02:09:12Z,0,
Dvz20hLJ15I,Ugzg9ogWPiNfZ4CDFYx4AaABAg,advocating importance wearing mask none three wearing strange,@abhaysingh5267,2020-06-15T20:24:30Z,0,
Dvz20hLJ15I,UgyQFtFrdDNdNCNPwQt4AaABAg,greta thunberg panel obnoxious little girl done nothing rantnow panel experts world come,@e.n.akasha9516,2020-05-14T22:08:16Z,0,
Dvz20hLJ15I,UgzOQaC82y30-nTCOMJ4AaABAg,either get facts listen cnn cant get facts cnn,@johnnyd687,2020-05-14T02:27:26Z,0,
Dvz20hLJ15I,UgwION0OfFk5d4Gt7rV4AaABAg,hard believe someone paid come useless soundtrack talking cnn,@georgehampton25,2020-05-13T23:07:22Z,0,
Dvz20hLJ15I,UgzC-MQUGFDpntlnkWZ4AaABAg,fact corona fungi easily cured antifungals,@JH-mp7tw,2020-04-29T18:58:34Z,0,
3AzIgAa0Cm8,Ugyokvmgr1jMNu-7ndx4AaABAg,yeah turns right,@lerchfreyley1,2025-03-16T04:10:23Z,0,
3AzIgAa0Cm8,UgxnFU9EZdN8UcX9KhF4AaABAg,isnt covid vax un tested well created days operation warp speed sounds rushed,@lionelcrown9629,2023-08-10T20:22:11Z,0,
3AzIgAa0Cm8,UgwJnMRNNi9miBe1c4V4AaABAg,anderson remember wife charged murder,@someonenew3547,2022-01-09T17:10:01Z,0,
3AzIgAa0Cm8,UgyQF9HhtBjn8duKBMZ4AaABAg,doctor thinks ivermectin horse deworming,@someonenew3547,2022-01-09T17:09:22Z,0,
3AzIgAa0Cm8,Ugz-fdbKNYPiORpp_c94AaABAg,dr fauci said hydroxychloroquine chloroquine works coronavirus watch cnn dunce,@Dispondent,2021-10-10T14:22:07Z,0,
3AzIgAa0Cm8,UgywQJdBYfdIlcnqiRh4AaABAg,july medicine could saved many lives thanks cnn helping,@jrruiz4657,2021-07-10T23:09:05Z,0,
3AzIgAa0Cm8,UgzjWClD6rJipRop8rl4AaABAg,conspiracy theorist correct fake news cnn wrong httpsnewsyahoocomstudyshowshydroxychloroquinezinctreatmentshtml,@dougsmith9261,2021-06-10T10:58:40Z,1,
3AzIgAa0Cm8,UgzdxDr5S3atVRp1P_p4AaABAg,new comments,@fawnfruits,2021-06-04T05:08:05Z,1,
3AzIgAa0Cm8,Ugxl4JkQJ2BGWQXumNh4AaABAg,yes harm done long recieve answer fauci vaccinations big farma demand trials done ivermectin medications save lives,@annavasilarakii3060,2021-05-12T20:57:51Z,0,
3AzIgAa0Cm8,UgycJ9sG_q-xGxD_fXZ4AaABAg,obvious companies stockpile medications old extend back late trying get rid called corona vaccines also another old medication trying make money contain mercury originally mercury based preservative used back late insane mercury would used day age preservative concoctions made human internal applications real truth drugs old ingredients drugs manufactured back late trying sell today profit dont accept vitamin c effective safer option,@generaza7609,2021-04-12T22:22:27Z,0,
3AzIgAa0Cm8,UgwBiGtuhNB_19ZhGNt4AaABAg,hydroxychloroquine one potent damaging molecules ever invented bound show side effects form kidney damage look molecule hydrogen atoms end almost every atomic tendril molecule engineered cause severe damage organism interacts virus might well swallowing monsanto weed killer,@generaza7609,2021-04-12T21:34:39Z,0,
3AzIgAa0Cm8,UgzOM7Fc84OVhI6S2NV4AaABAg,chloroquine created bayer bayer acquired monsanto surprise scientists bayer tested chloroquine animals came conclusion toxic continue use development,@generaza7609,2021-04-12T21:28:46Z,0,
3AzIgAa0Cm8,Ugzt0jkBPfDx8dlCqFl4AaABAg,name hydroxycloroquine stoopid get right next time oh stop using dominion like counter fooled,@mrcharlievarrick116,2021-03-12T04:51:47Z,0,
3AzIgAa0Cm8,UgxlAiI1pBSxfxu_kIl4AaABAg,lying cnn lying cooper lying gupta crimes humanity,@Dan-iy8ig,2021-02-09T18:33:18Z,1,
3AzIgAa0Cm8,UgzKYHK6JnB76yNQvxt4AaABAg,anderson sanjay go jail supplying misinformation months,@aspectra,2021-02-09T05:17:00Z,1,
3AzIgAa0Cm8,UgwBM-dmVBPxZ_p_Li94AaABAg,words truth cnn contradiction lies coming cnn,@ohdingobongo,2020-09-24T05:54:29Z,0,
3AzIgAa0Cm8,UgwumvvT21skjAGkHEF4AaABAg,maybe trump also take garlic ward vampires yes hydroxychloroquine garlic,@g.sinclair5174,2020-09-18T03:34:32Z,0,
SdqlNNAEju0,Ugxw6Zlt0CtJBbBzNJZ4AaABAg,ban gain function research ban live virus vaccines,@charlesfeatherstone6196,2025-06-01T09:13:05Z,1,
SdqlNNAEju0,UgwPnetaWZHpLSjwx7B4AaABAg,facui payed pfizer vaccine work,@davesmitg5505,2021-09-05T15:43:57Z,1,
SdqlNNAEju0,Ugy_eHUSuXj5IShwEgZ4AaABAg,httpsphotosappgooglwawrwzledtjgaj hiv death tcells impact covid testing treatment httpswwwnewsmedicalnetnewsnovelcoronavirusattacksanddestroystcellsjustlikehivaspx httpswwwscmpcomnewschinasocietyarticlecoronaviruscouldtargetimmunesystemtargetingprotective,@udawyma1682,2020-10-12T18:04:48Z,0,
SdqlNNAEju0,Ugzl2tly5FJjVRDlTvV4AaABAg,httpswwwyoutubecomwatchvgjosblc,@user-jk3hl5rt6t,2020-06-17T20:05:22Z,0,
SdqlNNAEju0,UgwoII8UJxW5B_iBFMF4AaABAg,alrady plenty things cure covid dont want cant makemoney mms hydroxychloroquin ozone therapy artemisa meanwhile talk bullshit hopes people die could saved easily due diligence people peopleare employees nwo,@PeacefulRebellion02,2020-06-16T15:36:48Z,1,
SdqlNNAEju0,UgzdCVqyMyUBNTgbUw54AaABAg,dear editor neither spouse compelled testify private confidential communications either criminal civil proceedings case dr fauci wife christine grady assisting approval faucis vaccines truly proven safe dont answer questions might gone wrong conflict interest mrs grady enrich husband prematurely approving husbands vaccines concert bill gates doctorate degree philosophy future america world depend nonaccountable partnership,@josephdupont,2020-06-16T04:14:42Z,0,
SdqlNNAEju0,UgxTcpm0xxjSrEYJO6Z4AaABAg,cnn even gives guy airtime illustrates level ignorance far beyond burning america,@markchase4513,2020-05-31T12:01:38Z,0,
SdqlNNAEju0,Ugy3OkEvqpVWdsn-bnh4AaABAg,httpsmyoutubecomwatchvklhatsngrtc,@patviceroy8121,2020-05-24T19:40:28Z,0,
SdqlNNAEju0,UgwLZoCULY1LkzyIDSh4AaABAg,defeat covid httpsyoutubevkwnouwqc,@rohithar3741,2020-05-18T20:00:10Z,0,
SdqlNNAEju0,UgzRlfgKt7LYz-MRhr14AaABAg,trump said time guys cnn busy calling foe hcq,@iainmrodgers9991,2020-05-17T13:09:32Z,0,
SdqlNNAEju0,UgzWiZwLcxvG5DhWc3h4AaABAg,come remdesivir worked aids yet block covid virus big question,@berylackermann8240,2020-05-15T20:25:56Z,2,
SdqlNNAEju0,UgxlHAy2j8aldZXj7Ml4AaABAg,difference conservatives libtards liberal dicks bring new drug try everyone else says ok lets see conservatives thing oh wont work shouldnt try hiv drug drug try hcq still good possibility stop giving us bs death rate many deaths cv many something else patient happened cv pure crap,@rathofturkey,2020-05-14T00:49:36Z,0,
SdqlNNAEju0,Ugw1SWevJPUOOayVxyx4AaABAg,httpsyoutubeavc_ftzkw people die covid keep listening cnn cnnccp news network vietnam pop zero covid death hydroxychloroquine excellent quarantine testing,@hoaluong3592,2020-05-13T19:03:01Z,0,
SdqlNNAEju0,Ugzi5lHA0DOtFvt98PF4AaABAg,virus contains strains ebola sars aids god knows else mad scientists loose,@yvonnebrown7096,2020-05-12T16:56:53Z,0,
SdqlNNAEju0,UgyXNIbR61TeTgv4RLx4AaABAg,im frankly shocked cnn would even bother running news story something positive regard treatment covid,@robertandrews3055,2020-05-11T12:17:29Z,0,
SdqlNNAEju0,UgweCktOMJjY4dkoHHV4AaABAg,okay everyone doctor cure cure microchips vaccine nice day everyone,@thesupremeruleroftheunited8744,2020-05-10T19:00:54Z,0,
SdqlNNAEju0,UgweCktOMJjY4dkoHHV4AaABAg.98UfsVqNf9Q98_Cxe8l91H,yvonnebrown take rfid chip head,@thesupremeruleroftheunited8744,2020-05-12T22:34:54Z,0,UgweCktOMJjY4dkoHHV4AaABAg
SdqlNNAEju0,Ugzzv1VkaYWym1L5SI94AaABAg,doctor team responsible nasty virus thinks answer kill people people died world blood cries dr fauci god almighty sees guys,@madelinewilson5405,2020-05-09T15:26:57Z,0,
yMTTZiY1ppg,UgyQ_A-Exq21CYscvDd4AaABAg,spokes person take part testing beast mark looks like cow jesus fight,@orientalmagitheartofninku7888,2024-03-11T18:48:04Z,0,
yMTTZiY1ppg,UgxccaZHmsRnnATgo4R4AaABAg,government poisoning food supply,@collinsashley1990,2023-01-22T18:03:01Z,0,
yMTTZiY1ppg,UgxPMhf5zG8L8_zBC-l4AaABAg,predicted john hopkins center health security publication entitled spars pandemic scenario irrefutable proof pandemic planned years ago used faith government actually defended conspiracy theorists reality theyve telling truth whole time time wake america theyve playing us fools,@evilswissy,2021-09-15T02:15:22Z,0,
yMTTZiY1ppg,UgxfleDi97d1e7jwcod4AaABAg,shit frankencows,@itsollieagain2909,2021-09-09T13:06:54Z,0,
yMTTZiY1ppg,UgzI1Tt1PE3g8hzirW14AaABAg,could possibly go wrong long safe effective label yes sheeple,@colin.charles,2021-09-09T09:26:21Z,1,
yMTTZiY1ppg,UgyDd0H4hQjoxksGCjR4AaABAg,translate keys cow filipino,@kylekobe4683,2021-08-25T15:30:12Z,0,
yMTTZiY1ppg,UgyLvgq0MxzbclGFZ0h4AaABAg,jubilees testimony written concerning observe continually eat day blood beasts birds cattle days earth man eats blood beast cattle birds days earth seed shall rooted land time wont water god willing,@orientalmagitheartofninku7888,2021-08-06T09:30:31Z,0,
yMTTZiY1ppg,UgzCmVpW2_sYVkuTthR4AaABAg,u harm cows make vaccine,@sparkalinaplays545,2020-12-15T10:32:54Z,0,
yMTTZiY1ppg,UgzPMrcgvmc4IpyU8wN4AaABAg,good thing aint angus theyd trying kill,@codymcgonagill5392,2020-11-01T03:40:52Z,0,
yMTTZiY1ppg,UgykHkLhLKIThDBKT-F4AaABAg,thats indians worship cows,@Physiqueexpert,2020-06-23T04:16:12Z,1,
yMTTZiY1ppg,UgwlEKWU3gok5oUW0pR4AaABAg,eyehello benjohn hermogeno abendaño blocklot villa karangahan subdivision calauag naga city bikol province camarines sur philippines phone hang using android email name youngest daughter celynchamaegmailcom kitty mae watching news report cnn show tube young cow like ass cow young might lose disfigure disease tumor lungs liver cancermosquito bites yellow fever young cow dead dust ass already old disfigure lose injure patient cardio vasçular arrest mole whereby mule disease rash cardio vascular arrest mole might expand life whether properly domind good vaçcine moscow russia might look map europe doctor think patient important stress confine obstinate stubborn also write comment upon several movie watch show tube title devil gatewar piggrizzly bear ragepsycho party plannerthe hunt golumprimalsave dance pride prejudicethe keeping roomviolet daisy johnson county war dust buddies animated short film also write comment upon several movie clip watch show tube title black widowunderworld blood warspiderman vs sandmaniron manbad boys life also write comment upon advertisement company phone watch show tube name oppo also write comment upon several breaking news headlines news report cnnfox news msnbc watch show tube also write message sent distinct person name enlist upload facebook messenger like piera fordesarah j maassarah palin jewelleryimee marcoskate middletonhilary rodham clinton suzanne scott st century fox ceo physicianpresident us donald trump picture appear seen attachment breaking news headline news report picture attach politics trending intent writing comment message looking rich literate person lot money invest upon writer writing story producer movie açcustom write several story might play cast show whereby movie regarding theif go window flee also regarding rich literate proprietor man name blear stone wearing robe robot fray grumble upon group human transformation become huge shrewish wolf dog vampire happen loss lose murder died group human transformation become huge shrewish wolf dog vampire title story blear stone vaultron vaultron name robe robot also write story lensleanveinbeen hack spleen willing want tell accustom write story rich literate person lot money invest upon writer writing story producer movie need money writing second part story title hack spleen whether look read write comment message whether interest desire put money writing story might play cast show whereby movie english might reply android email name youngest daughter celynchamaegmailcom kitty mae use might also call mother teacher name maribel hermogeno vivero teaching leon mercado high school pacol naga city bikol province camarines sur philippines number sim card phone mother,@kittymae881,2020-06-01T03:26:28Z,0,
yMTTZiY1ppg,UgzHkgB-96b0Nf3tFF14AaABAg,eyehello benjohn hermogeno abendaño blocklot villa karangahan subdivision calauag naga city bikol province camarines sur philippines phone hang using android email name youngest daughter celynchamaegmailcom kitty mae watching news report cnn show tube cow excess protein protein calories fat body form fatten scientist doctor make scientific name disease doctor looking disfigure patient rash disease tumorlung liver cancer yellow fever insect bites cardio vasçular arrest dead dustand doctor consult prescribe mole might expand life whether properly domind good vaçcine moscow russia might look map europe,@kittymae881,2020-05-31T12:57:27Z,0,
63M9ZQd2B7M,UgwEKkUwH8xttAaLu7B4AaABAg,yeah thats good guy lets listen guy lied everything android congress isnt prison,@JoshPowers-p4y,2024-07-21T05:37:01Z,1,
63M9ZQd2B7M,UgwEKkUwH8xttAaLu7B4AaABAg.A68aUw1hh-MAaxEIH-NVgL,former dementia chief laughing stock word salad vice president gave fauci full pardon cant prosecuted creating covid back past fauci said absolutely problem testifying public years road however certainly biggest lie ever said plead th amendment times even balls plead th amendment asked color carpet front,@christiansotelo55,2026-09-19T19:08:01Z,0,UgwEKkUwH8xttAaLu7B4AaABAg
63M9ZQd2B7M,UgxthE_JMu2ZCKk5Xpt4AaABAg,stay country,@bobl.2213,2021-01-29T00:52:27Z,0,
63M9ZQd2B7M,UgzKy8Xxlh-F12QLunR4AaABAg,hes full,@maddog4657,2020-07-28T16:29:47Z,0,
63M9ZQd2B7M,Ugy_LE-iUWnKjdm0nQx4AaABAg,country divided usual kingdom divided stand people turn fake news stop listening lies bought paid actors seek real info late hour always hope follow money benefits turn tv invest real relationships life none make one check httpswwwcorbettreportcom httpswwwprojectveritascom read bible pray repent believe time running may,@solarseacanscanada9886,2020-06-14T11:38:01Z,0,
63M9ZQd2B7M,UgwJZmihXJsu3fgXTXF4AaABAg,thank,@DavidByers1eye,2020-05-28T12:28:54Z,0,
63M9ZQd2B7M,UgyYFRMHhUAswTKBaUR4AaABAg,fake news,@BigMike-bq8oh,2020-04-12T14:36:54Z,0,
63M9ZQd2B7M,UgznmeDm-fNmpmO_bRx4AaABAg,fake news,@BigMike-bq8oh,2020-04-12T14:36:46Z,0,
63M9ZQd2B7M,UgzWj1g1QW_cK0ctgW94AaABAg,fake news,@BigMike-bq8oh,2020-04-12T14:36:40Z,0,
63M9ZQd2B7M,Ugz9Npwpj0Ualhv4Wvx4AaABAg,fake news,@BigMike-bq8oh,2020-04-12T14:36:32Z,0,
63M9ZQd2B7M,UgyTHQjWW-73FpHlG5B4AaABAg,coronavirus spreading fast persistent air know virus spread people infected via respiratory droplets droplets land around cough sneeze people around nearby virus stick hands touch fluids noses mouth spread surface touch research shown virus stay active stainless steel plastic surfaces hours longer paper clothing hours minimize spread told infected wear masks viruses respiratory droplets trapped mask fly far countermeasure mask containment virus told people maintain social distance feet meters infected talk breathe without mask hisher breath droplets reach others around yet virus continue spread fast number new cases keep doubling almost every days one question comes mind virus spreading another way yet considered answer likely yes virus spreading air distances feet perhaps far feet longer especially infected wearing masks let explain virus remains active surfaces long hours virus stay active long protected cocooned respiratory droplet came infected exhale respiratory droplets near glass fog glass winter make fog breathe drive fog one thing notice mist fall ground stays floating air similarly exhale air droplets stays air long time see dense enough fog smaller droplets buoyant float airflow wind droplets travel long way know well electrical polarity virus could viruses packed inside water droplet holding droplet intact surface tension virus owns electrical polarity droplet touches surface breaking unloading viruses like tiny trojan horses droplets persistent air people walking breathe droplets land faces mouth eyes ears contributing extensive spread covid infected adhere use masks contributing higher density virus air let put things perspective radius coronavirus electron micrographs order mm radius pin head mm pack layer million corona viruses pinhead exhaled droplet radius order micrometers mm size fog droplet droplet floats persists air moves around distances longer meter airflow wind carry much million corona viruses therefore virus hitching rides vast distances airflow wind spreading many people surfaces surfaces near infected propose simple experiment nih cdc perform immediately follows place infected person read book loud center feet wide room minutes place fans create airflow simulate wind near person carry hisher exhaled droplets around room minutes take sample swabs walls floor ceiling test virus sure virus found surfaces healthy people stand near walls room would breathing virus particles perhaps dose low nevertheless exposed increasing transmission covid similar experiment performed jamie hymeman adam savage episode mythbusters june titled art sneeze found droplets sneeze travel far feet another episode called contamination may using florescent dye person running nose contaminates everyone party simply serving food drinking cordial coronarvirus infected droplets different episodes searchable youtube prevent spread virus persistent air everybody mask population must wear mask handkerchief scarf cloth minimized exhale droplets air point need hold droplets mask barrier act infected eventually going get infected mandatory action reduce number infected right away infection continue spread gradual hospitals able handle sick many lives saved know people feel weir wearing mask public think look sick cool creative fashion mask coolest looking handkerchief bandana fashion industry begin production masks using dense materials need reduce exhale droplets directly air nuclear medical science officer us army public health command studies health effects airborne depleted uranium particulates sent analysis public health command nih cdc hope take note use masks barriers exhalation must obligatory citizens reduce spread help hospitals manage pandemic save economy precaution might able go back work angel castellanos phd majr public health command us army april references nih website new coronavirus stable hours surfaces sarscov stability similar original sars virus cdc website guidelines coronavirus covid electron microscopy studies coronavirus ribonucleoprotein complex miao gui xin liu deyin guo zhen zhang changcheng yin yu chen ye xiang,@angelcastellanos2294,2020-04-06T11:57:58Z,0,
63M9ZQd2B7M,UgzqSlH7LKutlbBFXUt4AaABAg,fauci associate bill gates big pharma,@michaelrapson,2020-04-05T21:22:28Z,1,
63M9ZQd2B7M,UgxtcNVF-AN3VAhoskR4AaABAg,told truth wow put mask cover skin wash hands virus might hitchhiked,@estebahngold9201,2020-04-03T17:32:14Z,0,
63M9ZQd2B7M,Ugxy1S1l-00VIT4vwH14AaABAg,nurses hospital facility staff different quarantine rules ie even though self quarantined without actual test case travel exposure someone testing positive still need tested prove negative days go back work go back work quarantine days without sympthoms im talking quarantined oersonnel confirmed infections isolation,@pr0xZen,2020-04-02T23:32:33Z,0,
63M9ZQd2B7M,Ugx-Kwm20GHOZnIzUQZ4AaABAg,two potentially contaminated people sparated feet,@crand20033,2020-03-31T10:02:17Z,0,
girPw3j5OJs,Ugw4btjxn5lEEVMy-Od4AaABAg,nano particles ingredients vaccine squirting mach speed g spot count sexual fluid like droplets according bimbo times bimbo times show video eat vaccinated pussy get infected myocarditis pericarditis would new drip dry mask corona virus spread sex vaccine spread sex said bimbos couldnt say rofl get hwen narcisistic bimbos explore truth considered news billions dead narcissist,@osiristhomas7621,2023-10-04T05:37:52Z,0,
girPw3j5OJs,UgxHKxXDvtvS2FAhnwN4AaABAg,bimbo times please dont research whatever want like call especially like narcissist killing shitloads narcissist families jack nicholson said doesnt get much better know wouldnt exist without pathological narcissist begin hilarious one pandemic wiping pandemic know narcissism narcissist vision abusive sadistic tongue knowledge wisdom share life sucking materialistic mindset finally wiped face earth sent back dark void came,@osiristhomas7621,2022-10-16T14:47:16Z,1,
girPw3j5OJs,UgwhjMmvurfrPP69dnl4AaABAg,well wearing paper bag faces,@strawberriesontopscoolwhii3947,2022-07-07T01:41:24Z,0,
girPw3j5OJs,UgwfV2ZS-vLEe41QFAV4AaABAg.9WsV9yJpJji9Xe8Lh36Mds,top doctor canada recommends wearing masks sex,@Stewieboy1995,2022-01-26T05:35:41Z,0,UgwfV2ZS-vLEe41QFAV4AaABAg
girPw3j5OJs,UgzfQe7aGPFed9rUlox4AaABAg,coronavirus spread sex sex spread cnn,@jaeho7501,2021-12-31T07:15:40Z,0,
girPw3j5OJs,Ugwa3vD_BgYuLcno_vx4AaABAg,fact want share personal experience topic story started wife called work saying feverish feels pain body fatigued asked come back home immediately next day made cbc crp test didnt make corona pcr test actually results normal showing infection high possibility got virus im categorized time confirmed covid patient blood tests coronavirus pcr test recovering day since treatment started days honest sex wearing masks kisses exchange foreplay gave huge load sperm shots band bang practicing sex long time cause im covid patient days later started complain head aches fever around pain muscles extent makes ask bring bed support coughing didnt actually complain taste smell loss yes call dried coughing comparison withe symptoms see bit different temperature reached got dried coughing wet one got pains body us didnt experience shorting breath losing smell taste sex symptoms remade stests really bad crp test raised sex lack white blood cells count call lecopenia doctor said time tests results bad time suggest covid passed partner throughout semin opinion,@madymusic2594,2021-01-14T18:49:38Z,0,
girPw3j5OJs,UgzybwsRfk8nIqb_v994AaABAg,finally tell wife good reason get watch porn hey honey news said coronavirus may spread sex guess watch porn social distance wife,@carlosmelendez8317,2021-01-08T23:58:11Z,0,
girPw3j5OJs,Ugx0U2YfyMr3RbpC1Y14AaABAg,people shouldnt sex unless making babies period,@tulipmichelle,2020-12-10T03:34:29Z,1,
girPw3j5OJs,Ugw5LzG5yTxr_l-cE0h4AaABAg,hoaxalicious,@skyclarking-123,2020-09-06T14:22:59Z,0,
girPw3j5OJs,Ugze7tNJgKRMTr6us_h4AaABAg,covid found pakistan,@axoldude,2020-09-02T07:36:36Z,0,
girPw3j5OJs,UgxDM-NowCOfbCMnvjd4AaABAg,wow really,@jmalkavitch8024,2020-05-16T21:39:21Z,0,
girPw3j5OJs,UgyyTWaDV3uswiJdaS94AaABAg,stupid one ask question possible american tv,@LDmees,2020-05-15T08:19:55Z,1,
girPw3j5OJs,Ugy2SBCOxupHWd7BU9x4AaABAg,go ask faucihe lied hivmaybe knowsthe little rat,@iqbalmahommed6426,2020-05-15T06:45:42Z,0,
girPw3j5OJs,UgzWYBEE33TkQUbk5Ll4AaABAg,u serious well cyber sex sex dolls totally safe,@helwyrsilva1001,2020-05-14T21:12:36Z,0,
OV1Vuv9zfzI,Ugw0SNl3n-kxvBvilF94AaABAg,stay home stay safe power nonsense words pretty astonishing limited pandemic,@MrPatrick1414,2020-11-15T15:46:19Z,0,
OV1Vuv9zfzI,UgwHBfRM3EJhQebovLd4AaABAg,prayers stay safe everyone,@huckfinn9225,2020-09-20T21:04:37Z,0,
OV1Vuv9zfzI,UgyWDeSuXjl-NPhlcbB4AaABAg,caring caregivers covid click know httpslatesttalksinselfcareurgedforwomencaregiversamidpandemic,@manishchauhan9050,2020-09-17T01:33:50Z,0,
OV1Vuv9zfzI,UgzHMObkm2PUjJ5KXV94AaABAg,heres tip get go work tomorrow lazy americans,@notebook2876,2020-08-15T04:20:42Z,0,
OV1Vuv9zfzI,UgzWBzBMsfk2Ice0ryN4AaABAg,must watch httpsyoutubesbesvlqc,@vivekanandrrr,2020-06-18T09:02:10Z,0,
OV1Vuv9zfzI,UgyNWUSq9RoYKWJq5vd4AaABAg,fake news fuck cnn stay fucking closets like bunch pussys lead around like bunch sheep government,@andrewbrown3308,2020-05-25T09:31:00Z,0,
OV1Vuv9zfzI,Ugz5N2v0zDZomGV1Mxl4AaABAg,excellent information additional helpful resources specifically seniors caregivers compiled article well httpsallcareonlinecomtopcovidresources,@corecubedHomeCareMarketing,2020-05-15T12:59:55Z,0,
OV1Vuv9zfzI,UgycmNM-mqN2oEpFUXx4AaABAg,keep stay safe home httpsyoutube_iodrgsgqo please like subscribe comment thank,@tmnirwana08,2020-05-11T11:55:15Z,0,
OV1Vuv9zfzI,UgwpLGRsuoh3S9LrGIt4AaABAg,httpslifestyleblacknwhiteboxescomdoingyourbitcoronavirusandsocialdistancing,@recklessgaming22,2020-04-20T07:00:37Z,0,
OV1Vuv9zfzI,UgzT5hOQr_G9H3o3NaR4AaABAg,love trumps talking pleased social distancing everyone around nowhere near feet apart ahahaha ive seen lots lots contradictions like,@Jaikay1,2020-04-16T16:19:16Z,3,
OV1Vuv9zfzI,UgzzVHW__z8JpMsMCH14AaABAg,five things yove protect coronavirus covid_ httpswwwhtworldtechyoveprotectcoronaviruscovidhtml,@hakim4design,2020-04-15T14:22:58Z,0,
OV1Vuv9zfzI,UgzzVHW__z8JpMsMCH14AaABAg.97ToC1U-cB298yyNK_-Gpn,throw tv,@CivicSTS,2020-05-22T22:38:59Z,0,UgzzVHW__z8JpMsMCH14AaABAg
OV1Vuv9zfzI,UgwJ7Uh0jmeFLxJ3Gad4AaABAg,nice one wash hands touch facesmaskscom many good stuffs help well lets fight coronavirus together,@nynpeter4129,2020-04-14T02:28:47Z,0,
OV1Vuv9zfzI,Ugyu8X-61QkPElFHZoB4AaABAg,fake news cnn,@logikuselsosegely,2020-04-11T13:29:40Z,0,
OV1Vuv9zfzI,Ugx1UGopJisCKLIBsTd4AaABAg,tip number one dont go cnn studios,@relativity1581,2020-04-06T21:51:47Z,2,
OV1Vuv9zfzI,UgzpL9EBU3s19NRTd7N4AaABAg,quit watching cnn,@mikeemile2038,2020-04-06T14:58:03Z,0,
OV1Vuv9zfzI,UgyTeF4z5QbHOwjLHWd4AaABAg,statement play feminism body choice stayathome orders im staying home law side row vs wad,@newsomsr2000,2020-04-06T03:19:16Z,0,
OV1Vuv9zfzI,UgzSC1TWppDxtiUk3qF4AaABAg,video completely misses point virus coming laptop keyboard use randomly cleaning stuff stupid need clean stuff people could virus touch people touch stuff everyone asymptomatic transfer virus days getting symptomatic clean stuff protect others cleaning keyboard use useless whole information protect media mess needed much clear start virus transfers mostly people interaction droplets come peoples mouth nose mostly speaking people wear masks big risk also touching surfaces lot people touching risk mostly public single live home alone hygiene measures home virtually nothing people wear masks number one mistake western countries made encourage people wear masks said mask protect others need use indoors converse closer contact people asia everyone wears mask virus spread much coincidence common sense heard bunch top asian professors say masks work wonder western countries wear ridiculous recommended simple effective measure keep virus spreading made decision say want people hoard masks well need one mask wear even scarf front mouth stop droplets coming mouth breathing speaking,@checkanr138,2020-04-05T22:28:41Z,0,
V2VOMkIDm2k,UgxdZ-SaWe0TB39JZUh4AaABAg,dork wearing gloves supposed make lies convincing lord,@juntjoonunya9216,2021-08-27T01:40:47Z,0,
V2VOMkIDm2k,UgyoZf1NyJSSjHG419R4AaABAg,fake new u saying month fixed years population,@CordayCorday,2020-08-25T06:45:09Z,0,
V2VOMkIDm2k,Ugw9__kG-m3sduBTkq54AaABAg,wow guys really need embrace huglife supporting human connection herd immunity way fighting infectious diseases thousands years httpbonfirecomstorehuglife,@SiFuJasper,2020-05-19T11:24:55Z,0,
V2VOMkIDm2k,Ugw9__kG-m3sduBTkq54AaABAg.98q1qbtqfYm98tCVR7JReC,yes worked wonders spanish flu,@vitaeschola,2020-05-20T16:55:43Z,0,Ugw9__kG-m3sduBTkq54AaABAg
V2VOMkIDm2k,UgzLbnmRTnwc1nbPx_94AaABAg,place blame china anybody anyone truth matter humans viruses mother earth retaliating cleansing damages harm,@robertsanchez8629,2020-05-19T00:27:37Z,0,
V2VOMkIDm2k,UgykN_TztpV8y7Lpyat4AaABAg,httpswwwcdcgovnchsnvssvsrrcovid covid deaths hell covid deaths coming msm,@baron6271,2020-05-18T06:04:32Z,0,
V2VOMkIDm2k,UgykN_TztpV8y7Lpyat4AaABAg.98mtOHbp41M98rcBotw_YE,httpswwwcdcgovcoronavirusncovcasesupdatescasesinushtml,@RJones-Indy,2020-05-20T02:10:30Z,0,UgykN_TztpV8y7Lpyat4AaABAg
V2VOMkIDm2k,UgykN_TztpV8y7Lpyat4AaABAg.98mtOHbp41M98rgYjeVjg3,rjonesindy thats including pneumonia look first column strictly covid,@baron6271,2020-05-20T02:48:34Z,0,UgykN_TztpV8y7Lpyat4AaABAg
V2VOMkIDm2k,UgyPvHHxS2Mhyt1AFY54AaABAg,scientist warn possible grand solar minimum nobody wants talk prepare little ice age,@missedinformation7068,2020-05-17T13:35:49Z,0,
V2VOMkIDm2k,UgxPSX6FV-Mc-QJFi6J4AaABAg,nothing non existent things cant teach us anything non existent things,@defaultuser9423,2020-05-17T09:14:22Z,0,
V2VOMkIDm2k,Ugzv-54Ig4LqSTFsHvF4AaABAg,everything happening world god trying get worlds attention coming events like rapture year tribulation nd coming christ wwwcalvaryprophecycom think things bad rapture year tribulation worse period human history especially last years tribulation period world things much worse coronavirus worry since prophetic events way repent turn jesus forgiveness sins salvation easiest way heaven jesus jesus alone accept jesus lord savior late,@johnsatterlee763,2020-05-17T01:54:18Z,0,
V2VOMkIDm2k,Ugw368q-AilLB0o3W_14AaABAg,idiots communists news network still think science scientists facts answers always agree science built fail time time scientists never satisfied hardly ever agree bullshit propaganda leftist mainstream media,@Raptor-su2mp,2020-05-16T12:45:09Z,0,
V2VOMkIDm2k,Ugz-b-RBYPuepEsZMkB4AaABAg,parallel corona fear climate change hoax pushing new world order leftwing activists,@evenightingale6865,2020-05-16T05:38:30Z,0,
V2VOMkIDm2k,UgxQxDFMjgKR4Ns1Vop4AaABAg,cuba uses wonder drug fight coronavirus around world despite us sanctions tom oconnor,@PristineTangerine,2020-05-16T00:22:19Z,0,
V2VOMkIDm2k,Ugw4PL6vrmrSpbGBCAx4AaABAg,wow load bullcrap unwatchable cnn sinking time low journalism trump right cnn joke,@soepvorkje,2020-05-15T22:23:42Z,1,
V2VOMkIDm2k,UgwfWoRlyARi-A4WxI14AaABAg,nothing climate crisis,@littlenat2013,2020-05-15T19:21:54Z,1,
V2VOMkIDm2k,UgxXeT1PYaTygfYMx_Z4AaABAg,people news monsters,@quantumofconscience6538,2020-05-15T17:50:08Z,0,
V2VOMkIDm2k,Ugx-t-ybP9nP8mYjC-14AaABAg,eat shit xinn,@danfet4141,2020-05-15T16:45:41Z,0,
GHe5fv6dR4w,UgwwQH2k1l5dPj1BSER4AaABAg,rest peace united states america born died july march remembered many loved succumbed injuries sustained mainstream generated disease known fear porn last breaths cried help laid drew last breaths people closest became afraid ran hide faces fear could feel air,@red_pillino,2020-11-29T16:12:49Z,0,
GHe5fv6dR4w,UgxDSzHqrTwO4xTpitR4AaABAg,proof covid pcr tests fraud cycles give false positives cdc says cycles useless dr fauci says useless pcr tests united states set cycles mostly cycles meaning cases based test useless fraud proof links available anyone interested,@ricardostravels3265,2020-11-17T23:45:21Z,0,
GHe5fv6dR4w,UgwyY_D6_pfvVj532g54AaABAg,im russia media country funded directly us budget funds around budget spread coronavirus exist invented putin call sabating wearing masks etc government want us many dead,@Андрей-у9л8ш,2020-11-04T10:11:40Z,0,
GHe5fv6dR4w,Ugw9quhmWVv8FpgtVdl4AaABAg,conflict interestthis whole pandemic,@kipperedbeef2084,2020-10-25T13:11:45Z,0,
GHe5fv6dR4w,UgzaBO8iG69qWQt5Zph4AaABAg,hey cnn genuinely care wellbeing mass like say havent heard one word clowns protective properties vitamin relation respiratory illnesses covid among others tireless talk covid yet one word pattern among people severe outcomes tended vitamin deficiency could addressing problem cheap fix would interest big pharma could naturally robust immune system capable effectively dealing natural infection making vaccination particular virus actually pretty unnecessary absolutely would interest doctorwannabe gates one thousands reasons fake news,@thomashaas5965,2020-10-24T19:53:34Z,0,
GHe5fv6dR4w,Ugxgh5JhMAIq17UrVep4AaABAg,breaking news doctors speak scamdemic lie httpswwwamericasfrontlinedoctorscommedia please sign petition hold fauci socalled health experts accountable crimes humanity mass murder dont forget confirm signature email httpspetitionswhitehousegovpetitioncrimesagainsthumanitymassmurder,@ricardostravels3265,2020-10-24T16:04:29Z,0,
GHe5fv6dR4w,Ugy6i5_IFU_2zkPmV9Z4AaABAg,blessings well know disinformation program complete everything american public believes false william casey cia director american people dont believe anything see television richard nixon us president give essential liberty obtain little temporary safety deserve neither liberty safety benjamin franklin sometimes people dont want hear truth dont want illusions destroyed friedrich nietzsche microsoft cofounder bill gates launch humanimplantable capsules digital certificates show tested thecoronavirus vaccinated year old tech mogul currently second richest person world revealed yesterday reddit ask anything session answering questions covid coronavirus pandemic gates responding question businesses able operate maintaining social distancing said eventually digital certificates show recovered tested recently vaccine received digital certificates gates referring humanimplantable quantumdot tattoos researchers mit rice university working way hold vaccination records last year december scientists two universities revealed working quantumdot tattoosafter bill gates approached solving problem identifying vaccinated quantumdot tattoos involve applying dissolvable sugarbased microneedles contain vaccine fluorescent copperbased quantum dots embedded inside biocompatible micronscale capsules microneedes dissolve skin leave encapsulated quantum dots whose patterns read identify vaccine administered quantumdot tattoos likely supplemented bill gates undertaking called id ambitious project microsoft solve problem billion people live without officially recognized identity id solving digital identity currently feasible way implementing digital identity either smartphones rfid microchip implants latter gatess likely approach feasibility sustainability also years gates foundation funding another project incorporates humanimplantable microchip implants project also spearheaded mit abirth control microchip implant allow women control contraceptive hormones bodies id see throughmicrosoft formed alliance four companies namely accenture ideo gavi rockefeller foundation project supported united nations incorporated uns sustainable development goals initiative coronavirus vaccine mark beast corona means crown th chakra spirituality god almighty coronavirus attack spirit vaccine shut vibration manbeast god bless time revolt destroy nwo knock g towers well china britain started httpsyoutubeacewammwok petition well httpchngitmvdjjftbt httpchngittzqbzp covid stands certificate vaccination identification ai links claims httpsnewsriceeduquantumdottattoosholdvaccinationrecord httpnewsmitedustoringvaccinehistoryskin httpswwwabcactionnewscomnewsnationalcoronavirusifapprovedcovidvaccinepatchcouldeliminatepainfulshot httpspatentscopewipointsearchendetailjsfdocidwotabpctbiblio httpswwwcenterforhealthsecurityorgevent httpswwwbusinessinsidercombillgatesbackingboostsbilliondosesastrazenecacoronavirusvaccine httpswwwhsphharvardedunewsfeaturesbillgatesfluvaccinepandemics httpswwwredditcomrcoronaviruscommentsfksnbfim_bill_gates_cochair_of_the_bill_melinda_gatesutm_sourcexpromoutm_mediumamputm_nameamp_comment_iterationsutm_termactiveutm_contentpost_body vaccine likely contain infrared permanent tattoo glow skin httpswwwnewsfromtheperimetercomhomeluciferaseisbillgatesnewimplantablevaccineid proof vaccine stops connection god httpshalturnerradioshowcomindexphpennewspageworldtheyvekilledgodicantfeelgodmysoulisdeadastrazenecahaltscovidvaccinetrialsaftersecondvolunteerdevelopsneurologicalproblems also definitions names following people jared hebrew descent ivanka means god gracious donald means world ruler melania means blackdark barron means lord realmnoble share comment spread word time god bless,@239zion,2020-10-23T15:16:26Z,0,
GHe5fv6dR4w,Ugy1BDoesiD6VYMqVS54AaABAg,cnn fake news,@castiglionihabanera,2020-10-22T20:02:20Z,0,
GHe5fv6dR4w,UgxmVi_2NOaLbjzbT3p4AaABAg,love stories come scare people cases mean sick people covid pcr test terribly inaccurate see statement kerry muller created pcr test dont mention age death covid years old average lifespan america meaning people dying covid would died called comorbidities anyway feel sick please stop fear mongering please check cdc data even said stop lockdowns,@oyeoye5037,2020-10-22T08:31:04Z,0,
GHe5fv6dR4w,UgxmVi_2NOaLbjzbT3p4AaABAg.9F6PxnLpSo89F6Q29FiaCe,msncomenushealthmedicalwhoofficialurgesworldleaderstostopusinglockdownsasprimaryviruscontrolmethodarbbtbuo,@oyeoye5037,2020-10-22T08:31:47Z,0,UgxmVi_2NOaLbjzbT3p4AaABAg
GHe5fv6dR4w,UgzMS10v0rEkyZYy6V14AaABAg,corona virus live update httpsyoutubecenakxyawa,@thundewrfox3296,2020-10-22T06:24:00Z,0,
GHe5fv6dR4w,UgzLtBcO2Kbw18k2IpV4AaABAg,cnn viewers virus near recovery rate rate cases really important burn eventually,@sherlynnjunior3734,2020-10-22T05:28:01Z,2,
GHe5fv6dR4w,UgzLtBcO2Kbw18k2IpV4AaABAg.9F650AmKVYE9F9i9eVFAby,blessings well know disinformation program complete everything american public believes false william casey cia director american people dont believe anything see television richard nixon us president give essential liberty obtain little temporary safety deserve neither liberty safety benjamin franklin sometimes people dont want hear truth dont want illusions destroyed friedrich nietzsche microsoft cofounder bill gates launch humanimplantable capsules digital certificates show tested thecoronavirus vaccinated year old tech mogul currently second richest person world revealed yesterday reddit ask anything session answering questions covid coronavirus pandemic gates responding question businesses able operate maintaining social distancing said eventually digital certificates show recovered tested recently vaccine received digital certificates gates referring humanimplantable quantumdot tattoos researchers mit rice university working way hold vaccination records last year december scientists two universities revealed working quantumdot tattoosafter bill gates approached solving problem identifying vaccinated quantumdot tattoos involve applying dissolvable sugarbased microneedles contain vaccine fluorescent copperbased quantum dots embedded inside biocompatible micronscale capsules microneedes dissolve skin leave encapsulated quantum dots whose patterns read identify vaccine administered quantumdot tattoos likely supplemented bill gates undertaking called id ambitious project microsoft solve problem billion people live without officially recognized identity id solving digital identity currently feasible way implementing digital identity either smartphones rfid microchip implants latter gatess likely approach feasibility sustainability also years gates foundation funding another project incorporates humanimplantable microchip implants project also spearheaded mit abirth control microchip implant allow women control contraceptive hormones bodies id see throughmicrosoft formed alliance four companies namely accenture ideo gavi rockefeller foundation project supported united nations incorporated uns sustainable development goals initiative coronavirus vaccine mark beast corona means crown th chakra spirituality god almighty coronavirus attack spirit vaccine shut vibration manbeast god bless time revolt destroy nwo knock g towers well china britain started httpsyoutubeacewammwok petition well httpchngitmvdjjftbt httpchngittzqbzp covid stands certificate vaccination identification ai links claims httpsnewsriceeduquantumdottattoosholdvaccinationrecord httpnewsmitedustoringvaccinehistoryskin httpswwwabcactionnewscomnewsnationalcoronavirusifapprovedcovidvaccinepatchcouldeliminatepainfulshot httpspatentscopewipointsearchendetailjsfdocidwotabpctbiblio httpswwwcenterforhealthsecurityorgevent httpswwwbusinessinsidercombillgatesbackingboostsbilliondosesastrazenecacoronavirusvaccine httpswwwhsphharvardedunewsfeaturesbillgatesfluvaccinepandemics httpswwwredditcomrcoronaviruscommentsfksnbfim_bill_gates_cochair_of_the_bill_melinda_gatesutm_sourcexpromoutm_mediumamputm_nameamp_comment_iterationsutm_termactiveutm_contentpost_body vaccine likely contain infrared permanent tattoo glow skin httpswwwnewsfromtheperimetercomhomeluciferaseisbillgatesnewimplantablevaccineid proof vaccine stops connection god httpshalturnerradioshowcomindexphpennewspageworldtheyvekilledgodicantfeelgodmysoulisdeadastrazenecahaltscovidvaccinetrialsaftersecondvolunteerdevelopsneurologicalproblems also definitions names following people jared hebrew descent ivanka means god gracious donald means world ruler melania means blackdark barron means lord realmnoble share comment spread word time god bless,@239zion,2020-10-23T15:16:34Z,0,UgzLtBcO2Kbw18k2IpV4AaABAg
GHe5fv6dR4w,UgwN6_6dNu_hQIHzqTF4AaABAg,cnn cover hospital overwhelmed c patients shows moron nothing understand scared china aired informed people well cooperated dealt well,@kongming2005,2020-10-21T22:21:17Z,0,
GHe5fv6dR4w,UgzQgKTv_1k9DupfFWd4AaABAg,troll farm working overtime holy crap never seen comments obviously coordinated effort,@tbz1551,2020-10-21T19:04:04Z,0,
oTL8tnKlHCY,UgzeI8bKlcu82fuVb8h4AaABAg,obvious wasnt sick,@Matowix,2023-03-13T03:12:44Z,0,
oTL8tnKlHCY,UgzDSM7XTc_jeZH2oG14AaABAg,thankyou sharing covid journey medical establishment general public sure information helped many people contributed public health covid pandemic research altruistic open private medical data others god bless,@lakennedycuomo446,2022-12-04T17:18:43Z,1,
oTL8tnKlHCY,UgygHCF9lxqThGiRduF4AaABAg,arent saying must rest genuinely confused,@PV-pu5iu,2022-06-05T10:38:17Z,0,
oTL8tnKlHCY,UgzbQlbJoSvxwaCHCvF4AaABAg,witch guy get sick dont like animals bye dom,@franciscocisneros126,2022-01-30T13:32:54Z,0,
oTL8tnKlHCY,UgxNguU0mUZ258aU4T54AaABAg,hes covid cocaine lol,@Femaj73,2022-01-25T07:46:49Z,0,
oTL8tnKlHCY,Ugwq6ZobulT47HHuWsl4AaABAg,didnt watch time respect salute sunshine sharing covid struggle damn missed,@AljHere128,2021-12-18T14:38:07Z,0,
oTL8tnKlHCY,Ugz0Vyihdkrr3LsaBG54AaABAg,cuomosexuals depressed theyre fearless leader got canned couldnt happened better guy fredos narcissist bully,@jeff13148,2021-12-13T13:11:26Z,0,
oTL8tnKlHCY,UgzF6zo_9f0KaLrjD454AaABAg,bye chris,@theangrybass3389,2021-12-01T15:26:22Z,2,
oTL8tnKlHCY,UgxY_oXj1Fd6LAUmH0B4AaABAg,thats normal chest xray doctor gupta calls infiltrate chriss heart smoke collection small vessels feed lungs good grief chris also knew normal wife reported online journal normal chest xray ive nurse years spent ccu notice talk without winded speaks fluidly cough alert energetic dont doubt virus since gave wife son broke quarantine took min car ride build site new home mandated quarantine statewide travel restrictions critical covid infection nearly died took days recover insulting every person sick lost someone chriss wife even reports going family bike rides dr gupta year act cnn medical correspondent cant tell difference heart infiltrate think im wrong look youtube videos done pulmonoligists agreeing assessment check twitter dr gupta admits got wrong complicated folks radiology tech could tell thats perfect chest xray,@ketopoppy9502,2021-06-20T02:34:06Z,1,
oTL8tnKlHCY,UgymAZTzq0lAo79gjC94AaABAg,prayed chris cuomo becomes ok covid survived prayers answered,@christinaargyropoulos2852,2021-04-11T18:58:27Z,2,
oTL8tnKlHCY,UgxyDGojiCqLB45nc9N4AaABAg,went looking virus found hes tube talking go dealing another arrogant entitled cry baby totally truthful around previousbehavior arrogant attitude got find guy spoke end driveway distancing group talking mask rude guy bike saying ill damn well please remember listen talking grupa,@judyevancic4926,2021-04-02T14:59:06Z,1,
oTL8tnKlHCY,UgziWJG-blYEYN59xVF4AaABAg,best doctors taking care brother made sure full shit also best medicine available dont make us look like fools vaccine came mayor made sure whole family shot,@johnareias6550,2021-03-29T20:56:32Z,1,
DuTy8aHiIjU,Ugw5tdzbnl0l0281jph4AaABAg,total number global cases surpassed including fatalities patients reported recovered,@TinasArtPage,2020-03-21T01:03:25Z,0,
DuTy8aHiIjU,UgyvCMn4rhI7VdvisdZ4AaABAg,symptoms including diarrhea started headache reason stopped going gym day low grade fever day high grade fever weakness day cough chills went doctor told sinusitis checked lungs told shortness breath chest pain feel better taking right meds still dont know coronavirus sinusitis never runny nose however told stay home rest cough couple times covering mouth started using n mask another thing noticed felt thirsty wanted drink lot water due appetite loss however extra precautions stay away people case infected little stronger virus,@natashar9531,2020-03-19T19:52:39Z,0,
DuTy8aHiIjU,UgwEPZSuyxyhHbwEiTV4AaABAg,infected supposed look ill fatigue like unable talk,@syedahannan6125,2020-03-17T06:14:44Z,0,
DuTy8aHiIjU,UgydLyG6wfQ1eB0BdbF4AaABAg,youre hurting world,@SuburbanStorms,2020-03-17T02:48:11Z,0,
DuTy8aHiIjU,UgxIkqZUt4fsW2ggRy54AaABAg,trying scare us believe illuminati trying convert revolutionary world living energy negative energy contribute spread corona revolutionary energy want destroy converting destructing take liek explain know need positive power destructive healed fight gouvernements,@yesserlabidi7831,2020-03-17T00:15:24Z,0,
DuTy8aHiIjU,UgwogPkYoj3ZubJL1sl4AaABAg,guy er doctorultrasound lungs uselessso liar cat scan required testanother lie cnn liar sickjust crisis actor,@marykelly8408,2020-03-16T23:15:18Z,0,
DuTy8aHiIjU,UgyoqpWMvpg0mX-1Vp94AaABAg,heathens wiccans christians muslims buddhists atheists ectall peoplecome together meditation prayer titanium human nature put differences aside seek healing body mind meditation relaxing stretch moment bite piece fruit moment look sunrise sunset even moment hugging child,@znowicotton5176,2020-03-16T13:54:57Z,0,
DuTy8aHiIjU,UgwoeHbg6w0ag77P4Kx4AaABAg,chicom hiv airborn chicom corona virus wuhan,@Hawlkeye-e9p,2020-03-15T21:55:23Z,0,
DuTy8aHiIjU,UgwZBut_j5nek1bs-o94AaABAg,microwave food kill virus,@ajaucian,2020-03-15T18:01:56Z,0,
DuTy8aHiIjU,UgyYqiJZ4jB-srzxJdd4AaABAg,ok sowhat besides sit room eat drink meds supplements take still cant get answers,@michellesweightlossjourney6599,2020-03-15T17:34:48Z,0,
DuTy8aHiIjU,UgyYqiJZ4jB-srzxJdd4AaABAg.96EKVp_pCnR96MYcsBs81I,like virus treat symptoms high fever give fever reducers nausea give things like tumsmylanta etc cough cough syrup push fluids lots lots fluids help usher virus body quickly possible,@gamerconfusion251,2020-03-18T22:12:09Z,0,UgyYqiJZ4jB-srzxJdd4AaABAg
DuTy8aHiIjU,UgzfzDXvJ6JPqDJoebR4AaABAg,im sorry hard believe every years theres pandemic remember mad cow virus hn zeka viruswest nile virus ebola corona virus come guys seems like government taking advantage situation strip rights,@Moderator-v7m,2020-03-15T14:03:58Z,0,
DuTy8aHiIjU,UgwbBCfgcbp1EUaA3h94AaABAg,need know httpsyoutubeczfhjmqrvts,@mysticoversoul,2020-03-15T13:52:44Z,0,
DuTy8aHiIjU,Ugzmkmp2b21T6ECT0Yp4AaABAg,current world situation covid pandemic underlines massive failing exists within us healthcare system countries industrialized world like mine canada able mobilize efforts ensure everyone able tested treated needed effectively monitor control spread disease america falls woefully short due vast number uninsured undocumented persons seek medical attention needed healthcare critical essential service never controlled private sector ever time underlines importance free ready access healthcare people america,@ColinDeFrance,2020-03-15T13:46:19Z,0,
DuTy8aHiIjU,UgwS1AMyn77UmkvYaqx4AaABAg,london underground schools used makeshift hospitals,@Commonswifta,2020-03-15T10:23:11Z,0,
DuTy8aHiIjU,UgwXqypcTZidUJ2S6op4AaABAg,dont take covid patients sunlight,@godseesall4222,2020-03-15T04:49:13Z,0,
DuTy8aHiIjU,UgyzfKvHJwRWJVJjM994AaABAg,damn hes straight chilling,@deathatl,2020-03-14T23:53:28Z,0,
DuTy8aHiIjU,Ugzx6_bgYKRKEqlZXhJ4AaABAg,doc sure chill look literally doesnt care tv casually putting hand behind head,@janas.J,2020-03-14T21:55:13Z,5,
DuTy8aHiIjU,Ugzx6_bgYKRKEqlZXhJ4AaABAg.96CDWKmanDQ96HU3zhyHaU,pulled guns natural response simply putting hands behind head lol,@Novak2611,2020-03-16T22:56:05Z,1,Ugzx6_bgYKRKEqlZXhJ4AaABAg
DuTy8aHiIjU,Ugzx6_bgYKRKEqlZXhJ4AaABAg.96CDWKmanDQ96HUV-wzLM8,novak kill cases corona know,@janas.J,2020-03-16T22:59:47Z,0,Ugzx6_bgYKRKEqlZXhJ4AaABAg
DuTy8aHiIjU,UgzeMEwGFabo_1tg2gp4AaABAg,good see youve recovered take care,@planetaustraliachannel,2020-03-14T21:45:21Z,0,
7cOExWfYqr0,UgzaIoAlA-XIWDAJIFV4AaABAg,also get breatheeasy lung exerciser quickly tone breathing muscles open airways,@ronsouther,2020-08-18T18:31:32Z,0,
7cOExWfYqr0,UgynaljljB5uQep73zV4AaABAg,hope docs healthcare workers stay safe also yeah interviewer needs let doctor speak lol,@pensandnoodles681,2020-05-15T00:29:32Z,0,
7cOExWfYqr0,UgzcWXUvGjl7WaRfmAB4AaABAg,one hundred thirtythird person watch video,@DominicI1,2020-05-05T01:04:46Z,0,
7cOExWfYqr0,UgxO6AyYWbbv5x-pepd4AaABAg,daysprobably best doesnt know whats ahead long actually lasts,@SA77888,2020-04-30T18:51:30Z,0,
7cOExWfYqr0,UgxlOdlOSTKwlAA-tnx4AaABAg,kill corona watch video,@lifeonmars4151,2020-04-23T04:25:46Z,0,
7cOExWfYqr0,UgxH-XLhfR-QGMARoQZ4AaABAg,wish îd get giv helping us send us back work wages,@Handsoflight7766,2020-04-12T03:11:23Z,0,
7cOExWfYqr0,UgxURyR1oDLyle4WJ1d4AaABAg,mani one wanting know outcome wearing protective gear go back work,@Handsoflight7766,2020-04-12T03:10:15Z,0,
7cOExWfYqr0,UgyMbKfRZ1DBVMtQ7lF4AaABAg,know personally hes one prepared physicians urgency hospital works la paz know worked good profesional,@josetorresvillachica3824,2020-04-09T17:05:49Z,1,
7cOExWfYqr0,Ugyrh-YdhL92A--362d4AaABAg,guy chill talking cnn reporter smile casual youd think hes talking family infected covid speaking language native legend,@lambdastorm7787,2020-04-09T10:22:27Z,0,
7cOExWfYqr0,Ugwn7N_zCZpXipRiImV4AaABAg,shes annoying rude cut,@shantabridges7238,2020-04-06T02:32:16Z,0,
7cOExWfYqr0,UgwVCS93yTkDsiSrRqN4AaABAg,havent current word seems still going almost days march th posted things clearing pretty good thought would back work looks like far well virus still upon days serious many patients bad one people keep safe clean,@eolsunder,2020-04-04T04:27:51Z,0,
7cOExWfYqr0,UgwlFfnMEtm3ADS5oYl4AaABAg,forgot mention hydro chloroquine took,@jesbsnrn,2020-04-03T21:06:23Z,0,
7cOExWfYqr0,UgwDsbVZqzw-zJ3BxFF4AaABAg,carefully staged interviews go long way bolster panic narrative good work cnn,@bongofury5924,2020-04-03T10:27:27Z,0,
7cOExWfYqr0,UgxWhws3QrtK9_aCuCB4AaABAg,bullshit wake americans bullshit give good men kick civil war war people peopleand know many many strong awakened men fall ranks thousands follow know know military boys girls join causeburn white house away start new white house new country new united states new government people people help masses hungry poor sickly away taxes nonsense bills away fossil fuel use hemp create fuels medicinethere way way americans prosper need fight right protect america outside inside dont listen tv sun tzu art war bible,@TheSixxxgunzz,2020-04-01T03:09:20Z,1,
7cOExWfYqr0,UgxWhws3QrtK9_aCuCB4AaABAg.96tYyvaqJy996vMBi8loev,shut fuck thousands dying every day,@metalpuppet5798,2020-04-01T19:56:06Z,0,UgxWhws3QrtK9_aCuCB4AaABAg
7cOExWfYqr0,UgxWhws3QrtK9_aCuCB4AaABAg.96tYyvaqJy996zThC9DHGi,cyrus iii time wake upmoney enslaved world,@nick-wi6et,2020-04-03T10:18:40Z,0,UgxWhws3QrtK9_aCuCB4AaABAg
7cOExWfYqr0,UgxWhws3QrtK9_aCuCB4AaABAg.96tYyvaqJy996zhDVWsIlV,nickwiet slave people fucking followers believe everything see tv dont know wake,@TheSixxxgunzz,2020-04-03T12:25:33Z,0,UgxWhws3QrtK9_aCuCB4AaABAg
7cOExWfYqr0,UgxWhws3QrtK9_aCuCB4AaABAg.96tYyvaqJy996zhGCubP86,muppet bet anything brains size peanut,@TheSixxxgunzz,2020-04-03T12:25:55Z,0,UgxWhws3QrtK9_aCuCB4AaABAg
7cOExWfYqr0,Ugwf88juWVlJxrp1lwZ4AaABAg,legit work home jobssubscribe two chicks side huslethey post legit work home jobs daily,@msnorthmemphis2008,2020-03-31T03:15:43Z,0,
7cOExWfYqr0,Ugw8e5U9rFTXSsOrsGx4AaABAg,thanks sharing world httpsyoutubefwunhea,@Subeffulgent,2020-03-30T10:14:57Z,0,
7cOExWfYqr0,Ugw8AQyeU6V_GHMyKRh4AaABAg,hes smiling cant work vacation,@michaeld954,2020-03-30T07:03:23Z,0,
7cOExWfYqr0,UgzJ-T5d9dLuxHa_KVV4AaABAg,production please cough please cough,@bful-q7g,2020-03-29T02:49:59Z,0,
tEPh2mGAnjk,Ugx_4lbxcjHnDgCoM0N4AaABAg,god bless diagnosed stayed ventilator months yrs old vaccine available age group delirium nightmare could see bullet coming,@daneweems5130,2025-03-25T04:25:44Z,0,
tEPh2mGAnjk,UgwLW5YTYJzZNqH6jaF4AaABAg,spent half weeks coma ventilator weeks rehab delirium traumatic terrible nightmares cannot wake learning walk freaky,@jcee6886,2022-08-23T10:40:25Z,0,
tEPh2mGAnjk,Ugw8tK6lPXTH5Cua9bt4AaABAg,covid pneumonia temperature celsius fahrenheitbefor put induced coma coma weeks put onto extracorporeal membrane oxygenation ecmo ive suffered bad deliriumeven still doit like doctors nurses trying ta burn alivei injected kind stuff paralysed body could move even tho put induced coma paralysing drugs everything real im writing nowdelirium horrible thing go feel even every time go sleep im back ward coma burned saw many people die covid realy way people dieon family friends around struggle breathe delirium taking brainbut dying abd nothing one help sorry breaks heart thos ave suffered,@monsterebikes,2022-05-15T04:17:26Z,0,
tEPh2mGAnjk,UgzYa9sZNfpyo8q1DOF4AaABAg,yup brain looping thats complained days sick w covid,@Cattty207,2021-11-22T03:00:11Z,1,
tEPh2mGAnjk,UgxipMg77IO5PoRdGWx4AaABAg,battled delirium self due covid ive stayed icu long days god bless dont give everybody,@Theofanis86,2021-11-01T21:00:35Z,0,
tEPh2mGAnjk,UgycPStLxAv_3T5upu14AaABAg,recently diagnosed covid currently bed looping thoughts friend access shared pillow network dont ask however going hours literally feel mercy silly irrational nonsensical thoughts,@ThisisDaniel,2021-10-09T10:37:23Z,0,
tEPh2mGAnjk,Ugyq9FFJdfmalq_ZJpV4AaABAg,story thank god recovery wow hits hard close home god keep blessing,@cecymejia3263,2021-08-14T22:18:20Z,0,
tEPh2mGAnjk,UgyqK9XLKHQ3FJr68oh4AaABAg,experienced delerium covid scary felt though body compressed size single atom kept panicking,@christopherthurman4072,2021-05-12T20:51:56Z,7,
tEPh2mGAnjk,UgzE522PRHL5q3Cr85d4AaABAg,likely medication aswell using ventilator long time icu practices must change hallucinations dangerous horrible recommend everybody psychiatric help,@TheMexlalo,2021-04-02T08:34:55Z,0,
tEPh2mGAnjk,UgyTq2p-CPz20IwO9hp4AaABAg,think medication give icu know people go surgery covid health issues came icu delirium one kid older person need help sto stop prevent cant covid causing becoming common icu,@johnii1644,2021-03-16T03:28:26Z,0,
tEPh2mGAnjk,UgyVCTxJvTJlJqGRPkp4AaABAg,covid worse people think sister covid got better threw time actions began change last two days hospital noticed acting little strange coming home got worse covid medication gave take delirium hallucinations anyone family going threw thing seek help dont ignore signs,@407RageDrivers,2020-11-24T01:41:24Z,0,
tEPh2mGAnjk,UgyVCTxJvTJlJqGRPkp4AaABAg.9GQeJCWV2Q89JoJLHM-2O1,delirium im really want go away,@NathanielXVII,2021-02-16T05:04:38Z,0,UgyVCTxJvTJlJqGRPkp4AaABAg
tEPh2mGAnjk,UgxVEeh-Qar2fYpGL094AaABAg,nice try cnn thats david spade,@MrCerebellum2,2020-11-08T18:02:35Z,1,
tEPh2mGAnjk,Ugw7lv03JrYJQXUCOgd4AaABAg,could happen potus nuclear code scary,@trommelbiel,2020-10-12T09:24:26Z,0,
tEPh2mGAnjk,UgyLdEdutotqWLfrTKp4AaABAg,delirium httpswwwyoutubecomwatchvzkeuo_ygcwkfeatureyoutubeab_channelalexandrbalanmd alexandr balan md,@AlexandrBalanMD,2020-09-07T19:15:05Z,0,
tEPh2mGAnjk,UgziT3-13FVqP2QrNu54AaABAg,delirium days taken hospital icu vent mine came months nd case covid march delirium th july,@robertstarnes169,2020-08-15T01:32:21Z,0,
tEPh2mGAnjk,UgziT3-13FVqP2QrNu54AaABAg.9CMZzcAxtSJ9v5kfk9QuFz,robertstarnes mom year old got covid course pnemonia delirium still let days ago hospital long take recoup,@mariatravieso5226,2023-09-25T20:51:33Z,0,UgziT3-13FVqP2QrNu54AaABAg
tEPh2mGAnjk,Ugxw7aY1pp1SaTu_Zn14AaABAg,looping mean exactly mean like time reversing sounds cool scary hell,@Clarkkent163,2020-07-18T10:50:56Z,1,
tEPh2mGAnjk,Ugxw7aY1pp1SaTu_Zn14AaABAg.9BFTeFiMPoE9VTuwQhhsG1,dont want know,@bronmelts3577,2021-12-03T03:55:20Z,0,Ugxw7aY1pp1SaTu_Zn14AaABAg
tEPh2mGAnjk,UgztZdfK9vkvFN6bub94AaABAg,delirium induced coma ventilator know scary,@SuzMBooth,2020-06-16T18:19:28Z,0,
nt06wMyE1zU,Ugz7rpt_sBdZfIL7baV4AaABAg,passed dehydration covid,@chacheekilipo,2021-09-23T22:18:56Z,0,
nt06wMyE1zU,UgwQHmslG-1xSP7D1lt4AaABAg,hate dl hughley,@2anthonygarrison107,2021-05-07T13:25:50Z,1,
nt06wMyE1zU,UgxPP6Ala-o36L84PtF4AaABAg,dl hugley god got back matter god good else would u pass dont make fun nobody cause happened anybody,@TheKimberly2,2020-09-17T01:34:01Z,0,
nt06wMyE1zU,UgwnUK_BkJUSsWsBHP54AaABAg,funny wrote book white people surrendering saved hwite person douche,@titaneds73,2020-09-11T01:37:21Z,0,
nt06wMyE1zU,UgzB9ENicsqPCG1KGXF4AaABAg,hes douche covid skeptic didnt take precautions got people sick,@RaveXmusic,2020-08-31T00:03:15Z,0,
nt06wMyE1zU,UgzOpfAh5rBsiHfmixl4AaABAg,coronavirus rap safe rona httpswwwyoutubecomwatchvfgdvwepjpuo,@blackbassin1542,2020-08-26T09:16:03Z,1,
nt06wMyE1zU,UgwoIpLP0wU0Xz8mBfN4AaABAg,unrepentant sinners age like buttermilk boy better call upon lord whole heart,@lutzlong2302,2020-08-21T00:34:50Z,0,
nt06wMyE1zU,Ugyiz3fZc2WRvqIdCqB4AaABAg,hope u r much better dl one fav comedians miss seeing u tv much love u take care u,@wildwoman8310,2020-08-16T18:37:10Z,0,
nt06wMyE1zU,Ugx2D0GWAeckebcFeGl4AaABAg,looks regular watch normal basis hes damn near virus let live,@naijabridges7227,2020-08-15T21:31:04Z,2,
nt06wMyE1zU,UgwxlWKX-EbmapiA6zB4AaABAg,mlk memorial completed dont let anyone fool always research,@jlitt0933,2020-08-15T12:49:32Z,0,
nt06wMyE1zU,UgyJxXL-Wo0Ly2-yAMp4AaABAg,happy dls recovery praying along wonderful person,@shirleyakinosho9132,2020-08-12T04:10:42Z,0,
nt06wMyE1zU,UgyLpGJNz-tiZ51igvt4AaABAg,fake google wo idorg patenscopewipo coronavirus state control works elite new book back tv says pity white man use love comedy fake collapse im,@newworldorder7315,2020-08-03T22:32:05Z,0,
nt06wMyE1zU,Ugw1Fn_Zm2Rd8pLTcF14AaABAg,man wasnt damn coronavirus exhausted ready vaccine chaos coming,@MRPTHESLAPSTATIONLLC,2020-07-29T03:49:56Z,0,
nt06wMyE1zU,UgwSq2SW5W3INyQGOSt4AaABAg,tommorrow promised anyone repent put faith jesus saved,@abnernoel2910,2020-07-19T03:14:18Z,0,
nt06wMyE1zU,UgwcP8uo7TNUvnKcluN4AaABAg,hard believe thats stage looks like red fox black hair,@m.l7091,2020-07-18T16:38:03Z,0,
nt06wMyE1zU,Ugy88PHLYDP8XeUCrr94AaABAg,dl looking every bit face video poor dude funny guy something really kicked ass,@goodgracious6364,2020-07-17T18:19:53Z,0,
nt06wMyE1zU,Ugy2Ey0c1vztw2vDtud4AaABAg,anti god talk watch bro hope get,@JAH1817,2020-07-17T18:19:34Z,0,
_O0IbLsZ3wA,UgzFUrR4e5mjjKbtnld4AaABAg,tried voting government pays release stuff know comes cause came,@The1stRider666,2022-06-09T03:01:32Z,0,
_O0IbLsZ3wA,Ugw2-v_Kx8MKG8BGCtB4AaABAg,come two ladies arent wearing masks distance feet apart,@michalerudster,2020-06-25T01:17:53Z,0,
_O0IbLsZ3wA,UgwZ9fhmEynrGncMIJl4AaABAg,people dying flu covid spreading misinformation please check facts mr goldman shedding dead virus cells body represents threat anyone stage regular tests used differentiate live dead virus takes body time shed dead virus hes still testing positive please please correct misinformation check facts correct mistakes vital,@mbd6054,2020-06-18T19:11:34Z,0,
_O0IbLsZ3wA,UgwAYtNlWpO-FOtrDbZ4AaABAg,suffering severe mental illness prevents thinking nothing else,@35deedub,2020-04-21T20:25:32Z,0,
_O0IbLsZ3wA,UgwKyXK55rb4I-E5t9J4AaABAg,httpsyoutubeonfggfgydam yasmeen advice,@randaalomari5817,2020-04-11T09:10:14Z,0,
_O0IbLsZ3wA,UgyUvCoiVyd3uB7BMt54AaABAg,china need say sorry whole nations pay peoples physical n mental compensations,@munyoungchoi5507,2020-04-09T13:34:16Z,0,
_O0IbLsZ3wA,Ugy5z3HaaZTzHvOBeyp4AaABAg,offense anyone believe coronavirus created government kill population people theres alot us people dying hundreds day doesnt sound right killing us allright kill kill go jail maybe get chair crazy whats going right doesnt make sense government made,@jeffersonmartin3221,2020-04-02T17:56:41Z,0,
_O0IbLsZ3wA,UgxG3x7J1j6rTBIleCx4AaABAg,governor cuomo didnt talk year old coronavirus jow comacoronavirus playing ok governor cuomo,@danponitlong,2020-03-29T23:18:21Z,0,
_O0IbLsZ3wA,Ugzr5pd18Y_kNHfDPw14AaABAg,must pray fellow man weather rich poor weather bad good together amount money u dont mean shit comes sickness,@carlosp.3330,2020-03-27T15:01:26Z,1,
_O0IbLsZ3wA,UgzVW6oWC_seKnJBCFZ4AaABAg,sure worried media constantly sends conflicting messages survivors seem telling stories job interview something,@je-freenorman7787,2020-03-24T08:40:35Z,0,
_O0IbLsZ3wA,Ugw-7hnTfVQkccVXCQN4AaABAg,people dont believe anything cnn says someone represent probably lie remember fake flooding reports back standing ditch make look flooded pictures video dead sick pics videono nothing let one thing go wrong society dont like nothing,@marcoblanco3434,2020-03-19T21:33:28Z,2,
_O0IbLsZ3wA,Ugxp5zI_gy4MrUqh6jB4AaABAg,people making death threats sick man firing wife better call christians cant fix stupid,@raymondkymsuttle,2020-03-18T20:07:33Z,0,
_O0IbLsZ3wA,UgzAZ9hMzVOd1JZ4yKt4AaABAg,media howling following country alone according cdc cigarette smoking responsible deaths per year united states including deaths resulting secondhand smoke exposure one five deaths annually deaths every day average smokers die years earlier nonsmokers,@tman4370,2020-03-18T02:17:17Z,0,
_O0IbLsZ3wA,UgwYAcvp-ZGIZJUMlAx4AaABAg,hello everyone browsing internet saw lot wrong post concerning illuminati society felt bad want let know things illuminati society first join illuminati hood help agent someone introduced online years determination member member illuminati wealth guarantee protected fame power influence etc give one thing want correct illuminati dont pay member salary newly initiated give seed wealth bless wisdom power influence etc need successfulthe seed wealth money illuminati society give member start anything money successful another thing society special blessing politicians super stars illuminati member personal decision society dont force beg people join joined want body force happy member today contributed greatly life making one leading business man world interested joining illuminati society contact agent sir lord albert email theilluminatisocietygmailcom also whatsapp one help little help give,@lordalbert1208,2020-03-16T09:11:22Z,0,
_O0IbLsZ3wA,Ugx-DNfLTZpF9snIzvh4AaABAg,thank mass media complex spreading real disease fear trepidation next idiot posts obvious yesyespeople ordinary intelligence elementary disclose need treat seriously difference health professionals treating cancer myriad serious illnesses seems rather amnestic vast majority illinformed fanatics buying toilet paper previous strains corona virus wiped continues wipe thousands upon thousands peopledidnt limit recreation last several years decades matter proves well convenient actually live society america yesincluding poor nation downside collective society become fragile least little bit adversity subsequently continue elect bureaucratic fools contribute related hysteria political gains truth damned blame,@TeetMauLau,2020-03-15T06:16:13Z,0,
_O0IbLsZ3wA,UgysjRbhCZoBWEbteHJ4AaABAg,eating raw galic good way fight virusyes know sounds weird silly something simple could help galic strengthen immune system lessens symptoms virus,@trini_boi2414,2020-03-14T10:08:05Z,0,
_O0IbLsZ3wA,Ugy_V7cMiz3r6z3xTqB4AaABAg,things im reading detox boost immune system people affected differently stronger immune system far better echinacea herb good boosting immune system ive used echinacea many years one need get couple weeks using full bottle use time one shouldnt boost immune system time ive great results using terms getting sick others around helped respiratory issues highly recommend get good prices online used get cheaply walmart couldnt keep shelves good virus came easy order online,@helened6896,2020-03-14T03:05:10Z,0,
_O0IbLsZ3wA,Ugzsq7-6_6SRuiqN7Lh4AaABAg,isnt anybody talking fact didnt blink,@dumpster4,2020-03-14T02:33:19Z,1,
Wbk8ZrfU3EM,Ugy2-5aJwGBFqEZtpid4AaABAg,melanie dont say steph lackey trump divorce ditch b g,@suesfriend1431,2023-04-02T08:02:57Z,0,
Wbk8ZrfU3EM,UgzdzKsh_qKJmwP1dY14AaABAg,tom hanks michael rockefeller executed may rd fact checked wake media satanists lies deception believe hes still alive,@Saintelyk,2022-03-29T07:59:05Z,3,
Wbk8ZrfU3EM,Ugz4_NH2QX64ju9gc354AaABAg,curious th got coronavirus many people infected led find tom hanks person us get coronavirus makes assumption us contracted remember correctly might australia time would make something like person australia contracted,@kossboss,2021-12-31T04:06:22Z,2,
Wbk8ZrfU3EM,Ugxz48ePul1kLBai3jR4AaABAg,nice try stupid anymore give box chocolates,@kjghrtbdf0ea9pjmnzcmnwreas55,2021-02-13T10:56:45Z,3,
Wbk8ZrfU3EM,UgziQ_04xPNEnn2dOIB4AaABAg,fact like nine months ago remember watching live vividly,@user-vg6yc6ht9s,2020-12-24T20:09:02Z,2,
Wbk8ZrfU3EM,Ugy7jsCK7aErrWXTwFR4AaABAg,damn borat spreading covid tom hanks,@prnrbn6605,2020-10-31T15:40:18Z,2,
Wbk8ZrfU3EM,UgxByzQjbAbVVhREki54AaABAg,covid arrest fact lyingit scamdemic fact,@marcellamanning8013,2020-09-26T12:57:12Z,2,
Wbk8ZrfU3EM,UgxJ-qlsdBgO2OlCSXl4AaABAg,fake news lies tom hanks never nothing,@Beast777Mode,2020-08-03T05:08:43Z,1,
Wbk8ZrfU3EM,UgzgfS-PeecOF5zq74R4AaABAg,way new yorkers pop ps overstate consonant sounds annoying af oh hanks custody rip isaac,@IFHorus,2020-07-25T23:40:20Z,1,
Wbk8ZrfU3EM,Ugx4Z8Llj-t2uc26iF14AaABAg,tom hanks arrested ankle monitor,@jamiewheeler3771,2020-06-30T15:36:35Z,0,
Wbk8ZrfU3EM,Ugyx5bRczkuS1kcJK_Z4AaABAg,coincidence mr everyman gets coronavirus time less cases australia wanted pick spokesperson coronavirus could anyone better tom hanks get anyone buying,@vs52217,2020-06-06T14:14:18Z,0,
Wbk8ZrfU3EM,Ugx09ag7P3aNcIm497V4AaABAg,fredo crooked brother got nothing,@sharannbray6513,2020-06-01T11:43:06Z,0,
Wbk8ZrfU3EM,UgxplUc2BQfmOGzXZeh4AaABAg,fuck lying bastards plandemic,@bonkers1212,2020-05-31T19:01:07Z,0,
krPe-n5r9CE,UgzRqHskazaVveRNl6Z4AaABAg,vaccine suddenly cause highstage cancer,@sibatafuyuki,2026-05-31T08:21:11Z,0,
krPe-n5r9CE,UgxOrqwSv3apPZ-GPjt4AaABAg,didnt age wellonly percent took new th booster,@davelavoie8662,2023-12-06T13:55:14Z,0,
krPe-n5r9CE,UgwVU-IOpna3TaCJnAR4AaABAg,vaccines needed coronavirus coronavirus dissolved easily virgin coconut oil supersalts virus manages enter body cell prevented replicating supersalts natural cures coronavirus vitamins c fish oil pineapple papaya remember papase green papaya fda eventually banned banned pharma companies fear public might know kill viruses cancer germs pres trump recovered coronavirus took zinc vitamin melatonin revealed publicvirgin coconut oil vitamin c,@toymak3275,2020-11-05T14:29:51Z,0,
krPe-n5r9CE,Ugy6L_HYbajNDTnFQ-h4AaABAg,covid lie covid lie covid lie covid lie covid lie covid lie covid lie covid lie covid lie covid lie covid lie covid lie covid lie covid lie covid lie covid lie covid lie covid lie covid lie covid lie covid lie covid lie covid lie covid lie covid lie covid lie covid lie covid lie covid lie covid lie covid lie covid lie going lose try force vaccines see get words words heartbeat country satanists,@jasonroy40,2020-09-12T00:46:14Z,1,
krPe-n5r9CE,UgygfLn9seV-sErdxT54AaABAg,get rid virus need get rid corruption governments fake news media vaccinate wtf untested dna changer need vaccinate whole world gates fauci get richer tests done new vaccine side effects takes least years test doctor coleman true hero look youtube sky bbc fake news httpswwwyoutubecomwatchvopytvgjyg httpsmfacebookcomposts httpswwwbitchutecomvideozrgsuupowk httpsmfacebookcomwatchextiddiuevrgvmpdeysuv_rdr told wear mask supposed virus lowering look damage caused wearing masks corrupt media government saying httpswwwbitchutecomvideomsazuhtvic httpswwwyoutubecomwatchvstrbjhkqeg httpswwwyoutubecomwatchvprat_edgi httpsyoutubeamnofhenmw video one top doctors uncensored doctors httpwwwlondonrealtvroundtable im anti vax im anti untested vax pumped think ask people africa india gates httpsquestioningcovidcom httpscsglobecomagendadepopulationworld httpstwittercomjordan_sather_status httpswwwyoutubecomwatchvflapkrs httpswwwyoutubecomwatchvirlppzydsym watch film called vaxxed taking vaccine join httpstwittercomstopnewnormal httpswwwstandupxinfo,@tonypulla9582,2020-08-18T07:58:51Z,0,
krPe-n5r9CE,UgxatfPylsrRnLh1wK14AaABAg,still waiting russia calls vaccine sputnikv,@abdullahnassor9433,2020-08-12T07:58:36Z,0,
krPe-n5r9CE,Ugz9Me6JhZoUa2fNBC14AaABAg,nothing happen cdc people lying,@TheFlameWolf1,2020-08-08T12:31:24Z,0,
krPe-n5r9CE,Ugyiu-IcPlCx4BsSuBB4AaABAg,appears real beer bug nanobots bodies chemtrails gmos etc flu beer bug jabs would give usual poisons well nanobots programmed infect body malaria like previous bug scares mers sars etc activated g weapon zinc ionospheres hcq quercetin quinine help zinc pass cell membrane cured bugs decades zinc helps inhibit rna replication beer bug nih study found showing result ai nanobots beer bug jab would instruct cells dna replicate nanobot cause cell death natural cells would die endless nanobot replication human body would merge machine becoming gmo hybrid human beast machine nanobots cause many autoimmune diseases cancers death etc downgrade body even though nanobots sold gullible public curing cancers etc remember synthetic nanos cure cancer also infect cancer mix clay iron like gmo monsanto crops gmo humanoid cyborg couldve patented controlled remotely death wireless nanobots batteries activated g reports back ai task done consent mask sign slavery beast system beer bug test infect nanobots dna changing beer bug jab linked crypto currency hydrogel nanobot darpa tracking id cant buy sell without like mask mandates precursor beer jab mandates eg allowed shop work travel etc excluding society mark beast beer jab also likely contain gene editing turning vmat gene remember fun jab ofcourse mutagenic dna altering poisons aborted fetus mr cancer cell line dr carrie madej exposes multiple toxins warns dangerous untested experimental jab unknown gene altering results joe warned look section jab insert truth shall set free also exposed malaria war g ghz cause symptoms beer bug really ai nanobots activated g causing malaria symptoms similar fake beer bug g lack ghz frequency learned lot g joe drstella immanuel houston cured patients using hcq zinc confusion public importance zinc big pharma studies failed include zinc huge mistake came unscientific conclusion hcq cure trial subjects always research think critically avoid flu beer bug jabs immune system protects spiritual beings cabal must voluntary consent otherwise suffer horrific punishments mandating harmful masks tests jabs change dna blueprint acting like gods mass genocide thats downfall consent,@truthwarrior6470,2020-07-31T19:00:53Z,0,
krPe-n5r9CE,UgyJyjJQ3lNnZ15Zze14AaABAg,moderba vaccine watch video knowledge httpsyoutubeuqswquummk,@SongOfSongs6343,2020-07-24T13:19:04Z,0,
krPe-n5r9CE,Ugzi2TwRzNAOXIRPb0t4AaABAg,httpswwwbitchutecomvideojhsrstxpqmmm,@dianasaenz3318,2020-07-09T01:21:27Z,0,
krPe-n5r9CE,Ugw4SNQHlSL_jgRjm4B4AaABAg,first company put proven antibody cocktail wins,@hathoundtt1137,2020-07-06T15:55:45Z,0,
krPe-n5r9CE,UgyBS_rD_kHbGQHQNj54AaABAg,moderna microchip company making vaccine theyve never produced vaccine,@TummyliciousTim,2020-06-19T00:54:35Z,0,
krPe-n5r9CE,UgxsbJzwDiA5YqdoT0d4AaABAg,apparently barda expanded agreement moderna cover expand domestic manufacturing vaccine see httpshomelandprepnewscomstoriesbardaoffersmodernaopportunitytoexpanddomesticmanufacturingofsarscovvaccine,@carterkirkwood7783,2020-06-11T10:58:16Z,0,
nORRqnxPDcQ,UgwDPjdUotjZ8Jt3YIR4AaABAg,good evening everybody hope everyone well great day feel free swing new channel positive spin corona related news,@carbonimagetv2406,2020-05-03T04:30:28Z,0,
nORRqnxPDcQ,UgxXkecuztTI6LjyP0h4AaABAg,many billions china coronavirus brought back china much goody got disgusted former chinese chineses butt kissing called scholars politicians make sick,@luochi1465,2020-04-25T15:26:00Z,0,
nORRqnxPDcQ,Ugxe5OANiA0zut53ut94AaABAg,fake news fake news fake news fake news fake news fake news donald trump said,@lisaataee2180,2020-04-22T19:47:20Z,0,
nORRqnxPDcQ,UgwY3hazcTxqfVIGlZZ4AaABAg,last night got bed started wheezing reason asthma youd think wheezing normal start wheezing run near smoke really literally sewing went bed scared shit took inhaler went bed woke wheezing scary one symptoms shortness breath thats something experience everyday,@laney7564,2020-04-05T16:51:58Z,0,
nORRqnxPDcQ,UgykBUULfo8OWWGdw0N4AaABAg,cnn sucks,@CanFabAnything,2020-03-30T01:03:41Z,0,
nORRqnxPDcQ,UgyFUNlsZJr8zYXhPrx4AaABAg,lol could tested tests bull shit,@marykelly8408,2020-03-16T19:32:35Z,0,
nORRqnxPDcQ,UgwOjAmgaAsO6cKo4554AaABAg,wife needs quarantined,@larrycourtney3647,2020-03-16T02:35:54Z,1,
nORRqnxPDcQ,UgyfpG57PHmXy-ehuyV4AaABAg,somebody going check see dude actually case file highly doubtful,@WARice25,2020-03-13T03:33:18Z,0,
nORRqnxPDcQ,Ugxbo9Dg2z12AJ31UFt4AaABAg,foolish cnn,@DeadassIsaac2001,2020-03-11T16:38:35Z,0,
nORRqnxPDcQ,Ugz3xXCuOCDUCzSCL8x4AaABAg,shity immune sytem near get well fucked prognose live get great thanx china fucks,@scootjockey,2020-03-11T15:04:30Z,0,
nORRqnxPDcQ,UgxMwlJK-u4tacP88sB4AaABAg,resembles flu dumb ass thats exactly virus core completely ignorant stupid question coming cnn intelect left building years ago,@kevinm3751,2020-03-11T14:13:25Z,0,
nORRqnxPDcQ,UgzW3HlUSFxbQrF-K3J4AaABAg,get better days httpswwwyoutubecomwatchvparktrxofeatureyoutube,@gabrielam6258,2020-03-11T03:49:33Z,0,
nORRqnxPDcQ,UgyUltVYutcs_lPYPoJ4AaABAg,wow hope corona virus doesnt become bad common flu kills thousands every year hysteria pushers cautious clean hands etc bad flu season thats,@joseaguilera5257,2020-03-10T21:53:54Z,0,
nORRqnxPDcQ,UgzTxNFs9eC0rAe0o094AaABAg,actually number actually way way higher thousands people dying coronavirus even tested coronavirus due shortage coronavirus blood test person dies coronavirus looks like died pneumonia bad lung infection number deaths tens thousandsheavy smokers get lung infections time would think getting another lung infection fact coronavirus spreading place way worse everybody thinks report numbers,@troyk.734,2020-03-10T09:54:25Z,0,
nORRqnxPDcQ,UgwxXv1oWRi5Zdym4854AaABAg,course ask yr old ask yr old,@sisyphusvasilias3943,2020-03-10T05:38:07Z,0,
3ULfFDzO8ok,UgzaKZclHnX08tuzCNp4AaABAg,peole become afraid dying forgot live thank mainstream media,@iamlimitless7543,2021-02-26T17:33:04Z,0,
3ULfFDzO8ok,UgzpCsnTr95HpGBemxR4AaABAg,say label come theres future mistaking country originated history good way changed hidden im gonna always say wuhan china virus media public opinion going make change mind grands grand grands know truth true world data must f hisstory seek world true facts good bad,@moonstone8730,2021-02-26T13:21:18Z,0,
3ULfFDzO8ok,UgzIgDSyRX9GeI_9UmN4AaABAg,canadian pastor jail defying illegal covid mandates heres whats going httpswwwyoutubecomwatchvpmjoj_tcrjm,@MrsJacob-xn3dk,2021-02-25T07:57:20Z,0,
3ULfFDzO8ok,UgzERFhkyYPp0k2lJsB4AaABAg,google coronavirus patent google usb hard find patented,@Rickdojo,2021-02-23T08:49:06Z,0,
3ULfFDzO8ok,UgzEaOQjKNXA_8HEjXZ4AaABAg,highly misleading title cnn,@noahnathan5552,2021-02-23T05:58:34Z,0,
3ULfFDzO8ok,Ugy8SIkQS2CrQdY9zcJ4AaABAg,flu changes every season well old news,@tuffspot,2021-02-23T02:04:00Z,0,
3ULfFDzO8ok,UgymYYxc26aIQgdSyTp4AaABAg,kinda cute america gets worse countrys getting better much love canada really stop watching media,@yeettmf863,2021-02-23T01:59:51Z,0,
3ULfFDzO8ok,UgzryqxeLrwdumEHgTt4AaABAg,explain videos biden hunter pelosi kamala democrats committed treason crimes national tv still office impeachment trail proved treason put jail along defendants committed treason potus trump thru office investigation explain,@LILLYROSE-hv5cd,2021-02-22T13:38:29Z,0,
3ULfFDzO8ok,UgwTcLuCzSyGRRqvGYB4AaABAg,wuhan virus man made variants really survival rate imagine opening borders gonna help shutting economy bird sjw,@anthonycoccia6129,2021-02-21T07:38:22Z,0,
3ULfFDzO8ok,UgycEoW9y58JRBR30Bt4AaABAg,oh isnt thoughtful sensitive instead well name bird dont hurt anyones feelings fair enough lets call jive turkey variant,@ctaukus9146,2021-02-21T01:06:09Z,0,
3ULfFDzO8ok,UgzzfzrHs2NsZleUDdN4AaABAg,hydroxychloriquine works covid people liars dr gupta lose medical license cnn facebook twitter need face lawsuits anyone lost loved ones due interference medical care political purposes governors banned restricted use also face class action lawsuits,@TheSovereignspeaks,2021-02-20T10:22:37Z,0,
3ULfFDzO8ok,UgxueMplBqEyoS8Y5U54AaABAg,liars covid doesnt exist part depopulation agenda oh year mhmm dont believe garbage one bit america know constitution says,@djstatyk1540,2021-02-20T00:20:51Z,0,
3ULfFDzO8ok,Ugz5eYsIIiiEB7RVV7d4AaABAg,time wonders nobody knows lost admitting,@quenesiamontrice9149,2021-02-19T22:00:28Z,0,
3ULfFDzO8ok,UgxNzixwyFomE1_-Bu94AaABAg,definitely different,@danielr4640,2021-02-19T14:40:33Z,0,
3ULfFDzO8ok,Ugw7cvstr5DKpyCp5lZ4AaABAg,people stupid proven whole pandemic naming birds worst idea ever people literally attack birds names dont understand science argh mention many hard pronounce arent international friendly heck yellowhammer mockingbird name v v v easy say everyone earth exasperating,@CG_Hali,2021-02-19T14:19:37Z,0,
4oXMM2L88W4,UgyoBQLQpFhrqkFpGXt4AaABAg,miss parts felt relaxing peaceful entertainment given us home government reason giving money great time,@tudevoid,2026-04-25T16:14:51Z,0,
4oXMM2L88W4,UgxpQ0o6pPZjgXUqlMF4AaABAg,whos,@FuzzyElephant,2026-02-06T01:41:35Z,1,
4oXMM2L88W4,UgwfWDRoXxNeqNTLSFB4AaABAg,anyone notice youtube took dislike button counter bullshit,@austinb5063,2021-12-06T03:27:15Z,0,
4oXMM2L88W4,UgwfWDRoXxNeqNTLSFB4AaABAg.9Vaa6P9leMXAWwMJ7gaJ4d,tube complicit everything wrong covid,@jimmyb3845,2026-05-18T04:21:50Z,0,UgwfWDRoXxNeqNTLSFB4AaABAg
4oXMM2L88W4,UgzfigbwznLEyglqzPF4AaABAg,ready virus hit home really done research practice prevention always working hit home ready sons symptoms worse mine went banner hospital emergency room told pneumonia prescribed antibiotics prednisol third day taking meds call hospitalized intubated died shocked happened went hospital information portal get answers clearly saw given wrong diagnosis report said years old underlying conditions vitals good doctor checked lungs lungs clear xrays vague words sure yet last doctor pa releasing saw covid automatically thought pneumoniawhen actually looking recovering covert patient shes looking residual effects covid pneumonia didnt read report didnt read details much hurry get confronted hospital protocol stated protocol suggestions didnt suggest covid information sending home follow doctor since close covered free would alive today weve believed lie want people research lawyers wont even take cases avoid hospitals dont know theyre safe,@elizabethmonje3126,2021-02-23T17:57:33Z,0,
4oXMM2L88W4,UgwmY-gNw9eBltTyKsl4AaABAg,god bless protect wonderful nation beat pandemic sure,@watchinggames-gameplaysetu4930,2020-12-01T13:38:24Z,0,
4oXMM2L88W4,UgwkuU8eV_rz8LAeNU94AaABAg,type covid update nov youtube tells happened months ago way go youtube,@royrice8597,2020-11-06T06:23:23Z,0,
4oXMM2L88W4,Ugz4kUvBwpr2UmwlwAF4AaABAg,thank thank thank god us,@Ahmad-Mounir44,2020-07-31T01:03:43Z,0,
4oXMM2L88W4,Ugx02RzU-4fLzQCLAGp4AaABAg,time ever history kind epidemic people sick quarantined rest country totally democratic socialist bs,@1Phantom23,2020-07-28T20:19:14Z,0,
4oXMM2L88W4,UgzUBhD1DxuI0xaZX7p4AaABAg,doctors going narrative httpsyoutubedurluaylve,@douglasbruce6491,2020-07-28T01:22:30Z,2,
4oXMM2L88W4,UgwmLGZpPH9d7AIteet4AaABAg,im surprised interest mounting research coming demonstrating low levels vitamin highly correlated severe symptoms death covid understand exactly vitamin modifies immune system create protection covid symptoms suggest following videohttpsyoutubecdnokrtwjno,@paulfrank1777,2020-07-24T07:09:16Z,0,
4oXMM2L88W4,Ugy3HOnkc_DFLVjXzux4AaABAg,actual lies httpsmfacebookcomstoryphpstory_fbidid,@Foolay305,2020-07-17T20:04:52Z,0,
4oXMM2L88W4,Ugw649ArUJBrxNxhidB4AaABAg,glad spread covid hate america flag history anthem love country vote mob boss joe biden supports arson looting cancel culture continues take donations lobbyists ripped millions dollars pelosi worst,@BranEvans,2020-07-15T10:12:49Z,0,
4oXMM2L88W4,Ugwd2gviLpV0f0TCXwd4AaABAg,theres free testing every corner liberal media tells everyone get tested theres huge increase cases since people dont symptoms wanna punish iteven though death numbers significantly wake,@Jay-cp9kd,2020-07-14T07:10:10Z,0,
4oXMM2L88W4,UgyZEvolTUDuvunaQON4AaABAg,shameful us poorest country handling virus supposed worlds leader yea right th place,@34mary4503,2020-07-13T09:35:28Z,0,
4oXMM2L88W4,Ugx7ScXCGFcOsttysFt4AaABAg,trump scared high rate infection would spook share market cronies got lot invested admitted prefers play role cheerleader instead revealing truth deadly effect covid americans taking care people cares stock market leave white house,@truthseeker6693,2020-07-13T02:36:49Z,0,
4oXMM2L88W4,Ugxqv2lhTuQgSeUe5m14AaABAg,mask required wear one look reporters noticed mask insight,@soiree8146,2020-07-11T10:38:13Z,0,
4oXMM2L88W4,Ugx2GnpBTVNPW6KKHh14AaABAg,perhaps church held downtown attendees could spray paint tear statues burn loot appears activity approved prevent spread virus scorn media,@bongofury5924,2020-07-11T09:15:28Z,0,
4oXMM2L88W4,Ugzx9G2uwykJ_hInoN94AaABAg,covid cure httpswwwyoutubecomwatchvedsddwnxcg,@robertnz71,2020-07-10T17:55:43Z,0,
4oXMM2L88W4,UgyrK3_mtafIY6nmPgB4AaABAg,thank sharing cases wheres deaths numbers many test given day many immunity symptomatic coronavirus know countries testing like,@tishsmiddy71,2020-07-10T06:01:34Z,1,
CuRuIzUTrnk,UgxyF8Y5MRoifM3V2Pd4AaABAg,richard quest successfully battle coronaviruses relieved see active even time ill,@HajimeIshii-dn6mz,2025-08-07T05:42:08Z,0,
CuRuIzUTrnk,UgzMlQUFr-noyvbFDud4AaABAg,lively guy always remember childhood may god bless,@Abdul_2008h,2024-10-26T16:57:46Z,0,
CuRuIzUTrnk,UgzDokAWCnbEn7vWh3t4AaABAg,also tested positive meth beating parks,@altelles8912,2023-03-02T04:27:37Z,2,
CuRuIzUTrnk,UgzDokAWCnbEn7vWh3t4AaABAg.9mjzX8H-UknA6eqzVi36lJ,thank guys freak,@England....,2024-08-03T03:36:04Z,0,UgzDokAWCnbEn7vWh3t4AaABAg
CuRuIzUTrnk,Ugw9QTM44phqkFFbpux4AaABAg,guy arrested meth previous wrapped route central park look,@VagaBumAdventures,2023-03-02T02:58:27Z,0,
CuRuIzUTrnk,UgyWVzT70bBp9lMbi0d4AaABAg.9mhjE0xkJmNA6etsZ8ZkGS,good advice might start things,@England....,2024-08-03T04:01:20Z,0,UgyWVzT70bBp9lMbi0d4AaABAg
CuRuIzUTrnk,Ugx_w67daZIVGZ8Zxc54AaABAg,richard q got caught park meth sex toy boot andddd rope tied around neck one one end tied genitals still employed cnn wow,@pierrehere762,2023-02-22T16:38:22Z,0,
CuRuIzUTrnk,UgxnMy9dgnvgpTq_fs54AaABAg,caught meth rope around dick central park another pervert demorcrat,@Foxtucky,2023-02-22T13:48:23Z,0,
CuRuIzUTrnk,UgxGtaIbZW73N0wFeNd4AaABAg,clown still meth central park search,@JohnDoe-101,2023-02-21T21:36:49Z,1,
CuRuIzUTrnk,UgxJ_9lUV-8EhiGTRst4AaABAg,high meth noose around dick thats richard quest know,@pechondelgado,2023-02-20T12:16:36Z,0,
CuRuIzUTrnk,UgwLSgQMx5oAitYxfYx4AaABAg,dude looks like every stereotypical english man big teeth,@4BUD2NUGGETS0,2023-02-18T11:48:13Z,0,
CuRuIzUTrnk,UgywlZ4Cp5Ag2B2aF8p4AaABAg,hows meth dick really try hang penis central park man wierd,@scottholloway9506,2023-02-14T15:51:49Z,0,
CuRuIzUTrnk,UgztFXV07ngMoryDx4d4AaABAg,technical staff effect persistent cough besides recording take take hoping diaphragm doesnt go frenzied revulsions guess hes either asymptomatic usual cnn paid liar three large homes didnt covid usual cnn paid liar three large homes,@baileyrob,2022-01-14T20:46:06Z,0,
CuRuIzUTrnk,UgwJd9P_bnq5dZhDX3x4AaABAg,invest bitcoin earn much every week text ashley gilbert telegram invest future make money work thank later,@rachelbrooks8363,2021-01-01T21:11:46Z,0,
CuRuIzUTrnk,UgzmXI05y2-LFVjsQdJ4AaABAg,guy got arrested something crazy stupid,@Infamous41,2020-10-22T18:25:43Z,1,
CuRuIzUTrnk,UgzmXI05y2-LFVjsQdJ4AaABAg.9F7U0Bv3snAA6etCHpbWtO,yes likes freak public spaces toys rope ohh drugs hes jewish bit belled,@England....,2024-08-03T03:55:25Z,0,UgzmXI05y2-LFVjsQdJ4AaABAg
CuRuIzUTrnk,UgziAabCtHoocQ0uhk94AaABAg,indeed miracle cant believe im finally free herpes virus grateful powerful herbalist called dr spencer im sick herpes years affected relationship girlfriend find herpes left missed much loved heart always makes happy source happiness wanted come back took every treatment drugs none could cure sickness never lose hope believe surely get cured reunited girlfriend went online search herpes cure came across comment man powerful herbalist cured herpes didnt hesitate emailed explained problem herpes affected relationship replied mail asked information gave prepared herbal cure finished preparing cure sent instructed use instructed five days later couldnt find sign herpes thats free herpes virus also love spell brought back ex girlfriend best thing ever happened indeed grateful dr spencer help rendered need help cure diseases bring back ex contact get problems solved drspencerherbalhomegmalcom also add whatsapp also cure following diseases herpes virus chronic venous disease gonorrhoea hivaids alzheimers disease asepsis cancer cerebrospinal meningitis infertility problems alsebv hpv enlargement type diabetics hepatitis abc syphilis arthritis severe atopic dermatitis asthma leukaemialupus virus many,@spenceroneabumeral3860,2020-10-15T15:40:40Z,0,
CuRuIzUTrnk,UgxiTFaDqCyoiw914-h4AaABAg,meanwhile people cant get tests,@RunPJs,2020-10-14T20:30:04Z,0,
CuRuIzUTrnk,Ugwr8EDvv5jsTRqe-ZN4AaABAg,reporter caught park drugs sex toy briton richard quest also rope tied around privates arrested new yorks central park quest one us news channel cnns highprofile faces arrested found new yorks central park another man park closes,@Tarmac777,2020-10-14T20:20:23Z,0,
szfnKmsCZ5g,UgyvcHNORo-tNbVwUBF4AaABAg,lost parents months ago almost time feel,@compashinpei,2021-10-31T14:42:45Z,0,
szfnKmsCZ5g,Ugzj95a8rA9l_ZG5Q0h4AaABAg,communist china lot blood hands,@BeastKingSmash,2021-09-12T18:51:54Z,0,
szfnKmsCZ5g,UgwpbWI6kEa0yIPhZQB4AaABAg,day dad died mom also admitted scared would make itmmthamk god,@johanvanderwesthuizen5782,2021-08-26T20:02:12Z,0,
szfnKmsCZ5g,UgwwukUia-qPCBGidxB4AaABAg,father doctor trying help people covid get better unfortunately thats lost life days ago im grateful mother didnt contract covid cant imagine pain multiplied times two feel bad family also thought young lost dad hurts know three much younger well hope got love support needed get,@hark14imb,2021-08-01T14:55:18Z,1,
szfnKmsCZ5g,UgylBZHiAZ98CQO0lC14AaABAg,feel like families k deaths covid ptsd,@GAbaKEwl,2021-07-19T02:47:12Z,0,
szfnKmsCZ5g,UgziQQEHNGpk4_CC-rV4AaABAg,lost someone dear listen comfort heroes lost song httpsyoutuberbcnpuph,@CouldBe3FeetFromGold,2021-05-05T19:53:20Z,0,
szfnKmsCZ5g,Ugw8Rn6TRmOKfMMciLB4AaABAg,donald trumps fault rip sweet people,@alexlewis6061,2021-04-24T12:35:53Z,1,
szfnKmsCZ5g,UgxpXv6eDRyYtCIVtMF4AaABAg,im year old sister recently lost single mom month ago relate im completely heartbroken know lost im also devout catholic mom praying,@Poemasyserenatas,2021-04-20T19:36:43Z,2,
szfnKmsCZ5g,Ugz9PNmw17aCzS-ni_p4AaABAg,lost father covid,@aditidhingra4256,2021-04-15T02:15:57Z,0,
szfnKmsCZ5g,UgzNSws6iR3icq5Uu354AaABAg,im going thing parents die alone big house im sick covid ms nobody visit total lockdown im afraid next phone call anxiety killing,@lechat8533,2021-04-02T15:17:51Z,3,
szfnKmsCZ5g,Ugx092Qeq7QbHUfM14l4AaABAg,follow money trail,@movinngroovin2104,2021-03-16T18:26:20Z,0,
szfnKmsCZ5g,UgxNnCGApQuv2N8S8V94AaABAg,virus killed grandma daddy buried grandma april daddy died dec corona dads sister died week aunt woke coma dead mom virus destroyed family people survived fear life everyday isnt fair people like us going thru couldnt save nobody tried,@HALFPINTSHAWTY,2021-02-28T14:49:43Z,2,
szfnKmsCZ5g,Ugx1zX4XDGDhphx-kA14AaABAg,douse keep smiling ill crying uncontrollably wouldnt,@envostar,2021-01-27T05:10:56Z,0,
szfnKmsCZ5g,UgzmeRS_YrUITc2NAxB4AaABAg,dont boys houston get much publicity,@jewelk2021,2021-01-25T18:23:54Z,0,
szfnKmsCZ5g,UgxA_lrRRbHe7t03kGN4AaABAg,mother always love,@rbg2819,2021-01-22T06:37:36Z,0,
szfnKmsCZ5g,UgyIjV9cqmk5nDebQYF4AaABAg,thats fucked man,@ShoaibKhan-bz5qm,2021-01-19T17:06:41Z,0,
z53kXE5dRHk,UgzE69azbUDovKaSxzh4AaABAg,hi everyone im future hope everyone made ok,@masterexploder213,2025-07-09T01:59:29Z,0,
z53kXE5dRHk,UgzOKFvMudasIVSJyJ94AaABAg,fauci first press press conference,@ljre3397,2021-02-03T17:59:11Z,0,
z53kXE5dRHk,Ugxru4U4PkyBEWH0F-N4AaABAg,months later nobody dying started counting cases like thing masks work working work wearing since science backup wearing mask soon put thing oxygen level gets osha recommends httpslbrytvriseupbdontmaskanddriveb,@honestlee4532,2020-07-18T21:49:18Z,0,
z53kXE5dRHk,UgwLFxy6Xr-yIuAIvph4AaABAg,well failing must better pandemic thats another thing dont say fake news,@MariaOrtiz-gj4xq,2020-05-27T08:03:21Z,0,
z53kXE5dRHk,Ugwbbbr6XEThE2BxvHp4AaABAg,fauci biggest criminal ever believes cnn whole world know fake laiers even got banned germany nederland barnum many countries found publishing fake news hate towards trump,@MemeMeme-xh4qo,2020-04-29T20:45:11Z,0,
z53kXE5dRHk,UgyZ3beLK8PGopowgRN4AaABAg,finally close casinos hotels resorts trump decided take outbreak seriously,@MartinSmith,2020-03-30T22:31:58Z,0,
z53kXE5dRHk,Ugz2dIPGOK7r2bc01pN4AaABAg,surgeon general looks like michelle obama without wig,@michaeldesilvio2060,2020-03-29T04:17:40Z,0,
z53kXE5dRHk,Ugz9VzkWbU0x2zCxHih4AaABAg,havent heard italy infection death rates increase days row signaling peaked downward momentum infection curve mirroring wuhan data track vanish days based wuhan track record big money coming italy index germany indexlikely explode hrs,@jeremiahlim2925,2020-03-24T12:41:43Z,0,
z53kXE5dRHk,UgzX4eNL8dmjVm0LKDd4AaABAg,meanwhile people coughing people joke,@czeqy7349,2020-03-23T17:06:19Z,0,
z53kXE5dRHk,UgznL7CO4W01HyIBGBZ4AaABAg,comment cnn always critisising president abomination best ever happened amerika nb american happened observe trump god given take leave repent god going humble one long puppets big brother repent cnn repent america god restore dont perish,@Liz-l2i1z,2020-03-22T12:43:07Z,0,
z53kXE5dRHk,Ugwg9BO9GDOdAX6EH-t4AaABAg,speaking conspiracy bcuz victims family victims tv let explain something called hippocratic laws privacy someones condition,@jhhyuu_NoProfess,2020-03-21T14:47:11Z,0,
z53kXE5dRHk,UgxMmEsHEp9GiG7VbBl4AaABAg,humanity chance look rich bottom line nose dive market loose money silly people loose lifesgood luck,@fieldmarshallschnapsidee6769,2020-03-21T02:38:28Z,0,
z53kXE5dRHk,UgwuTUomgewBWVkYFBt4AaABAg,american say best world everything comes america best world experts also best experts world dont need worry becauce greatest best people world american scientists proven oo okaaaaay xd,@jones13jm,2020-03-20T21:18:10Z,0,
z53kXE5dRHk,UgzsC56AtFdbO3QPBkx4AaABAg,dr burkes silver jacket actually really cool,@kailuamazon_3523,2020-03-20T14:06:32Z,0,
l9FtHFAjDFM,Ugw9vl9QOZEnwIbSP7N4AaABAg,job test peoples asses look knows nothng hes saying dont believe please,@taracarter8090,2020-05-20T20:29:06Z,0,
l9FtHFAjDFM,Ugx9AqoP9pmurabMKb54AaABAg,two clown trying laugh come people open eyes fake fake qualifed people little clown ass doctor wth,@taracarter8090,2020-05-20T20:28:07Z,0,
l9FtHFAjDFM,UgxdDFwRq_ENnR488CF4AaABAg,blinking blinking andl lying wonder much bill gates paid,@taracarter8090,2020-05-20T20:26:30Z,0,
l9FtHFAjDFM,UgyHcU_nsILCYyalTVJ4AaABAg,talking points include fauci evil entity looking profit vaccines hydroxycholorquine perfect cure covid held general populace covid synthesized us military laboratory anything going ideas claims propaganda government trying hide conspiracy power people control lives something want may tempted lie sometimes lying takes form sucking bill gates known,@taracarter8090,2020-05-20T20:23:30Z,0,
l9FtHFAjDFM,UgxiH8mtP9x_jGanmHR4AaABAg,vaccines essential public health vaccine preventable diseases marketing slogan continued sale vaccines essential vaccine manufacturers shareholders period,@taracarter8090,2020-05-20T20:21:22Z,0,
l9FtHFAjDFM,Ugw4rJt-bAw6C7757Nl4AaABAg,dr gupta gastroenterologist type physician specializes disorders digestive tract includes organs span alimentary canal mouth anus well liver isnt qualified speak virus works bill gates dont believe lies people isnt professional listen professionals get banned speaking know believe love people lying pushing vaccine look words keep saying us,@taracarter8090,2020-05-20T20:21:15Z,0,
l9FtHFAjDFM,UgzRQxMtWV80dkf8eER4AaABAg,wow man cnn far left news lovers lol see ya bitches,@heytodd53074,2020-05-17T22:04:15Z,0,
l9FtHFAjDFM,UgxkFnAqkdUKMVSxbmF4AaABAg,america fighting coronavirus moronavirus time people affected latter chronic inability determine president lying completely full shit symptoms moronavirus include limited delusional belief deep state conspiracy donald trump apparent lack critical thinking skills random prolonged rants regarding obama administration tendencies towards gathering large masses guns persistent delusional belief donald trump competent effective honest generous patriotic diplomatic morally genuine christian stable genius despite volumes evidence contrary including fact complete embodiment seven deadly sins,@BrianR.-nu1sr,2020-05-08T20:36:11Z,0,
l9FtHFAjDFM,UgyLUxr1tE3iLdaVyJt4AaABAg,child lester years walla walla child lestation runs bragging comments utibe child lester uses fake names george patton one fake name deplorable another tracking child lester burned thread onto dt httpsyoutubezkvicze carry revolver top thread,@GatorATEJesus,2020-05-08T20:32:11Z,0,
l9FtHFAjDFM,Ugw3HrgvuqaRW0PMYCx4AaABAg,nobody understands trump said use disinfectant vaccines joke hes stupid enough,@threemouse-keteers5256,2020-05-08T04:23:48Z,0,
l9FtHFAjDFM,UgxkAGVBs18j-kDxBkh4AaABAg,wut point godless zombies make stupid comments vids libtards trumppimps souless zombies incapable forming sort human relationship httpsyoutubedtuiqfu exactly wutscum really,@GatorATEJesus,2020-05-07T05:53:23Z,0,
l9FtHFAjDFM,Ugwxh_ihkWoi3eMCko14AaABAg,tested neg times via nasal swab forced go back work sick tested postive antibodies norm day later cat scan revealed puemonia quads lung means body making antibioties still trying fight virus please stop stating things facts really dont know anything mysterious virus,@Christal2222,2020-05-02T08:46:57Z,0,
l9FtHFAjDFM,UgytXuFWeCGxAfpQEgl4AaABAg,hmmmm published evidence antibodies find event antibodies wont solve problem evidence pointing disease endothelial system httpsyoutubeajvb_vitxq,@jordant3740,2020-04-30T07:18:49Z,0,
l9FtHFAjDFM,UgwujNJsjMxMvtHK_9V4AaABAg,antibody testing long rtpcr test fastcost person real time pcr,@danmiller2177,2020-04-30T01:37:16Z,0,
l9FtHFAjDFM,UgwKLCC8cOKII2CIfBZ4AaABAg,really enjoyed cnn docudrama gupta chris cuomo starred called cnn anchors tremendous sacrifice basement think sucked star caught script wife extended family hamptons,@jerrybrown3726,2020-04-28T16:46:47Z,0,
l9FtHFAjDFM,UgxqsuqG3GA-WPAr8mx4AaABAg,really enjoyed cnn docudrama gupta chris cuomo starred called cnn anchors tremendous sacrifice basement think sucked star caught script wife extended family hamptons,@jerrybrown3726,2020-04-28T16:46:47Z,0,
ZtkSYY9Z2fE,UgziyI3ShLt4ZWAH8-h4AaABAg,literally mears death contagion irl,@SKYso223,2026-05-10T01:19:26Z,0,
ZtkSYY9Z2fE,UgzBw-EMv-RN_Bn6vK14AaABAg,china responsible every single death caused covid must brought justice made pay nations affected reprisals money free goods b,@Goloo-u8p,2026-04-15T21:48:08Z,0,
ZtkSYY9Z2fE,UgzBw-EMv-RN_Bn6vK14AaABAg.AVdFoZkmMAPAVdFxExstZH,underhanded creatures exist,@Goloo-u8p,2026-04-15T21:49:19Z,0,UgzBw-EMv-RN_Bn6vK14AaABAg
ZtkSYY9Z2fE,UgyIxinRpGhC-2mmGUx4AaABAg,chinese authorities bump say sorry,@illbeyourhuckleberry6484,2025-07-01T02:30:55Z,2,
ZtkSYY9Z2fE,Ugwc0t8_FPEm5NWFfAZ4AaABAg,thank dr li,@ChengYu-y2b,2025-03-18T16:38:58Z,1,
ZtkSYY9Z2fE,UgyNfIZ4pgYz7Q1k8-94AaABAg,china strict country never talk freely china,@gamingwithamin9957,2025-03-02T10:08:18Z,3,
ZtkSYY9Z2fE,Ugz1vHNcnkqNLYFcCTl4AaABAg,family,@JuliaPocsai-l9f,2025-02-09T07:39:05Z,0,
ZtkSYY9Z2fE,UgzKAOQqtwoxZIQ3J9d4AaABAg,whos fauci pardoned cia said lab leak trump pulled funding communications nih,@ne0nZchr0me,2025-01-28T06:16:29Z,4,
ZtkSYY9Z2fE,Ugx9us7onsXct6GxBMt4AaABAg,good hollywood material intended compete zombie films,@patriotcrusader359,2025-01-06T23:51:40Z,0,
ZtkSYY9Z2fE,Ugyk5_lJ-5HSc23wnsd4AaABAg,years later script like movie cant believe lived,@radxJulianE,2025-01-03T23:51:46Z,5,
ZtkSYY9Z2fE,UgwW0Q0cFtnvxv93Dqh4AaABAg,ive swine flu askes doctor knew didnt even reply covid thw beginning agenda look weve treated since behaved like good little children fingers lips nursery school,@amwartwork,2024-12-07T22:01:18Z,1,
ZtkSYY9Z2fE,UgwW0Q0cFtnvxv93Dqh4AaABAg.ABlGcoUsmQxAKk2Tky1bf9,flu symptoms went doctor doctor basic physical exam blood work tests said swine flu asked knew swine flu regular flu bad cold didnt respond,@thetruepatriot7733,2025-07-19T03:20:55Z,2,UgwW0Q0cFtnvxv93Dqh4AaABAg
ZtkSYY9Z2fE,UgxTMHkIijk3GbQeT1p4AaABAg,people china warned world saved many lives heros families taken care financially,@raynoll9192,2024-10-27T21:03:44Z,1,
ZtkSYY9Z2fE,UgwFW3hTQIWgBWSYHwt4AaABAg,nothing worse corrupt police department,@Sniperwolf16-b4g,2024-10-20T08:38:47Z,0,
ZtkSYY9Z2fE,Ugz49qYapTs8Mjs-zt94AaABAg,ccp kills doctor warned bioweapon,@CoolhandLukeSkywalkr,2024-10-10T22:00:10Z,6,
ZtkSYY9Z2fE,UgxJHsIY3MVQvSXECxd4AaABAg,told december tried warn people lab liars knew many bodies freezer trucks censored couldnt tell truththey killed,@marileedent8499,2024-08-12T16:22:22Z,0,
A71lfXrQlxU,UgzGJGkLh07qtiUsdWF4AaABAg,kungflu commie lockdown plandemic panicepidemic depopulation genocide deadly coerced forced clotshots vbgt mrna crisper turbocancer heart failure myocarditis sudden death syndrome paralysis guilane bar syndrome blood clotting thrombosis autoimmune attacks ms arthritis etc immune system failure longterm malaise dysfunction infertility sterilization stillbirth miscarriage irreversible genetic mutation dr feltchy bill fates evil immoral sinister sociopath enemies liberty freeworld lock em ship em gitmo good riddance,@andymacdonald821,2026-07-11T03:00:29Z,1,
A71lfXrQlxU,UgztuyO959_pwS8NvEV4AaABAg,bill gates investments covid started long public even knew word hosted conference discussing well disease said released lab know specific virus would released ha spent money curevac gates foundation made strategic equity investment million german mrnafocused company curevac early funding designed build industrialscale mrna manufacturing facility predated coronavirus pandemic foundations backing helped advance underlying technology used curevacs covid vaccine candidatebiontech gates foundation invested million potential reach million biontech research immunotherapies vaccines hiv tuberculosis investment mrna technology significantly predated biontechs work covid vaccine pfizerpfizer johnson johnson foundation held longstanding small equity stakes legacy pharmaceutical companies like pfizer jj also developed prominent covid vaccinesphilanthropic funding alliancesinstead seeking direct financial profit foundation provided massive catalytic funding nonprofit global health alliancesgavi vaccine alliance gates foundation founding partner gavi committed billions dollars initiatives including covax facility created ensure equitable global distribution covid vaccines lowincome countriescepi foundation pledged hundreds millions coalition epidemic preparedness innovations global organization formed help fund research development vaccines emerging infectious diseases including covidany financial returns foundation realizes equity investments companies like biontech rolled back foundations programs fund future global health philanthropic goalsfunding commitments fight covid gates foundationsince january bill melinda gates foundation committed us billion global covid response health worker receives covidgates foundationbill melinda gates foundation wellcome pledge million cepi fight covid combat threat future pandemicsjan bill melinda gates foundation wellcome pledged million coalition epidemic preparedness innovations cepi funding suppocepicovid vaccine apartheid failure global cooperation pmchowever vaccine rollout fallen short covax billion funding gap highincome countries donated surpluses slowly clpubmed central pmc govgates foundation gavi vaccine alliancemay gates foundation pledged us million set gavi foundation key gavi partner vaccine market shaping bill melinda gates realisagavi vaccine alliancegates foundations role pfizers promising covid vaccine part nov gates foundations investment predated biontechs covid work foundation provided direct support pfizerbiontech candidate vaccineimpactalphabill gates helping fund factories coronavirus vaccine apr bill gates helping fund new factories potential coronavirus vaccines even though waste billions dollars doesnt sound like gatebusiness insiderhow bill gates partners used clout control global sep bill gates partners used clout control global covid response little oversight four organizations spent almost billionpoliticocurevac collaboration gates foundationmar equity investment million million support construction new good manufacturing practice gmp production facility foundation separategates foundation coronavirus vaccine stocks bill melinda gates foundation sep biontech surprising bill melinda gates foundation also owns shares biontech though nonprofit foundation didnt invest ththe motley foolbill melinda gates foundation makes largest mar bill melinda gates foundation investing million curevac german company involved making vaccines largest ever investment forbesgates foundation backs mrna vaccines cenmar bill melinda gates foundation invested million curevac german company specializing messenger rna mrnabased vaccines investment wichemical engineering newsvaccine maker backed bill melinda gates soars wralaug shares curevac early trading monday ceo franzwerner haas said interview german financial news site boerse onliwralbill melinda gates foundation announces dec abc pm et abc bill melinda gates foundation announced new million commitment thursday adding foundations total invabc news breaking news latest news videos,@Carol-fe6nu,2026-07-08T14:21:35Z,1,
A71lfXrQlxU,UgxHdlJwPWXP3jHC84V4AaABAg,fucking bill criminal joined epstein trying vanish whole generation,@ShauryaPawar__C,2026-02-15T05:37:44Z,4,
A71lfXrQlxU,UgwaCIBTbM9ZCMzUyml4AaABAg,windows dropping bring second promised virus dont drink cockroach milk bill,@1984Skynet,2026-01-31T01:48:55Z,2,
A71lfXrQlxU,UgxCkAO6OnjdToGIMVR4AaABAg,gasoline additive electronic genenerate big víu,@EricPhan-m9k,2026-01-23T16:36:31Z,0,
A71lfXrQlxU,Ugwwz-mq6U35umvzp6x4AaABAg,bunch morons cant stand guy middle better clearly paid health care professional stupid shame dumbasses fauci needs go jail along ofyou many others,@Justiceforwayfarerstudios,2026-01-16T07:11:04Z,1,
A71lfXrQlxU,Ugyz-jzrSLTH6KJGb0V4AaABAg,bill gates smart guy usa used respect knowledge intelligence facts science wasnt idiot donny trump turned folks easier tell folks think con man years millions low iq folks blindly follow carnival barker yikes,@lastjob2011,2026-01-01T17:18:03Z,0,
A71lfXrQlxU,UgwdIq8Ou-QAqD6C_ax4AaABAg,ill never understand unqualified billionaire talking medical issues biggest platform microsoft founder medical practitioner qualified talk medical issues worlds masses dr fauci man trusted either,@DarranCariadCoins,2025-12-10T01:41:54Z,2,
A71lfXrQlxU,UgwNIfPV_OIqAskWVy94AaABAg,bill gates created covid virus started doctor frankenstein monster gain function first release sarvs covid gates bought patern future worldwide plandemic covid november one month first human man got covid virus manmade created inflammation december bill gates profits covid vaccines death jabs covid boosters along frankenstein doctor death fauchi men women boys girls worldwide died ceased exist bill gates created mandated covid vaccinations covid boosters covid spike protein generated human bodies covid vaccinations covid boosters attacking hearts lungs kidneys turning christ made dna tone receptors naturally fight cancer cancer cells covid vaccinations covid boosters turn bodys tone receptors defenseless cancer cells cancer rapidly grown men women boys girls get cancer died fast people remission cancer received covid vaccinations covid boosters died rare forms cancer die since natural bodies dna stop producing lifesaving cancer fighting tone receptors wellness company great products reverse damaging covid vaccinations covid boosters delux spike protein detox ivermectin mebendazole,@JP...Higher...Grounds,2025-12-08T04:57:09Z,2,
A71lfXrQlxU,UgwuSWPR1iBWk6Cy1gN4AaABAg,country still talking covid since bunch sheep living disney culture society full stupid ignorant materialistic violent obese psychotic uncultured people without much education allows pharmaceutical industry put fear hearts huge monetary profits believes everything plutocratic govt tells dysfunctional society world today period,@donniehenderson1916,2025-10-04T13:32:59Z,2,
A71lfXrQlxU,Ugzt8XULmpgc-Maa2El4AaABAg,recent days feminism cancer society promoting women insulting men kind pseudo feminism everyone keep mind,@saumendudutta7886,2025-05-08T07:17:35Z,0,
CEFo5skGRSI,Ugwo42LFuB0B4WqMmk14AaABAg,revisiting august often think times one hand im glad young son elderly dad lives chronic condition however part misses pandemic miss world around grew quieter calm orderly miss dynamic atmosphere constantly changing day day authorities tried figure next moves introvert like ideal,@ChristianC-gy1ym,2026-08-25T21:12:36Z,0,
CEFo5skGRSI,UgzNIeJ11p39-S57EC94AaABAg,looking back hits different,@ilictronic,2025-08-05T01:10:05Z,0,
CEFo5skGRSI,UgwLN8HHYVdsQ0cmXmd4AaABAg,biggest scam history way cnn covered blame trump brainwash people elect trump majority people died fake disease elderly healthy conditions disease also created eliminate types people get medicaid medicare government assistance,@margar2321,2025-07-03T09:47:49Z,0,
CEFo5skGRSI,Ugyo9v1K1LBz7gceHrJ4AaABAg,ppl dont learn past mistakes know many ppl died covid theres still idiots denying morons,@justicewillprevail1106,2025-07-01T02:14:44Z,0,
CEFo5skGRSI,UgyRPi_VFMRKSu4nYKR4AaABAg,bruh comments age well,@0997udan,2025-04-15T04:24:08Z,0,
CEFo5skGRSI,UgxC1RqWuWxjxRP6IGh4AaABAg,little know mhhhmp,@lucidinfinity3829,2021-05-09T04:11:27Z,0,
CEFo5skGRSI,Ugwtcx6U5xLG1XMHkAV4AaABAg,nik watt cnn wash mic disinfection taken mask live update stupid clip watched live streets stupid action take mask everyone wear one,@9001012,2020-07-04T08:30:31Z,0,
CEFo5skGRSI,UgzwVm-27q-NdAG5vBJ4AaABAg,seattle siege anarchist corona longer threat,@br7795,2020-06-12T20:38:13Z,0,
CEFo5skGRSI,UgxxZkw1B1fREupiX-94AaABAg,socialists china lied covered blood communist animals hands,@michaelpencio9573,2020-03-25T21:32:54Z,1,
CEFo5skGRSI,UgzXubVU5GLYlIF6tDB4AaABAg,lockdown like south korea,@bluedark1142,2020-03-24T21:57:26Z,0,
CEFo5skGRSI,UgyQps5smR_ZygEZkix4AaABAg,swineflu pandemic may killed people worldwide media didnt highlight severity like corona virus saying relax always good keep perspective something media seems lack current flu virus course swineflu affected young corona virus primarily affecting older generation,@sweetdragon36067,2020-03-20T18:52:43Z,0,
CEFo5skGRSI,Ugz1ElEeQZ0wICC9iJN4AaABAg,need face mask alcohol based hand sanitizers keep constantly protected troubles long queues stores getting required items want get tested comfort home scientifically designed russia test kit get result hours also need chloroquine zinc treatment combo keep immune system strong fight virus yes suggest contact professional hacker save present world crisis prevention better cure please stay home quarantine im happy got help hacker gavin professional online carting medical hacker im glad contacted desired needs necessary pandemic essentials keep safe without leaving comfort home also shipped scientifically designed russia test kit home got tested without go hospital big risk going hospital get tested lots positive patients making easier contact covid virus hospital share home address hacker gavin orders shipped door step conveniently contact great hacker gavin via gmail cyberhackinggenius text speak directly phone whatsapp dont forget thank later,@jonathangrabban912,2020-03-20T13:31:49Z,1,
CEFo5skGRSI,Ugxf-pNGIfD-RGY8tdl4AaABAg,seattle cnn coved amazon,@OrdonaK,2020-03-20T09:54:28Z,0,
CEFo5skGRSI,UgwO-Q9B4VCvHWIovzx4AaABAg,show piles dead bodies burned mass ill start panic shut fuck already,@daemoniumvenator4155,2020-03-18T23:53:32Z,0,
CEFo5skGRSI,UgzfEgEmRXh1zNxWZhx4AaABAg,pandemic pandemic pandemic seriouslythe media irresponsible disgrace terrified sheep running store buying milk bread paper towels toilet paper dont think people stupid look around,@brianlongshore3105,2020-03-18T22:56:35Z,0,
CEFo5skGRSI,Ugy9rL_xE3VjS3XaJX94AaABAg,oklahoma city kfor according oklahoma medical research foundation scientists testing existing experimental therapies see effective treating covid currently vaccine coronavirus among drugs tested new existing antiviral therapies omrf says drug thats use halfcentury showing promise chloroquine phosphate drug originally developed fight malaria also shown effective treating patients autoimmune diseases like lupus said judith james md phd vice president clinical affairs oklahoma medical research foundation use treat hundreds lupus patients omrf china researchers tested drug multicenter clinical trial treat pneumonia associated covid preliminary results indicate drug appears show efficacy therapy malaria gets inside cell change ph drug like chloroquine phosphate malaria cant live said james immunologist rheumatologist goes virus like covid change ph virus cannot assemble cant assemble cant infect james explained repurposing existing medications often fastest path treating infected virus novel way would really exciting drug already fda approval readily available said works might treat covid almost instantly,@jeremiahlim2925,2020-03-17T02:02:07Z,0,
RSthtmix0zw,UgxabdnetR0DRHR-8Vt4AaABAg,know tissue temperature sars cov better replicate twiv min virologist christian drosten suggest sars cov better replicate low tissue temperature high body temperature protect sars cov infection mask wearing increase upper respiratory temperature,@traianliviudanciu8665,2023-12-19T05:46:24Z,0,
RSthtmix0zw,UgwtpRUtXw9zwTIqkG54AaABAg,criminal belongs prison,@chelton87,2022-11-17T03:27:35Z,2,
RSthtmix0zw,Ugwa9jg36wZGov3z9p94AaABAg,biden handed recovering economy dropping covid rates didnt take long ruin,@rotorheadv8,2021-08-02T02:33:45Z,1,
RSthtmix0zw,Ugynbz0--tDwKI_5nlx4AaABAg,low point since outed serial liar discredited,@wtk6069,2021-07-10T14:04:32Z,3,
RSthtmix0zw,UgzLoA2hVFtT2Vnmgz54AaABAg,hmm wonder lowest point,@jakeblake415,2021-04-28T04:11:56Z,0,
RSthtmix0zw,UgwQnN6uBKdlD_NrILp4AaABAg,fauci knows much covid cnn knew russia hoax lie lie lie,@gemcan54,2021-04-19T19:32:46Z,1,
RSthtmix0zw,UgwsRa-P6wXNYn03Led4AaABAg,proven already gettogethers socalled super spreader events contributed anything contributed increase numbers covid locking people away sharing dead air lack sunshine kills virus lack vitamin body created sunshine advice dr fauci lead people deaths deep state needed higher death numbers relied democratic governors send infected people back nursing homes nothing plan scam people finally figure might take years sanken people real stupid reason people tv influence creator bible,@breakupmsmforever9653,2021-04-17T12:36:12Z,0,
RSthtmix0zw,UgwsRa-P6wXNYn03Led4AaABAg.9MEbiAzNyvo9MEc6hhIxLi,say shortage icu beds wouldnt use auxiliary hospitals auxiliary ships ice use time break dance videos tearjerker productions never seen many produced facebook productions made want puke yeah thats im going mother dying bunch tubes hanging face lungs mouth im going take pictures put facebook x dpi takes whole damn screen write quick little story mom dying youre wearing masks give effing break,@breakupmsmforever9653,2021-04-17T12:39:41Z,0,UgwsRa-P6wXNYn03Led4AaABAg
RSthtmix0zw,Ugx2U5rRueniCuYR59N4AaABAg,yes great president trump agree locking everyone stealing liberties jobs killing futures buddy made money medical community tech giants big box stores chain restaurants pan plan demek design put rest main street business conglomerate pigs ditra handing briefcases full cash governors could take rest market,@breakupmsmforever9653,2021-04-17T12:31:02Z,0,
RSthtmix0zw,UgzOr-b7b2mF3bkFsLx4AaABAg,pulling together means science open forum playlist followtheleader dr fauci guy needs face tenderized hamburger making three quarters million dollars year highest paid independent paycheck new us government money covid patent covid test plus money made gates money invested astrazeneca president taken advantage qtip head enemy within pence dr fauci go way back indiana aids virus knew billions dollars stood make bill gates youd stick temple vaccine,@breakupmsmforever9653,2021-04-17T12:26:58Z,0,
RSthtmix0zw,UgwA4x4reTC3ZTiy2jx4AaABAg,today lower one year ago today april th dr fauci expressed glimmer hope manipulating models experts predicted would deaths covid pandemic originally projected,@MakaiMauka,2021-04-10T00:48:37Z,0,
RSthtmix0zw,UgzCoc3ntnJREJkvL3l4AaABAg,lockdowns position take period fauci political cronies caused,@vinceaufiero4081,2021-03-29T18:46:38Z,0,
RSthtmix0zw,UgycV8h7JqMcuUg4akt4AaABAg,fauci levi wolf biden finger puppets internet platforms growth threw lies weasel reminds ex boss would weasel employees say ill pay lunch get work wise weasel,@gergehimon2177,2021-03-29T15:57:47Z,0,
RSthtmix0zw,UgwHbJnvFPyjLuLQalF4AaABAg,funny go andrew cuomo killed thousands people due reporting nursing home deaths hospital column actually died never ever see coverage anywhere impact half nation refusing mask distance people complain economy bad trouble wanting open businesses especially bars restaurants churches resorts ones assuring pandemic worsens misery continues indefinitely hands worst covid death numbers earth twice many deaths second list india times people words times worse greatest nation earth excuse many false patriots wave flag cry losing freedoms killing hundreds thousands fellow men needs attack us people great job bringing youre one offenders ashamed spreaders killed nursing home patients cuomo,@amywalker7515,2021-03-20T18:34:58Z,0,
RSthtmix0zw,UgygsNdnY-KPxS49VxR4AaABAg,hell cnnpandemic news republican attacks public service covering half news dont like,@lloydbridges3258,2021-03-17T23:19:39Z,0,
RSthtmix0zw,UgwN0qOoQam_ts4XEqx4AaABAg,didnt faucci originally say covid threat america masks werent necessary hes consistent,@jerrycole6543,2021-03-17T16:33:05Z,0,
RSthtmix0zw,UgwN0qOoQam_ts4XEqx4AaABAg.9L-DB06Qkpo9L-e8rEubKf,team used scientific method decisions based data evidence available medical community time research proves unequivocally wearing mask year carcinogenic hell change guidelines day,@dritemolawzbks8574,2021-03-17T20:37:27Z,0,UgwN0qOoQam_ts4XEqx4AaABAg
RSthtmix0zw,UgwjjtODsz8HtFLTid94AaABAg,politics dems decide wasnt best interest help trump admins let forget media involvement whole covid thing faucis failures act right away recall said beginning didnt anything worry thats listen buddy w h,@tonystewart6203,2021-03-16T13:37:08Z,0,
RSthtmix0zw,UgwBoUbtutj6agFcJ5p4AaABAg,republican voter know including entire family get vaccine primarily trump hear republicans refuse vaccine may gotten away contracting time next time everyone needs keep every safe practice let republicans wipe serve party right,@gregcurl7367,2021-03-16T11:34:31Z,0,
RSthtmix0zw,UgxIzQ5JpB6H6e56p0d4AaABAg,people seem afraid trump trump aint mammy aint strump whole problemjust like hes still saying election hes nut needs put rubber room people still talking sure wish would koolaid party foods follow,@April-tm7uv,2021-03-15T14:59:12Z,0,
XfbvLn3DgV8,Ugz0mdRa15c0SmVNsN54AaABAg,china killed many americans creating covid realize china trying kill americans world eating bats,@magaking21,2026-08-18T05:10:28Z,0,
XfbvLn3DgV8,UgwkjX3W8Wr8lwrG3Nd4AaABAg,secretly working together whats conspiracy theory,@WARFair9,2026-07-31T09:20:10Z,0,
XfbvLn3DgV8,Ugz1pfttn736HIWkQwJ4AaABAg,come verify cnn worst worst comes media manipulation dnc covid chinese created virus falci complicet lying got paid destroy world,@Gologo7,2025-05-07T15:22:33Z,1,
XfbvLn3DgV8,Ugwz4pjtxTX5PfrpB7V4AaABAg,trump right along bye bye cnn,@eastcoastenergy,2023-03-01T05:38:20Z,0,
XfbvLn3DgV8,Ugx6HRoCXy_ex32ajCd4AaABAg,cnnchina negative news bbcbroadcast bad china,@winko3848,2020-10-14T15:52:27Z,1,
XfbvLn3DgV8,UgwFR75dCj03q_puqeR4AaABAg,early number wuhan course inaccurate case new disease hardly tests available time accurate number compare death number time normal year number use increase likely case probably time account people died completely unrelated cause simply couldnt get hospital since overwhelmed covid cases,@roadrunner4800,2020-09-19T12:21:49Z,0,
XfbvLn3DgV8,UgyPJqcMx4KvDYcj84h4AaABAg,april us lockedown,@christophermaanulwa8089,2020-08-30T23:35:02Z,0,
XfbvLn3DgV8,UgxJoFh_pgEJicK6Ye54AaABAg,needs comedy central watch cnn fake cbc,@JesseNeufield,2020-08-26T11:16:25Z,0,
XfbvLn3DgV8,UgwFfEFikUAc7hgjrU94AaABAg,winter coming,@user-sg6iq,2020-07-14T10:43:40Z,0,
XfbvLn3DgV8,Ugwaizyxzp9mgc-8eJ94AaABAg,dam start really,@louisewaltu7,2020-07-14T09:26:20Z,0,
XfbvLn3DgV8,Ugy8cXkq9tEZCsDFXxF4AaABAg,heartbeat,@diceydaguy8408,2020-07-12T14:33:58Z,0,
XfbvLn3DgV8,UgwVKna1db2Ej2vNJZF4AaABAg,nice heartbeat audio freaking psychos one day lying media shut mouths,@orthodoxgroyper9810,2020-06-27T22:34:05Z,2,
XfbvLn3DgV8,UgzubHROLJDjMwJ2k8t4AaABAg,heres metaphor time read get coming firstly start acknowledge china exactly upfront honest beginning regardless etc following little tale takes point time theres rubber tire fire virus control china called president trump united states america warned well ahead time close windows doors house far street united states america enough time protect insulate everyone deadly virus entering house charge trump immediately dismisses rubber tire fire virus makes fun rallies twitter account etc leaves doors windows open deadly virus enter house letting everyone know lives house citizens usa problem bunker make safe rubber tire fire virus later shit hits fan save deluded ass due dumbass lack responsibility duty care citizens united states america blames china rubber tire fire virus started originally warned ahead time rubber tire fire virus expert dr fauci also lives house along many experts rubber tire fire virus cannot get trump urgency shut doors windows house immediatley china convenient trump scapegoat gutter scrapping bottom barrel b grade exploitation psychopathic presidency china happened seems unknown reason trump want shut doors windows united states america warned well ahead time moral story retard charge presidency usa removed immediately support complicit deaths coronavirus disasters etc forgetting also suffer harsh awful consequences health issues coronavirus affect many survivors years ahead along unexpected grief losing loved ones affected millions collective currently future forgetting jobs economy grotesque sad,@petfoodplus,2020-06-15T20:22:15Z,0,
XfbvLn3DgV8,Ugz0ijSPsbOr57PccYh4AaABAg,china news network,@stevebehnke8976,2020-05-30T07:18:26Z,0,
XfbvLn3DgV8,UgxhXuc5UbklmSEgyg94AaABAg,chinise government humble accept mistake damaged caused world,@katokachophy631,2020-05-24T03:56:34Z,0,
XfbvLn3DgV8,UgxhXuc5UbklmSEgyg94AaABAg.9916WDwo1EA9AVcuSZr1nd,put us governments heads pike,@nnj6232,2020-06-29T20:56:59Z,0,UgxhXuc5UbklmSEgyg94AaABAg
XfbvLn3DgV8,Ugwgw5_54ozhcOqLrcd4AaABAg,said hopes true warm weather makes disappear dont loyalty trump yet im finding defending words somehow,@JS-sv3bq,2020-05-19T15:46:34Z,2,
XfbvLn3DgV8,Ugwgw5_54ozhcOqLrcd4AaABAg.98qVn133Jmi9A0mzzcTaDx,precisely ironically seems sane whole clusterfuck,@DakotaofRaptors,2020-06-17T21:28:40Z,0,Ugwgw5_54ozhcOqLrcd4AaABAg
XfbvLn3DgV8,Ugwd8zXIVyaemj10Pod4AaABAg,find surprising cnn still exists elon musk,@VillageFoodFactoryAsia,2020-05-16T06:22:39Z,1,
XfbvLn3DgV8,UgwKQyAtXFrYKlLDouB4AaABAg,cnnclinton news network oh come indian even know hypocrisy prejudiced fake reports propaganda world wide cnn even indian least tell world whose instructions run media outlets ask funders fund cnn already became impertinent world media outlets buy fake open politically motivated propagandist news huh get life,@beahumanbeingfirst,2020-05-13T22:21:13Z,0,
XfbvLn3DgV8,UgwL41oVItV8FWihD9t4AaABAg,nothing important freedom fight freedom,@vayne7495,2020-05-11T11:57:08Z,0,
eEUqCxP5Lvc,UgyGfeuVOyl8scWgeU14AaABAg,punishment lying people telling truth gets death,@Lovingitup,2026-09-13T06:42:12Z,0,
eEUqCxP5Lvc,UgxHhu7sXhgohOiZxQ94AaABAg,believe anything cnn says liars like chinese government,@LeftWinger29,2026-07-29T00:37:11Z,1,
eEUqCxP5Lvc,UgxHhu7sXhgohOiZxQ94AaABAg.AZpLpiOBS-aA_Idd5Tyeh5,jacksmithmueewhat even mean,@LeftWinger29,2026-08-09T18:58:42Z,0,UgxHhu7sXhgohOiZxQ94AaABAg
eEUqCxP5Lvc,UgxHhu7sXhgohOiZxQ94AaABAg.AZpLpiOBS-aA_IdxKf1m5o,leftwinger means youre jealous thats chinese govt run epstein bff unlike,@jacksmith-mu3ee,2026-08-09T19:01:28Z,0,UgxHhu7sXhgohOiZxQ94AaABAg
eEUqCxP5Lvc,UgxHhu7sXhgohOiZxQ94AaABAg.AZpLpiOBS-aAaeWYk8ZSmm,shell_michelle source proof,@jacksmith-mu3ee,2026-09-12T12:41:59Z,1,UgxHhu7sXhgohOiZxQ94AaABAg
eEUqCxP5Lvc,Ugx5CkQn1Lu_ZNCtFrd4AaABAg,hantavirus soon government needs hear doctors,@psychos1s.,2026-05-19T20:31:35Z,1,
eEUqCxP5Lvc,UgxbdFS_X44IF2Vm6o54AaABAg,get president china chinese doctor already died china released covid attempting learn everybody,@tristanruby3351,2026-05-14T06:43:32Z,0,
eEUqCxP5Lvc,UgxbdFS_X44IF2Vm6o54AaABAg.AWmJLQRxTcxAaeWdkiiUKZ,prove waiting,@jacksmith-mu3ee,2026-09-12T12:42:49Z,1,UgxbdFS_X44IF2Vm6o54AaABAg
eEUqCxP5Lvc,UgxC4cmNg8Dfpqo_9Z94AaABAg.ANLuEhlh-f0AR3beqVojtP,brother ded,@NoyalaDanei,2025-12-23T06:10:18Z,4,UgxC4cmNg8Dfpqo_9Z94AaABAg
eEUqCxP5Lvc,UgyA6jAg6KHFesWD4Mt4AaABAg,dr lee hero letting know virus passed away hero,@anthonyanthonymorones4226,2025-02-14T05:18:37Z,6,
eEUqCxP5Lvc,UgzquQq43h6Agqx9MHJ4AaABAg,dr li wenliang whistle blower colleague dir ai fen fed dr li vital deadly informanion whistle sender survived pandemic saidly still persecuted,@首席绅士学院,2025-02-06T09:08:24Z,1,
eEUqCxP5Lvc,UgzccNv1-Y9-E4ofBUN4AaABAg,trump would call hero,@JohnnyPreston6699,2024-11-08T11:41:58Z,0,
eEUqCxP5Lvc,UgxWz4jQUIKrtWPGxlV4AaABAg,thank cnn blaming trump pandemic,@ncampos210,2024-06-28T05:53:57Z,2,
eEUqCxP5Lvc,Ugx_y6F0fCHlomr410N4AaABAg,utter nonsense selfrespecting doctor knows story dr li even remotely plausible read sanctioned covid murders explained,@dr.reidsheftalltruthinscie2007,2024-05-24T10:30:50Z,1,
eEUqCxP5Lvc,Ugx6aLOed0K3QNxL-uN4AaABAg,please remember himhes hero,@Eksksmshcywywug,2024-04-07T16:24:59Z,0,
eEUqCxP5Lvc,Ugxpa6aE-rUq_NWaiZp4AaABAg,cannot believe allowed government along china get away killed millions people wont even take responsibility suffering economic fallout trying seize much power possible panic virus engineered caused,@travisdoe4663,2023-12-05T14:31:25Z,2,
eEUqCxP5Lvc,UgwmIQ1_OvCT15j5vq94AaABAg,living today looks perfectly fine oxygen mask intelligence agencies behind source america know since home intelligence agencies never trusted,@jukee67,2023-11-16T17:43:26Z,0,
eEUqCxP5Lvc,UgwmIQ1_OvCT15j5vq94AaABAg.9xBJUUs5qyq9xPhlHsy0aM,passed away,@alexandermercer4473,2023-11-22T07:53:41Z,3,UgwmIQ1_OvCT15j5vq94AaABAg
rgpSC__Nxso,Ugz63ttlE_CgqJkzSVV4AaABAg,nice see mitigated damage,@thedevilsadvocate5210,2023-12-19T17:32:44Z,0,
rgpSC__Nxso,UgzIXWq6PBfYAq_mff14AaABAg,meanwhile hospitals across country slow turned hospital dance studios dr cambell lead dance instructor hospital oregon httpswwwyoutubecomwatchvtbirlfutm,@mikehuggins7692,2023-07-08T16:18:40Z,2,
rgpSC__Nxso,UgymQ2w7UJ_yn6aZziB4AaABAg,watching nobody even wears mask anymore,@mr.minnesota6246,2023-05-17T06:10:58Z,0,
rgpSC__Nxso,Ugzk7RRMaoufr5-OFNJ4AaABAg,real footage shows quiet anyone says otherwise caller conspiracy theorists allergic truth,@Chron-sl4nd,2022-08-10T15:53:24Z,1,
rgpSC__Nxso,UgwFAw8KDumh2xzeFRB4AaABAg,want appreciate dr okosodo giving back life diagnose hiv use dr okosodo herbal medicine got cured totally permanently thanks dr okosodo forever grateful sir httpsyoutubecomchannelucqxcmxo_vfrwctrt_cfw,@drmichaelspelltemple,2022-04-30T01:58:04Z,0,
rgpSC__Nxso,Ugx9zqiCGpIpVkGkwkJ4AaABAg,wish footage inside hospital ship wasnt ever used,@treverwhoever,2021-09-12T23:01:04Z,0,
rgpSC__Nxso,UgwDJbsROkL0J9FBIBR4AaABAg,able get rid herpes virus last year diagnosed herpes virus since late doctor prescription ever since wasnt satisfied needed get virus system going blog find new informations herpes simplex virus came across review lady cured katesharmaakgmailcom contacted herbal foundation guided purchase herbal formula herbal products last weeks helps get rid virus totally whatsapp,@kokumoemma6205,2021-07-30T09:55:26Z,0,
rgpSC__Nxso,UgzeAOFr_QK6QpYIRuR4AaABAg,heroes wear capes god bless,@CaptainKJ92,2021-07-28T09:15:57Z,0,
rgpSC__Nxso,UgxD7VCI44NTL-MFhEh4AaABAg,fake fcuking news hey cnn show us video shitheads caught using dummies covid hospitals,@onyxia2294,2021-03-07T22:51:46Z,1,
rgpSC__Nxso,Ugzv5ZuFWp-wamKFUe14AaABAg,fake news new yorkers telling would come vegas weekend old footage years ago flu season fakenews,@augustineramospodcast5021,2021-02-14T23:15:04Z,0,
rgpSC__Nxso,Ugzgn99VJbs-Yndldk14AaABAg,remember waking every day watching deaths go live,@pure3103,2021-01-13T09:18:35Z,0,
rgpSC__Nxso,UgwXJtqTaKDP_5UQFR54AaABAg,hearing nurses work ny city hospitals people dying droves covid due incompetence staff using certain procedures unqualified nurses running dialysis machines inflating lungs improperly giving antibiotic fibrillating patients bpmso covid killing incompetence ny city probably kill half city covid disappears nightif ever,@raduvladcg4218,2021-01-13T04:04:24Z,1,
rgpSC__Nxso,UgyhFpmkSzPyFiBRqxZ4AaABAg,making mark one day election day good start beginning giving vote much harm nd wave way fixing problem oval office beginning,@snowblade7669,2020-11-03T01:44:39Z,0,
rgpSC__Nxso,UgxESAySREFIzfnjxdR4AaABAg,philippines police pnp tarmy us nogounes aeril oct sep filipino vs tarmy hilccep ahualgario ween maulio heruerlio couenilsa tiliow patuliao dos hil whatterilio copaliria wiheruer one work woherilsad bilasap chuasdial tilem chattilua whater biles hilecep ka haver tilem aonguas heed hay kallow apnine aohilaudia tilow gouns patiuaorlia yeised uer wokideries ashaulapilao hanue wohil ckilerleri aohaplain tiles hay shattile bey chay aohaplain shilow hiliow beri uer ilagainsa god neer yoke whosp wenilo god ay hottepnlein gashuailow world ay tilen good ake suderliop theruerl diasg cad atiluag hilecep new york us tay biliesep berep qeenarilo wekoilasg nauoma wotte hilow apnino whe one whaliop uan free shatulaing wekaspa areen cahouap wekilio nad batualgar dos tier wauriliow havaopaerley whailuap dos tilese cadiaua whacpliauga teruel dourlerias tileser uor waudia ay wheil aoha hediepos teruerlasg wohilep doso thay us tekiler day tulieer one arileria tiarlia work sil ouer ahuliariao world kaspaudia bay whatulain dos whatteplina ther wokeildas dos tilese waua chliow pauine thorleined ariluar b ey one meeu aurlao batter bopil us trump aonah hopcecru ay eaeulier whatturilag woliagahila tilem gunswjust uer kayarilo norouned bow hiderilo world ka woheed ay kilepe uatter one send feedback history saved hile god free bilapinoa haver youner,@jamuelcondez7112,2020-09-10T02:08:40Z,0,
rgpSC__Nxso,UgyAIEzkD3tYzXKATm94AaABAg,totally fake planned pandemic exists corrupt propaganda media outlets cnn msnbc countless others keep pushing fake hoax scamdemic,@BrunoGenovese,2020-09-06T21:26:19Z,1,
91CBoU0GqBM,Ugwh_lOptW2AzNfO_FN4AaABAg,mr cnn virus spreading fast spreading planets even summertime long die,@algator55,2020-07-23T10:41:28Z,0,
91CBoU0GqBM,UgzzIsoGpSUct9KsTHl4AaABAg,wont enough cant even get enough test kits supplies,@debraa.155,2020-07-19T08:03:09Z,1,
91CBoU0GqBM,UgxFuEZjtWW-9ehY01h4AaABAg,im thinking donating small containers rubbing alcohol hydrogen peroxide hospitals year old girl loves help world want donate cup mercy medical center,@baileymccoy2997,2020-07-19T06:59:52Z,0,
91CBoU0GqBM,UgwKdklPE2nNE_O_uP54AaABAg,cnn reporters wearing masks yet want blast president wear mask work arent ladies talking much needed,@jimyocum9556,2020-07-12T16:52:59Z,0,
91CBoU0GqBM,UgzvUhhoL0dEFAh2Rax4AaABAg,cases day san antonio hospitals capacity city utilizing event center reserved community events people wearing masks still gathering warnings,@TM-pj7yu,2020-07-09T18:02:12Z,0,
91CBoU0GqBM,UgxPLbDbLcJnquKmYRJ4AaABAg,yet us first rush opening cities,@TM-pj7yu,2020-07-09T17:55:09Z,0,
91CBoU0GqBM,UgwXN1RHzIaSasCZw194AaABAg,antibody vaccine may last cases people getting reinfected already antibodies dont give immunity long,@Washadamoak,2020-07-09T12:17:31Z,0,
91CBoU0GqBM,UgyRmrBDWLAEIYeILOp4AaABAg,since wearing mask many arrogant people stay away,@chreinisch,2020-07-09T03:39:23Z,0,
91CBoU0GqBM,UgzjPn3pnJisRFnVJdN4AaABAg,basically experts idea talking,@plasticpimps,2020-07-08T21:03:27Z,1,
91CBoU0GqBM,Ugx5hgYha3PtxDitgXt4AaABAg,sewer newsstop sending false narratives people cant think people follow cnn,@radtech6117,2020-07-08T16:12:07Z,0,
91CBoU0GqBM,UgwqnckCsimu0B2Ud294AaABAg,live fl folks let guard soon ever since orange menace got tv stated opening matter people believe every word says matter physical evidence doesnt support claims go shopping always wear mask sanitizewash hands multiple times shop people wearing mask along getting personal space surprising numbers increasing two coworkers confirmed positive past week teleworking covid doesnt discriminate,@puffnstuff12,2020-07-08T09:17:02Z,1,
91CBoU0GqBM,Ugw432EIDMLqIqiJvsV4AaABAg,respiratory deaths ages years old kill annually years kill annually years kill million annually years older kill million people annually take look data ones affect mostly elderly say people dying coronavirus arent dying respiratory disease excuse lump casualties fake pandemic putting people respirators make seem like fighting coronavirus fact prior illness combine total deaths involve respiratory deaths averages million deaths year alone take account cardiovascular deaths average million deaths per year dont see anybody panicking like shit hell collapsing market locking countries implementing stupid childish procedures wake everybody information available searching questioning,@aassaasslamas4932,2020-07-08T07:58:19Z,0,
91CBoU0GqBM,UgyF_xBbonLdpo0tz-Z4AaABAg,told least month wear masks medical community god hell wrong people stupid understand doctor tell blame anyone shut wear masks lets get st going die get program dont comment sick people giving crap anyone,@gloria8027,2020-07-08T06:57:39Z,0,
91CBoU0GqBM,Ugzb-zxx3h4TSdvhu_F4AaABAg,vaccine aint shit vaccine gonna kill much faster,@bananadude9642,2020-07-08T04:08:46Z,0,
91CBoU0GqBM,UgxUskvaCgfcdEGvpVZ4AaABAg,ok people herd immunity,@bananadude9642,2020-07-08T04:07:30Z,0,
91CBoU0GqBM,Ugw6Aw6NBvUKtVrhBzh4AaABAg,never end think virus miraculously going disappear shut economy better hold breath squashed curve going return always large groups people carrying virus,@Velo1010,2020-07-08T03:47:42Z,0,
91CBoU0GqBM,UgzJgtwMmbmJkofjLKp4AaABAg,colonvirus spred farting,@BigDaddy-ti7fh,2020-07-08T01:54:09Z,0,
91CBoU0GqBM,UgyqQWd8z93Uru58IkB4AaABAg,rick walking dead infected,@TheCaitypooh,2020-07-07T21:54:30Z,0,
91CBoU0GqBM,UgxZWGbjxwmVsvgd5Zx4AaABAg,americans scream rights wear masks open economy early well got wanted price,@stephaniebarrett8057,2020-07-07T21:26:58Z,0,
yvW6juGxZQE,UgwokgzPlxB2XTQxupZ4AaABAg,governor cuomo extended stay home order pause may th,@marchoffman6878,2021-10-09T01:17:25Z,0,
yvW6juGxZQE,Ugy6T9CVWOi_jl70AEh4AaABAg,cuomo disgrace without hard work trump administration would vaccine place help us fight covid yet stupid liberals fake news cnn pmsnbc never give president trump thanks respect hard work biden wuss failed nearly task since falsely winning presidency bidenisnotmypresident trumpdesantis,@Psergiorivera,2021-08-16T18:50:14Z,1,
yvW6juGxZQE,UgzRlPLLv-U8usjechJ4AaABAg,good governor simply shutting new york working corona numbers anything getting worse whats really happening,@josem6914,2020-12-31T12:37:05Z,0,
yvW6juGxZQE,UgzpYfgJsvJmMcBZMTN4AaABAg,im doctor people really dying corona nobody saying numbers many people die lung cancer day diseases,@josem6914,2020-12-31T12:34:12Z,0,
yvW6juGxZQE,UgzRr39SICp2m3BF2Y94AaABAg,cuomo complete waste space dictator,@huejasole7350,2020-12-05T14:23:54Z,0,
yvW6juGxZQE,UgzXjiPUykLzcKtRYKN4AaABAg,year million people died malaria world wide cant seem recall shutting destroying economy whats gov dems insight would much appreciated stand gather thoughts,@hoytmantexas,2020-11-19T11:25:19Z,0,
yvW6juGxZQE,UgwvcM4mwXZHzyWy6Ad4AaABAg,year million people died malaria world wide cant seem recall shutting destroying economy whats gov dems insight would much appreciated stand gather thoughts,@hoytmantexas,2020-11-19T11:25:13Z,0,
yvW6juGxZQE,Ugxx9CaocMSuQZbi9P54AaABAg,worst governor new york,@drrodz4968,2020-10-08T00:54:02Z,0,
yvW6juGxZQE,UgwAXfV5JmEB-UD-8iV4AaABAg,purported infection rate ruining new yorks economy stupid remember go ballot box,@robertcummings1096,2020-08-01T09:25:12Z,0,
yvW6juGxZQE,UgzJdRJk_wvL8ojwUtx4AaABAg,cuomo thank trying protect ny love appreciate efforts seems people doesnt get serious mundial issue,@jaddek.astrie3071,2020-07-17T17:23:03Z,0,
yvW6juGxZQE,UgyrS6jlTetaGr7i-k94AaABAg,every one watches cnn dumb brainwashed sheep soon lining microchipped mean vaccinated irrational hatred president,@bhewi1982,2020-07-05T13:41:53Z,0,
yvW6juGxZQE,UgyYLn2jG3v4ipdIVa94AaABAg,dont worry new york youll open us oregon even though deaths day total,@picklesdapug2075,2020-05-04T07:00:42Z,0,
yvW6juGxZQE,Ugz0JhUn2oLcRHpUw8B4AaABAg,multi task find distracted fucking ads chill cnn,@AnotherRandomINFJ,2020-04-26T22:16:34Z,0,
yvW6juGxZQE,Ugy-iVFhqXzjNy1cCRV4AaABAg,thank explain well would please explain give transparency new york state unemployment applications processed reply phone calls access site applied march april many great state obeying shelter place job unemployment benefits although apply please dedicate video issue thank,@ceehenry4581,2020-04-25T21:09:03Z,0,
ibCuZkan4JM,UgxelJMoWH4atgHyD1d4AaABAg,fauci stalin hitler,@JasonHinsley,2025-04-20T14:39:17Z,1,
ibCuZkan4JM,Ugx3YWy3fZm9y0m9SFp4AaABAg,guy probably caused pandemic,@xfoolsgoldx,2025-01-25T07:44:33Z,2,
ibCuZkan4JM,UgzTopP-SDojR7ntL0x4AaABAg,yes think,@SunisaSeeson,2024-09-12T08:21:03Z,0,
ibCuZkan4JM,UgzSl5sh5XPDBtsHsVN4AaABAg,highly respected infectious disease specialists fauci trusted said email thought genetic code covid looked like engineered went forward anyway protect communist china makes fauci criminal liar,@Cback-i3b,2022-11-22T19:38:54Z,3,
ibCuZkan4JM,UgyO1TKbHSOS7NBW-qN4AaABAg,lol voice facts lab leak much darpa says shame person moral character team monsters slave trader tried blow whistle lol funny cause know guys thought would get away pitch forks coming dont fear though cause death isnt worst thing happen next step dimensional creature dimensional vision dimensional universe escaping reality comes next live good life hope dont lie youll fine follow see leads good luck choose wisely,@gregorybordelon4343,2022-01-20T17:27:38Z,1,
ibCuZkan4JM,UgwQ-SOqnDBgj68Vq0J4AaABAg,vaers vaccineimpactcom plandemicseriescom lightonconspiraciescom drvernonvolemanorg dr robert wilner called fauci mass murderer worst hitler aids hiv azt epidemic fiasco backers years ago hes back another virus people worked lab got animals make humans sick also lied tge virus treatment theyre censoring news senator paul rand confirmed team came virus senator dr kary mullins didnt like either thing sicko,@loganvirtue2916,2021-07-18T08:40:34Z,0,
ibCuZkan4JM,Ugw2uEQL7SO0E8jk6714AaABAg,one year later lost step dad,@Nippy-h,2021-06-23T04:38:59Z,0,
ibCuZkan4JM,Ugy0-TAcMSzj95fmq2F4AaABAg,patients given malaria drug feverthe drugs administered gone tests rats also finger printing,@ArunKumar-qe7ul,2021-05-16T10:17:27Z,0,
ibCuZkan4JM,Ugw694MWnIV2I1mm65V4AaABAg,dr falsi cant believe ppl still listen bs outright liar research find really best yet come nothing stop coming bye bye dr falsi biggest liar burn masks burn masks stop listening idiot,@Jfries22,2021-04-12T01:22:51Z,0,
ibCuZkan4JM,Ugxe7V1VRx2Xe0GFzuR4AaABAg,careful patting man back scientist like route problems spend decades developing advancing pathogens giving animals human immune systems helping viruses move one species another protecting us developing potential vaccines things may infect us man isolated hiv three years making public patents covid evolved years due science naturally wouldve taken years man also conflict interest company leading vaccine hes got gag orders whistleblower scientists etc im faithful cnn watcher waiting new president like mad scientists creations escaping labs time tax payer dollars go towards staying ahead viruses treatment advancing smarter systems top infectious scientists show decades service vaccines super bugs,@thecollector3525,2020-05-26T06:02:37Z,0,
ibCuZkan4JM,UgyFcaKUoCx0yEX-OCB4AaABAg,angel death,@scottziegler8094,2020-05-10T20:06:26Z,0,
ibCuZkan4JM,UgwFAAroPmONZ166WFN4AaABAg,covid hoax,@scorpionsreturn1540,2020-05-10T15:47:26Z,0,
ibCuZkan4JM,UgxPGyJUlUaSWpEWzSl4AaABAg,really knew doctor many would change mindthis man manipulative killer find looking information dr judi mikovits,@deromclik,2020-05-09T16:14:11Z,0,
ibCuZkan4JM,UgxREx-S9r-ijXexup54AaABAg,jailhttpswwwfacebookcomvashivaayyaduraivideos,@reneboggio5543,2020-05-08T01:49:45Z,0,
ibCuZkan4JM,Ugz3qlWfoocg8_XKe8x4AaABAg,democratsupporting pos involved infamous wuhan china lab caused outbreak failed let everyone know danger,@nberrios777,2020-05-07T21:49:15Z,0,
r0ForQ9kzzY,Ugyad5Qq_uiG-4e6N9h4AaABAg,little know,@SendSyndicate,2025-08-30T23:04:36Z,0,
r0ForQ9kzzY,UgxX5BbRF9zhp3gv6m14AaABAg,robert j kennedy jr bei querdenken ich sehe hier keine nazis see nazis speaks anti corona faschism rally berlin people httpswwwyoutubecomwatchvldr_jzp,@TokiBruchpilot04,2020-08-30T14:09:12Z,0,
r0ForQ9kzzY,Ugy9lsiFA12CGRtIUQR4AaABAg,delusion try try try come conclusion trump,@shyborc,2020-08-21T16:33:46Z,0,
r0ForQ9kzzY,UgxeG1VQGPxZc_Cu5hB4AaABAg,rump wants us wear mask head cdc send grandchildren school could contained want contain million call leadership million,@aletaadams86,2020-08-18T10:39:34Z,1,
r0ForQ9kzzY,UgwoL04y2PsXpDW68U14AaABAg,good video real experience covid httpswwwyoutubecomwatchvzviksxjmlnwts,@fredrickgibson5896,2020-08-15T04:14:52Z,0,
r0ForQ9kzzY,UgyfHT_TFsmDBvXyXXB4AaABAg,tbh people getting virus sad thing months us get august catching like march april im sorry yall,@baileyryan96,2020-08-11T23:42:16Z,0,
r0ForQ9kzzY,Ugy5TIIdc6SG70UVfQZ4AaABAg,hope biggest polluters hope dead mostly drivers meat eaters,@growup6104,2020-08-06T21:44:30Z,0,
r0ForQ9kzzY,UgzJdu57wgJJ6_DeNuN4AaABAg,media outlets pushing agenda dont tell world deaths misdiagnosed scare people vaccine cause much death looked behold pale horse bill gates whichever one makes sense rider death power given kill rd mankind using war hunger man made viruses,@johncoffey2914,2020-08-06T19:32:20Z,0,
r0ForQ9kzzY,Ugy7Tt4pGTezr6wJw8t4AaABAg,read close carefully coronavirus escape still alive brothers sisters wondering holy god see love want show holy god love holy god smiles glad wonder follow simple steps pray least tree times day stop watching porn stop lying tell truth stop stelling faithful put hope holy god dont close heart someone needs help holy god tell help heart stop lazy get stop cursing people ask holy god help guidance read holy bible dont get drunk dont take drugs dont hurt holy spirit live forgiveness dont hate people matthew jesus christ said shall love lord god heart soul mind matthew first greatest commandment second like shall love neighbor remember every time dont live like attack satan attack satan holy spirit dont give chance show holy god love respect john dont love holy god week month year love holy god life holy god loves life eternity forever end hell people say show trust holy god said trust show trust holy god almighty believe holy god jesus christ hell coronavirus death satan fight holy god almighty life nothing lose everything win holy god blessed mighty holy name pray thank holy lord holy almighty heavens father holy melchizedek holy way holy truth holy life holy lord holy king holy spirit holy jesus christ holy messiah holy alpha omega holy almighty good god thank saving never leve thank protection mercy thank holy lord forgiveness thank holy blood thank brothers sisters around world chosen children child holy heavens good father god pray holy name holy heavens father holy son holy spirit hallelujah hallelujah hallelujah amen,@angelicasvensson2400,2020-08-03T21:33:47Z,0,
r0ForQ9kzzY,UgxJ4_pxzVKeCFuYekd4AaABAg,hang trump supporters know lost way help way dark one prevail truth honesty moral republican values flush trump swamp surrounds republicans values lead darkness god bless america im republican im voting biden biden someday day thank us,@theuber4618,2020-08-03T02:30:52Z,0,
r0ForQ9kzzY,UgwVIK21MLkzNdTRbU54AaABAg,well numbers keep us gain herd immunity time considering real numbers times,@markalford5406,2020-07-29T05:09:43Z,0,
r0ForQ9kzzY,UgwCTPhcAADrg8Mw0LN4AaABAg,god alllie bad im helldid test many people fast get results fast didnt propaganda machine scaring shot people thats hitler tactic bad know history wrong side finished soon,@leehamilton6013,2020-07-29T01:28:58Z,0,
r0ForQ9kzzY,UgzmLVGToDg3d-Qovo94AaABAg,cares many test positive death rates keep dropping,@Speedy55m,2020-07-28T23:39:11Z,0,
r0ForQ9kzzY,UgwJWEwcwcmJJ_wLpBZ4AaABAg,covid pandemic shutdown school churches businesses feel need take action believe covid real exaggerated accurate comes infected deaths covid cdc admitted screwed covid infection counts intentionally misled public apologized clarifying amount people truly infected much lower originally reported makes mess american coronavirus task force also admitted fudging national covid death count dr birx said deaths people died covid covid thus making real death count much lower currently reported people need know need stop living fear media global organizations government agencies mislead public people called us knew along conspiracy theorists turns need open back businesses churches homes falling lies longer fell lies time need wake join army truth seekers fighting front lines admitted transmission virus asymptomatic carriers whole reason lockdown rare could spread showing symptoms cdc confirmed deathrate covid death rate flu shot twice high covid added nearly trillion national debt laidoff furloughed million workers placed million food stamps gone unemployment crippled petroleum industry ruined tourism industry bankrupted service industry caused impending meat protein crisis threatened fined arrested church leaders exacerbated mental health problems shut schools colleges given unbridled power unelected officials increased suicides higher covid deaths denied foster children children parents work even single parent homes right good education denied rights foster children abused children safe delayed surgeries treatments profound illnesses infringed upon countless important civil liberties placed million americans house arrest bill gates placed position influence heavily funding corners make lie happen need start treating lie seriously whole way life stake plans make much worse introducing grand reset beginning th revolution surveillance state control everyone lives essentially strict open air prison tracked nothing private everything decided rights whatsoever resistance welcome new world order dont forget imagine bring future lets together make much different plan us get people involved jailed fraud terrorism inducing sheer boredom lets share riches beautiful world make beautiful place everyone live together abundance peace harmony celebration,@rbrown8695,2020-07-28T16:50:47Z,0,
r0ForQ9kzzY,Ugzy6BvHvnZ6i2yxdK94AaABAg,like dr phillips reminds lot bonnie henry british columbia voice reason kept covid numbers highly respected individual could see dr phillips serving role us theyd let serve role,@chais1111,2020-07-28T03:43:24Z,0,
r0ForQ9kzzY,UgzU5b55ue_EyJY8Tdd4AaABAg,name bianca ngwanya south africa love tell everybody blog status changed hiv positive negative living witness hiv going family lost parents hiv able get pain know medically solution hiv months ago someone introduced native medical practitioner online called drwise showed tests results already diagnosed hiv already taking toll spent thousands rands medicines yet decided try dosage days although didnt believe trying frustration days went new tests wont believe different laboratory results confirmed negative like dream never believe hiv cure want help others anyway included drwises whatsapp number email end message joined many forums posted testimonies lot people contacted drwise also negative using medicine bbc news even published live drwise cure even hepatitis coronary artery cancer herpes hpv asthma diabetes many others everybody saw papers magazines drwises drwaters whatsapp number,@biancangwanya8888,2020-07-28T00:00:46Z,1,
R2ZETF515Ec,UgySPp1-vmnEnCE_l4p4AaABAg,pedophile,@daxsmith6552,2024-09-10T14:29:51Z,0,
R2ZETF515Ec,Ugzhl29tFvT4w-eteSB4AaABAg,evil incarnate biochipping world make slave population,@Whitetigerking88,2022-11-23T00:38:56Z,0,
R2ZETF515Ec,UgyXuJjafSU9uH06bJd4AaABAg,literally says moderna accident company patent spike protein,@Moosetraks21,2022-08-12T06:13:23Z,0,
R2ZETF515Ec,UgzddfC8ZIDbrQH33eh4AaABAg,lying already knows pfizer patented covid vaccine,@charleswesley3642,2022-05-10T00:15:21Z,0,
R2ZETF515Ec,UgxBl7CCRkKG0TFBaSB4AaABAg,bill gates fly jeffrey epsteins private island,@Bigdoingiter,2022-04-16T19:08:41Z,0,
R2ZETF515Ec,UgzqqdoUgGJMT_F5b6x4AaABAg,could started bill pie faced publicly outside court noncompetitive strategies case found guilty microsoft eating small guys face went cant really relate humans cause cant really comprehend fairness mercy sharing anothers perspective truth moment bill done humans part actual world view entirely except inside circle worthiness permitted live coming pandemic turmoil russian roulette foisted upon maybe wrong got feeling footage pie face changed better plebs pay appreciating myness plan makes huge gobs money investment whilst paying back humans make better world foundation done heaps help harm according experienced philanthropy besides pharma scientists governments,@barryblackwood6050,2022-01-24T01:51:41Z,0,
R2ZETF515Ec,UgyWjRR8m27KrsjqYN14AaABAg,also bill gates laughing thats creepiest part program,@jk22222sd,2021-12-11T10:00:22Z,1,
R2ZETF515Ec,UgzAtioL15kAJUbwEGR4AaABAg,bill gates always programs like doctor like heck,@jk22222sd,2021-12-11T09:58:20Z,1,
R2ZETF515Ec,UgxvRsBmeK9ph5RrkuR4AaABAg,understand anchorman ccp asset,@Ferofero8,2021-07-23T04:50:48Z,1,
R2ZETF515Ec,UgxgymfVbZyWLThKlnB4AaABAg,plandemic cornavirus,@enriquefreedom801,2021-06-21T07:10:48Z,2,
R2ZETF515Ec,UgxtaZranNZ49GEJqYV4AaABAg,knows gonna kill everyone look fuckin smirk face,@ceedeeznuts2595,2021-05-17T05:12:45Z,1,
R2ZETF515Ec,UgzTJBEkyeuYVDVzUfJ4AaABAg,hes smiling virus makes money vaccinations wake people bill gates demon,@scottshomo2205,2021-05-15T13:44:21Z,1,
R2ZETF515Ec,UgwjSXCaygGm5jOsAHR4AaABAg,see comments bro know actually bill gates actually,@NavjotSingh-pk4lt,2021-05-09T17:09:54Z,0,
R2ZETF515Ec,UgxOGusDhgojnWzJQkV4AaABAg,people arent lies propaganda anymore crap news network,@auck1969,2021-04-22T19:11:24Z,2,
R2ZETF515Ec,UgzcFOlHIUUNprygFvd4AaABAg,theres thousand votes biggest fraud news organization united states youtube channel shows many people waking frauds psychopaths bill pos gates would anyone trust puke,@auck1969,2021-04-22T19:08:17Z,1,
R2ZETF515Ec,Ugz4g_yAiWZOLO6WcmB4AaABAg,eugenistic sociopath expeted money,@gobacktohell6062,2021-03-27T19:17:07Z,1,
2_o1hvFnteI,Ugxx0TaXWDbLKA1OX-F4AaABAg,whats forehead hair dye,@x3rs3s,2023-11-17T23:55:30Z,0,
2_o1hvFnteI,UgzrGeSv08yr5xCoN7V4AaABAg,cnn fake newspuppets luciferians wants destroy races cultures anything beautiful earth,@albertalbert590,2020-06-25T15:04:44Z,0,
2_o1hvFnteI,UgxsPunflob9ZoKWXA54AaABAg,hahaha truth come wuhan lab virus insertion points done scientist nature let truth told,@Nibiru2012ishere,2020-04-22T14:28:13Z,0,
2_o1hvFnteI,Ugxe17TW8jcHoCmgYaR4AaABAg,cdc errors causes testing delays american death,@kriskris4776,2020-04-19T23:54:36Z,0,
2_o1hvFnteI,UgxEdyVibY7ZBgl4Feh4AaABAg,many us soldiers infected corona virus compare counties,@xindai9949,2020-04-14T02:34:31Z,2,
2_o1hvFnteI,UgzG8AF-IIAvGFf3ID54AaABAg,truth could delivered cambridge research httpsyoutubefbmgxxm,@piano_dreamerc_moll2475,2020-04-13T21:12:48Z,0,
2_o1hvFnteI,UgzG8AF-IIAvGFf3ID54AaABAg.97POVuaUNMp97a0y8pihc5,httpswwwyoutubecomwatchvqozchvefq,@jiafu8719,2020-04-18T09:37:57Z,0,UgzG8AF-IIAvGFf3ID54AaABAg
2_o1hvFnteI,Ugwy1Ify-gmkDZH1Uxt4AaABAg,animals pets carrying nowthey infected also wuhan virus cnn chinese network news shame cnn,@heofthebee,2020-04-11T17:42:38Z,0,
2_o1hvFnteI,Ugy4XRilhd3LU_B3Y_x4AaABAg,man telling public wear mask big mistake thats bad advise people maybe carrying virus know dont show symptoms thing healthy go spread many,@Thomasli888,2020-04-03T08:08:22Z,0,
2_o1hvFnteI,UgxYvSgOa-GB3du0Iip4AaABAg,httpsyoutubevbbrtmru,@NitrojenTV,2020-04-02T12:15:56Z,0,
2_o1hvFnteI,UgwDzR1C2LVAHVWxf4d4AaABAg,like said virus nationalitybut need know truth,@yangwenqing3543,2020-03-22T03:37:48Z,0,
2_o1hvFnteI,UgzH4Fvymse_p0x9x4h4AaABAg,follow trail back gates foundation duh,@TruthExposesEvil,2020-03-20T07:53:12Z,1,
2_o1hvFnteI,UgyTgvEyC7xqT5WEqph4AaABAg,coronavirus first originated united states china tell truth please mistake cdcthey really stop playing super virusestheir research seems taking nowhere risky takes long come vaccine said either intentionally released public population control entirely unintentionalbut isnt pointthe point virus labcreated somebody take responsibility either way new york times reported federal ban lifted making lethal viruses httpswwwnytimescomhealthlethalvirusesnihhtml type research dangerousthe risks way outweigh benefits timescientists simply know enough viruses play around labresearch research understanding dna works may eventually help understanding viruses time knowledge still primitive lack better word coincidence ban lifted research lethal viruses years later faced deadly pandemic im sorry think coincidence see please share message others may informed,@lunalavender9665,2020-03-20T05:14:50Z,0,
2_o1hvFnteI,Ugxfjdsk3Un0Mcwrnal4AaABAg,fake news cnn,@johnhoward8362,2020-03-19T03:23:49Z,1,
2_o1hvFnteI,UgyvroTRG9Nsga-0_Lh4AaABAg,knows shut bio weapon lab last august flu death rises dramatically afterwards biggest military team game participation ever staying hundred meters seafood market chinese lab leak lab leak way know mass test everyone states k cases started long time ago,@edwardlaw797,2020-03-18T17:52:52Z,0,
2_o1hvFnteI,Ugz3CphuEcMf8MvhzV14AaABAg,transmissibilty isnt fucking moron times contagious,@mattm7426,2020-03-17T10:12:04Z,0,
2_o1hvFnteI,UgyH05NDmPmJjuA5Gml4AaABAg,patient next travis airforce base military think,@trwdaughterjewelofyhvh,2020-03-16T23:02:37Z,0,
2_o1hvFnteI,UgznuejXdYc-NS1qqrR4AaABAg,amazing media thinks know doctors would like media state source state public wash hands appropriately shouldnt human touch masks needed shutting borders needed trump taking seriously would like note nwo gasping control attempting cripple us economy americans falling bs shut msnbc cnn fox fcc licenses taken away fooled,@michaelmackesy8166,2020-03-16T15:18:06Z,0,
sXpIrDGXeTg,Ugys4CUo7bk_pimeDGh4AaABAg,httpsyoutubecomchannelucwfjucasuxmlxrsolgfprg,@mindfulnesswiththesimplici4118,2022-10-20T13:56:09Z,0,
sXpIrDGXeTg,Ugy7Z5Of0Puc-w-qTVx4AaABAg,january things better arent coming anytime soon normal never life would predict sad elderly passing away times global trainwreck,@chrislim7976,2022-01-24T06:21:29Z,0,
sXpIrDGXeTg,Ugxvva_VFd6K_o7EwHt4AaABAg,topic video interesting read book mental health issues pandemic arthur hill oswald howard amazon amazon,@sergeymamaev2788,2021-03-25T19:52:41Z,0,
sXpIrDGXeTg,UgwmeDvFpkzV1BEyfDl4AaABAg,try video cope pandemic anxiety httpsyoutubebkofbvaljg,@fdp809,2021-02-28T21:57:56Z,0,
sXpIrDGXeTg,Ugx4yup7_fXljIe8xPx4AaABAg,death counts trump feel like ive hit emotional semitruck thank universe biden harris dont make antidepressant four years much hate lack empathy,@lorichaudhry7290,2021-02-27T13:44:58Z,0,
sXpIrDGXeTg,Ugwzciefule6ehdb6UB4AaABAg,pain suffering small compared whats coming lots sadness despair lots soft pussies killing good,@animalanimal7939,2021-01-19T17:40:13Z,0,
sXpIrDGXeTg,Ugy0948AbtSIA4mSLC94AaABAg,watching months later lmao,@user-wx1de4nk7l,2021-01-14T05:58:55Z,0,
sXpIrDGXeTg,UgzaJbXs7Ff2m5nErTt4AaABAg,wish help everyone stress anxiety helped lot people back normal life stress difficult contacting difficult help rohullahibrahimgmailcom,@rohullahibrahimi9669,2021-01-07T07:27:02Z,0,
sXpIrDGXeTg,UgyUodsU5WzQ0dXOE4J4AaABAg,see gonna go option left creating coping mechanisms commu phrase,@alaiaadam5767,2020-12-09T18:19:42Z,1,
sXpIrDGXeTg,UgzERKmEBXpRkMFKq5d4AaABAg,people many us alone pandemic far away families lets others families times one love,@Kunoichi4ever4,2020-09-22T18:42:39Z,1,
sXpIrDGXeTg,UgxDbqiREvhKtQKsdGZ4AaABAg,stay strong everyone got,@Wheatstonebridge,2020-09-22T16:05:28Z,0,
sXpIrDGXeTg,UgzX-qSP4M804V4zZwZ4AaABAg,dont love asthma,@ragerider1392,2020-09-17T06:45:38Z,0,
sXpIrDGXeTg,UgyntOlpUZhO-s3oumh4AaABAg,httpsyoutubectpahkwvufq please watch,@starin08,2020-09-04T09:24:40Z,0,
sXpIrDGXeTg,UgyXWQ2ToEtnbwRocet4AaABAg,best way dont watch cnn,@DontUseWep,2020-09-02T17:02:19Z,0,
sXpIrDGXeTg,UgxwBl7-zH_TKN9c31F4AaABAg,unclutching meditation help keep physically mentally fit active pralaya catastophe give superconscious breakthrough survive pralaya catostrofy hdh nithyananda paramashivam july learn unclutching tinyurlcomunclutchinginfo join us unclutching meditation,@higher144,2020-07-13T14:28:19Z,0,
A_rMCaYkk68,UgwBqtMI2V2YBfPwzWR4AaABAg,love graph guys using youre showing rise fall covid cases pretty neat cnn guys profits last years comparison covid profits,@tazpupper7828,2021-11-27T13:16:02Z,0,
A_rMCaYkk68,UgyQcoVyuTAZGIlnRPJ4AaABAg,rest peace united states america born died july march remembered many loved succumbed injuries sustained mainstream generated disease known fear porn last breaths cried help laid drew last breaths people closest became afraid ran hide faces fear could feel air,@red_pillino,2020-11-29T16:13:39Z,0,
A_rMCaYkk68,UgxYNBasYhAn3Zf1D1d4AaABAg,looks like china playing game possible every country facing increasing cases origin getting affected also second wave come suddenly highest spread rate something fishy isnt,@rd8872,2020-11-05T10:44:21Z,0,
A_rMCaYkk68,Ugz9ULm4JZoA9VTk-CV4AaABAg,husband dumped another woman months ago caught affair someone else insulting want back life refuse contact confuse dont know visited internet help saw testimony spell caster call dr godfather help get ex back contacted dr godfather explain problems cast spell assure days ex return greatest surprise nd day boyfriend came knocking door beg forgiveness happy love back get married thank helping get love back love spell truly perfect truly talented gifted continue publish name net good work need help contact email drgodfatherspellcastergmailcom whatsapp dr godfather also help love spell win ex back fruit womb promotion spell protection spell business spell good job spell lottery spell contact get problem solved email drgodfatherspellcastergmailcom whatsapp,@drosaba5404,2020-10-17T20:08:51Z,0,
A_rMCaYkk68,UgxTymAtxrcoRGKibhx4AaABAg,democrat leader persecuted family money,@jonasmarlique3083,2020-09-19T05:39:59Z,1,
A_rMCaYkk68,UgxCDGLJo6Yid5DVxVd4AaABAg,world health org said percent americans would eventually get gonna flatten curve cant stop virus unless world wide scale never contact anyone kids would die would starve want bow fear scary bad heart attacks suicide car wreaks among many bow whatever media says dont let kids go school mean almost kids died virus suicide takes many death sucks ends justify means think americans die normally every week america wake lemmings,@randihopper5451,2020-09-17T00:17:48Z,0,
A_rMCaYkk68,UgxnLI2R77SGV3d-1sd4AaABAg,works well take coleslaw grapefruit juice simple abc yet works ingredients strengthen lungs liver kill virus grapefruit juice natural miracle drink powerful boost immune system however take grapefruit juice together medication space grapefruit juice medication apart hours try protection virus cure stage theres nothing lose try remedy method,@michellelow4004,2020-09-09T07:44:30Z,0,
A_rMCaYkk68,UgzegffGtGk1X3v2DQB4AaABAg,germany london new zealand waking fake news false lockdowns cnn fake mainstream media,@Forbidden33,2020-08-29T15:32:10Z,0,
A_rMCaYkk68,Ugykjet5_b1_eOn3fA94AaABAg,know lie report cnn,@markgriff9053,2020-08-03T21:08:26Z,0,
A_rMCaYkk68,Ugz2BQPk7bE67tWoMJh4AaABAg,fake news,@6958921,2020-08-03T01:45:13Z,0,
A_rMCaYkk68,UgyIH7A55Ht9MST017R4AaABAg,fauci us never got virus control stood next tiny months ago said nothing someone please ask long term damage people life give facts unless asked,@mariocastro7379,2020-08-01T21:11:15Z,0,
A_rMCaYkk68,UgzfoPtf2Z2MF4iHbQx4AaABAg,america end world leading super power lost every countrys respect trust simplest test humanity proved iq far low nation,@ApeX_Revolution,2020-07-27T17:06:46Z,0,
A_rMCaYkk68,UgxKcFiT-RYsLPCBeiJ4AaABAg,total garbage albiet also exagerrated erroneous cdc reported weekly covid death counts us dropped peak april th july th left wing charade time stop spreading fear misinformation causing billions damage partisan fueled bs httpswwwcdcgovnchsnvssvsrrcovidindexhtm httpswwwcdcgovnchsnvssvsrrcovidindexhtm,@ed1743,2020-07-22T18:27:29Z,0,
A_rMCaYkk68,UgyQPU6BWdmNbQ4L-o14AaABAg,doubt even close chinas oh wait forgot communist news network,@justanormaldefaultpfp9309,2020-07-20T12:52:57Z,0,
rXzD2XZFwQY,Ugwm0x1_Czfki4aG80N4AaABAg,literally worked trump comanche nation,@thechiefwildhorse4651,2026-05-29T22:24:50Z,0,
rXzD2XZFwQY,UgyXrhSxWQODsoWdi_94AaABAg,whos,@nationwithinnation,2025-08-25T01:21:20Z,0,
rXzD2XZFwQY,UgxgikJyt1eS9U7V6al4AaABAg,guy doesnt mind ruining lives thats fact conspiracy theory,@HISIAM888RUHIS888,2025-06-29T22:11:59Z,0,
rXzD2XZFwQY,UgyLcl4ZzpNNGT8kPZB4AaABAg,conspiracy news network,@someguy2972,2025-04-10T15:54:59Z,0,
rXzD2XZFwQY,Ugxpihx7ToUJ3k3X6Rx4AaABAg,unfortunately conspiracy theories nonsense seem coming true months sadly regular news mostly nonsense remember safe effective yeah,@harrietcanary2470,2023-08-25T22:50:43Z,3,
rXzD2XZFwQY,UgxjUiPaeuBWudJqYs94AaABAg,crazy video wont play,@MR.SNEAKERScustoms,2023-08-23T05:06:33Z,0,
rXzD2XZFwQY,Ugy8YTUWUNfp8RzEPE14AaABAg,ignorance bliss esp sheep ppl talk asses zero proof truth rather destroy families cuz thats easier research many stupid ppl first last word society forget innocent proven guilty way around theyre reason constitution destroyed stupidity ignore facts,@merceddominguez5993,2023-07-31T01:05:53Z,1,
rXzD2XZFwQY,UgxdlAo6Z35mrVv8NGd4AaABAg,hope losers come back reread comments comments others time passes see much closer allegation come george webb investigating long anyone else information available plotted coverup challenged investigative journalist wouldve watched videos wouldve seen right expose gain function conducted chapel hill exposed fort detrick cia bio weapons lab exposes woman part security detail nato officer revealed attendance military world games wuhan china mid late october sampling facts george webb provided anyone else script written world population deniers many considered operatives cnn involved damage control salvage agenda global depopulation dress rehearsals well known among communists come,@petrokrasnov2967,2023-07-16T12:58:05Z,1,
rXzD2XZFwQY,UgzOf9H_4nwG-0AKxm14AaABAg,cia came wthe term conspiracy theory enough said,@icydawn4257,2023-06-04T14:26:23Z,3,
rXzD2XZFwQY,UgyNwFq9zcFWdjRrFCF4AaABAg,ha ha cnn bullshit dumb ignorant dwindling audience,@MrCheswickMusic,2023-04-16T09:52:48Z,1,
rXzD2XZFwQY,UgwSJtLpVjISMAQc18l4AaABAg,conspiracy theorists true heroes,@benjaminjoeBF3,2023-04-09T09:53:06Z,0,
rXzD2XZFwQY,UgwvphsWzOrcF7Rcq2R4AaABAg,china blaming us us sponsoring gain function research china,@meisievannancy,2023-04-02T02:33:12Z,2,
rXzD2XZFwQY,UgyJfTlF-QWANB-Yjt14AaABAg,another cnn fake news b laws stop anything done red flag meaniñg cant proven false period kill effing messenger usual credibility anymore,@jamesmceraghan9165,2023-03-13T13:48:08Z,1,
rXzD2XZFwQY,UgxwOGIkJVAzX4R9L5F4AaABAg,im back several years conspiracy theories censored canceled true masks made difference virus engineered stupid scientists vaccine effect infection transmission made billions dollars corrupt corporations media stupid corrupt government authorities leaders stupid corrupt shame morals remorse repentance,@giannihatzianmevris1861,2023-03-08T09:46:16Z,3,
rXzD2XZFwQY,UgwpQ7B3Nr2z9JrMCh54AaABAg,believe conspiracies believe elite pushing nwo total control bible says one world govt antichrist require people get mark buy sell dont believe conspiracy theories dont believe woman patient want us arguing issues called divide conquer want get bad people beg solution suppose cv could engineered planned maybe come bats dont know maybe vaccine dangerous open enough discuss opinions respectfully hear agree dont believe media biased individuals discussing one another think inform us going mainstream media tell us want us think lastly establishment think done put ridiculous sounding theories gaslight people like gaslight whistle blowers,@carltonpiercey9220,2023-01-25T16:17:02Z,3,
5RunFCEZh_4,UgwFjDiee0bCIyVogsF4AaABAg,south africa variant guys completely miss part doctor discovered said mild bullied say dangerous strain refused said mild south africa must deadly uk guys choose remain idiotic continue push agenda bottom line enjoy south africans arent falling remedy,@PebbleBeachLife,2022-09-29T02:51:10Z,0,
5RunFCEZh_4,UgyTRBhYNyTwUxsqEUZ4AaABAg,good news want get vaccine fight coronavirus like ebola country india available african countries like angola would available one year world health organisation declared global world pandemic,@ayushkumarnayak463,2021-03-12T03:47:03Z,0,
5RunFCEZh_4,Ugw7iKcP96Oq72AxBwl4AaABAg,relieve therapeutics rlftf aviptadil rlf renamed zyesami natural peptide already bodies vip vasoactive intestinal peptide stops replication covid virus needle vaccine administered iv inhaler presently ongoing inhaler trials america europe fda results patients worst case scenario success rate patients severe covid two additional diseases hospital icu respirator respiratory failure failure covid treatments patients stay hospital icu cut imagine benefits treatment patient normal case covid fda eua emergency use authorization fda approval coming soon compassionate use information america contact neurorxcom brpa,@fredbarney1849,2021-03-08T16:02:17Z,0,
5RunFCEZh_4,UgwTFJRWljgS0vzbjyt4AaABAg,despite economic crisis still good time invest gold crypto,@user-ed6rs2le3o,2021-03-06T10:46:52Z,8,
5RunFCEZh_4,UgwTFJRWljgS0vzbjyt4AaABAg.9KYGoeQ9uWe9KYH1sHJ0u4,rich spend less invest,@vd5575,2021-03-06T10:48:49Z,0,UgwTFJRWljgS0vzbjyt4AaABAg
5RunFCEZh_4,UgwTFJRWljgS0vzbjyt4AaABAg.9KYGoeQ9uWe9KYH7cdq_78,benjamin clinton youre right think gold crypto best invest right,@ebubechukwueze2570,2021-03-06T10:49:36Z,0,UgwTFJRWljgS0vzbjyt4AaABAg
5RunFCEZh_4,UgwTFJRWljgS0vzbjyt4AaABAg.9KYGoeQ9uWe9KYHAkKEYyl,golds good crypto better,@rickygutierrez7246,2021-03-06T10:50:02Z,0,UgwTFJRWljgS0vzbjyt4AaABAg
5RunFCEZh_4,UgwTFJRWljgS0vzbjyt4AaABAg.9KYGoeQ9uWe9KYHDewUgn5,wanted trade crypto got confused fluctuation price,@stevenwilliams1490,2021-03-06T10:50:25Z,0,UgwTFJRWljgS0vzbjyt4AaABAg
5RunFCEZh_4,UgwTFJRWljgS0vzbjyt4AaABAg.9KYGoeQ9uWe9KYHMY31jXR,richard lomasi heard strategies really good,@stevenwilliams1490,2021-03-06T10:51:38Z,0,UgwTFJRWljgS0vzbjyt4AaABAg
5RunFCEZh_4,UgwTFJRWljgS0vzbjyt4AaABAg.9KYGoeQ9uWe9KYHgwmuJn3,richard lomasi contact mr lawrence smith,@stevenwilliams1490,2021-03-06T10:54:33Z,0,UgwTFJRWljgS0vzbjyt4AaABAg
5RunFCEZh_4,UgwTFJRWljgS0vzbjyt4AaABAg.9KYGoeQ9uWe9KYI-adBrKz,richard lomasi thanks info get started right away,@stevenwilliams1490,2021-03-06T10:57:14Z,0,UgwTFJRWljgS0vzbjyt4AaABAg
5RunFCEZh_4,UgwTFJRWljgS0vzbjyt4AaABAg.9KYGoeQ9uWe9KYIVn-Hg9V,everyone mr lawrence smith must say special talented bitcoin,@mikesatoshicryptos3510,2021-03-06T11:01:38Z,0,UgwTFJRWljgS0vzbjyt4AaABAg
5RunFCEZh_4,UgwTFJRWljgS0vzbjyt4AaABAg.9KYGoeQ9uWe9KYIiG6D-8e,sophia white ive heard many brokersi hope help,@mikesatoshicryptos3510,2021-03-06T11:03:29Z,0,UgwTFJRWljgS0vzbjyt4AaABAg
5RunFCEZh_4,UgyR5mZ0j_KNBkyacNR4AaABAg,decline johnson johnson vaccine johnson johnson trust worthy company many lawsuits,@Garcia7356,2021-03-06T01:51:52Z,0,
5RunFCEZh_4,UgydXYgrGrhsoXFcyw14AaABAg,relief therapeutics rlftf aviptadil rlf renamed zyesami natural peptide already bodies vip vasoactive intestinal peptide stops replication covid virus needle vaccine administered iv inhaler presently ongoing inhaler trials america europe fda results patients worst case scenario success rate patients severe covid two additional diseases hospital icu respirator respiratory failure failure covid treatments patients stay hospital icu cut imagine benefits treatment patient normal case covid fda eua emergency use authorization fda approval coming soon compassionate use information america contact neurorxcom brpa,@fredbarney1849,2021-03-03T11:59:18Z,0,
5RunFCEZh_4,Ugx0D0wQujNdLrTVQBF4AaABAg,relief therapeutics rlftf aviptadil rlf renamed zyesami natural peptide already bodies vip vasoactive intestinal peptide stops replication covid virus needle vaccine administered iv inhaler presently ongoing inhaler trials america europe fda results patients worst case scenario success rate patients severe covid two additional diseases hospital icu respirator respiratory failure failure covid treatments patients stay hospital icu cut imagine benefits treatment patient normal case covid fda eua emergency use authorization fda approval coming soon compassionate use information america contact neurorxcom brpa,@fredbarney1849,2021-03-03T11:55:53Z,0,
5RunFCEZh_4,Ugy0NXVk8SJBBp4ERSZ4AaABAg,treat like sports channel,@user-yl6yy2yj3n,2021-03-02T15:43:36Z,0,
5RunFCEZh_4,UgzdlAxQssKXXSggPyd4AaABAg,delight lord give desires heart,@thewatchman7492,2021-03-01T02:06:23Z,0,
5RunFCEZh_4,UgwF-rk_3FeUwTMr42R4AaABAg,thank trump warp speed getting vaccines fast,@mahaffer71,2021-03-01T01:52:45Z,0,
5RunFCEZh_4,UgzJek_QS2KCPYbX_A54AaABAg,china nurtured network,@chriscorbin1055,2021-03-01T01:50:43Z,0,
5RunFCEZh_4,Ugx0uKcEHGjLKNzyb2l4AaABAg,cnn change title last time words used caused insurrection,@oakdagoat9911,2021-03-01T01:49:10Z,0,
5RunFCEZh_4,UgwiQFsYjbSAOA2gWe14AaABAg,new strains california new york unaffected vaccine get ready people go itll get ugly,@veeeevo,2021-03-01T01:47:31Z,0,
5RunFCEZh_4,Ugyr-7_Z16gmmG0VyEZ4AaABAg,many americans biden cuomo kill today thats need know,@GotoHere,2021-02-28T17:37:19Z,0,
5RunFCEZh_4,UgxWj1VWHygHegrtj954AaABAg,still dont understand vaccine way get lockdown,@edsknife,2021-02-27T22:22:47Z,0,
5RunFCEZh_4,Ugzs5DJ4cotNoQIjJEB4AaABAg,vaccine genome therapy substance consequences taking unknown might affect life longer run rolling sleeve,@waystation,2021-02-27T11:17:28Z,0,
5RunFCEZh_4,UgxtAm0hdD3WbkXnAed4AaABAg,get pandemic humanity demand end manmade viruses better understand truth vaccination programs read bioattack alert dr robert b strecker medical doctor phd pharmacology said proof vaccines cure anything,@johnburns2510,2021-02-26T19:49:31Z,1,
5RunFCEZh_4,UgzcIFsRyfpZJjllPZp4AaABAg,usa vaccines worse pfizer killing people,@tukaidas1272,2021-02-26T17:22:10Z,0,
zzLmzHOiYcE,UgyQFFyQ8Q9lp8GCbCZ4AaABAg,lies underlying motives media elite k died us covid everyone else died something else covid covid k died last year seasonal flu werent wearing masks shutting economy,@Titus2_13,2020-09-04T18:58:10Z,0,
zzLmzHOiYcE,UgxXo44QhhFKTbBrj_54AaABAg,cnn see forbes article government corruption worst disabled veteran nurse fighting alone someone please help veterans deserve better bendobsonyahoocom,@bendobson216,2020-08-04T10:54:16Z,0,
zzLmzHOiYcE,UgxXo44QhhFKTbBrj_54AaABAg.9BwFYXoIEL99BwG2XJNckx,codeveloper ebola protocol covid veterans hospital got life ruined va standing patients veterans anyone please help,@bendobson216,2020-08-04T10:58:38Z,0,UgxXo44QhhFKTbBrj_54AaABAg
zzLmzHOiYcE,UgyFXw9vmEKWvr_bBft4AaABAg,type trump youtube search type bernell trammell activist supports trump see reporting,@sterileprocessingdepartmen5926,2020-07-27T11:59:39Z,0,
zzLmzHOiYcE,UgxIPlgMnZvhJhFxbk14AaABAg,httpsyoutubeqtztuizx,@udawyma1682,2020-07-24T17:29:57Z,0,
zzLmzHOiYcE,UgxlIljeBRp8gFBPGRB4AaABAg,behalf entire medical profession let known gupta needs medical license revoked even medical laboratory technologist knows corona virus common cold virus regardless various strains pcr test run every day day long god knows medical professionals know medicalsurgical mask mere fact medical doctor willingly participate psychological operation promote greatest fraud world history needs arrested crimes humanity virus fraud pcr test fraud mask fraud,@eddieallen8271,2020-07-15T18:58:40Z,0,
zzLmzHOiYcE,Ugz9vwliU4MYmplH0zh4AaABAg,communist news network propagandists,@kamislaran4970,2020-07-02T00:38:12Z,0,
zzLmzHOiYcE,Ugx1RgR-xs1YiBcD_Sd4AaABAg,mandatory stay homeplus contact tracing must,@sailtheseaoflife218,2020-07-01T15:53:04Z,0,
zzLmzHOiYcE,UgwI6Zf9GHVhJGQdKZ54AaABAg,edward l bernays said way better conscious intelligent manipulation organized habits opinions masses important element democratic society manipulate unseen mechanism society constitute invisible government true ruling power country governed minds molded tastes formed ideas suggested largely men never heard logical result way democratic society organized vast numbers human beings must cooperate manner live together smoothly live together smoothly functioning society almost every act daily lives whether sphere politics business social conduct ethical thinking dominated relatively small number personswho understand mental processes social patterns masses pull wires control public mind sanjay gupta sellout liar lap dog ters actually hate americam people beware fellow humans nothing good truthful coming main stream media,@nadineblack8102,2020-07-01T02:48:05Z,0,
zzLmzHOiYcE,UgzT9hQpcGeO6CIzD7l4AaABAg,dthe answer god repent live,@oragray1247,2020-06-30T17:48:58Z,0,
zzLmzHOiYcE,UgzoOIFE4KagOlXYRwd4AaABAg,murderedshot atcriticized betrayed anything take us downin days americans contract die sort movement undermine way lifethis fourth july celebration starting appear likeif people unite soon,@usa165,2020-06-30T14:50:07Z,0,
zzLmzHOiYcE,UgwfvrJLL6Yjy-U2bVl4AaABAg,younger people catching virus theyre dumb shit like partying well soon start see rises among older populations dumbasses give virus parents grandparents people stores,@mvvagner,2020-06-30T03:34:46Z,0,
zzLmzHOiYcE,UgzU_BLpE4u4yZNUdnV4AaABAg,live texas exposed someone covid idea husband exposed days later local officials areas wanted contact tracers governor abbott said wanted hsds also went school contact tracer possibly help communities luck,@tammyslaughter9587,2020-06-29T20:29:14Z,0,
zzLmzHOiYcE,Ugw42u1TL70jM0DpVJJ4AaABAg,agree much dr gupta says always comes vain,@xelakram,2020-06-29T18:14:24Z,0,
zzLmzHOiYcE,UgztCYNvOxJCif6s7n54AaABAg,contact tracing bluetooth push notification,@WatchedAllTheVideos,2020-06-29T16:52:46Z,0,
zzLmzHOiYcE,UgwTWhxbCJhbI4HrTXx4AaABAg,isnt gupta proof systematic racism,@Jeff-kw8jj,2020-06-29T16:06:14Z,0,
zzLmzHOiYcE,UgzZTf1YxUGjyw8i3BJ4AaABAg,people starting testeddont confuse positive test active case however demographic real issues httpsnewspsuedustoryresearchinitialcovidinfectionratemaybetimesgreateroriginally,@Jeff-kw8jj,2020-06-29T15:57:02Z,0,
v_vDjR5zBDk,Ugz5X1Jpv02TWvma2cV4AaABAg,httpsyoutuberoqcslng,@savinavina4580,2020-04-29T18:42:24Z,0,
v_vDjR5zBDk,Ugxe7xrSxLKrLyMIP3R4AaABAg,virus doesnt like heat last time checked humans warmblooded know people act cold give break,@SemperFiMarines1775,2020-03-17T00:27:36Z,0,
v_vDjR5zBDk,UgyDWVGl25_EAI0P5814AaABAg,italy closes borders msm liberal left doesnt freak trump closes borders hell breaks loose msm liberals citing racism xenophobia bunch nonsense never mind fact trump trying take care americans decrease spread virus democratic president closed boarders everyone would fine double standard demos ya,@jeremycarter,2020-03-15T19:07:35Z,0,
v_vDjR5zBDk,Ugwnr_S6RRPRaGTShEl4AaABAg,bullshit agenda depopulation starts government runwake people,@tonyevans3139,2020-03-14T20:27:16Z,0,
v_vDjR5zBDk,UgxBs2V6LpjlItlU3_J4AaABAg,coronavirus eventually stop heard thoughts governments media religions turmoils world wild fires pestilence angel death coronavirus said calamities stop please listen message lord jesus mount zion heavenly jerusalem catastrophes based prophecies words god long letter worth reading know future end time isaiah come people enter chambers shut doors behind hide little moment indignation past behold lord comes place punish inhabitants earth iniquity earth also disclose blood cover slain isaiah therefore mockers lest bonds made strong heard lord god hosts destruction determined even upon whole earth lord god holy bible god religions portrayed government laws commandments lord god sent moses prophets disciples lord jesus write ways righteousness filled laws commandments statutes justice equity love mercy forgiveness way life lord god commanded people earth live order maintain eternal life peace earth persistent rebellion towards laws commandments lord jesus holy father appointed judge world come great wrath punish disobedient ones make places earth desolate ezekiel son man land sins persistent unfaithfulness stretch hand cut supply bread send famine cut man beast nowadays governments behave pharaoh businesses taskmasters days moses placed children israel people zion debt forced work hard without rests isaiah therefore says lord people taken away nothing rule make wail says lord name blasphemed continually every day meanwhile ungodly people given freedom influence children god commit sins hollywood movies filled hearts minds sexual lusts violence causing worlds population grow beyond outbalance natural food supply increase social problems abortion divorce rape case teenage pregnancies infants born wedlock violence made streets unsafe expanded prison cells used tax money stop crimes media exaggerates situations put everyone fear helping one another greatest offense modern christian religion teaches children god reject teaching law moses name lord jesus lies smoke nostrils god fire burns day psalms things done kept silent thought altogether like rebuke set order eyes consider forget god lest tear pieces none deliver whoever offers praise glorifies orders conduct aright show salvation god isaiah behold name lord comes afar burning anger burden heavy lips full indignation tongue like devouring fire breath like overflowing stream reaches neck sift nations sieve futility shall bridle jaws people causing err lord god use trees pattern everyone earth must live order achieve peace eternal life without tragedies deaths trees gave food shelter oxygen purify air free charge reward lord god flood lava fire disease cannot stop tree achieving eternal life cut tree grows back job hope tree cut sprout tender shoots cease though root may grow old earth stump may die ground yet scent water bud bring forth branches like plant man dies laid away indeed breathes last words god said take away wicked king throne established righteousness modern christian religion need start teaching law moses faith christ obedience towards law moses brings peace healing earth hollywood needs stop corrupting ancient good habits people earth destroying brotherly love hearts one another countries governments businesses must forgive releasing national personal debts debts cause children god people world work harder governments employers must give workers sabbath days sabbatical year celebrations resting holy days commandment lord god israel renews strength workers farming lands following years come workers must employers three days week four days used build relationship god family neighbors friends good deeds called righteousness god isaiah work righteousness peace effect righteousness quietness assurance forever isaiah thus says lord keep justice righteousness salvation come righteousness revealed prophecy foretold lord jesus stop bringing worldwide catastrophes disobedient ones perish children god learn submit righteous holy life commanded children israel lord jesus time expanding space kingdom god called mount zion heavenly jerusalem righteousness peace reign everlasting time isaiah judgments earth inhabitants world learn righteousness people mount zion longer suffer poverty sickness death live long tree mansions free charge natural food grow abundantly everywhere even without farmers women suffer sleepless nights taking care newborn babies infants grow young children days children long enjoy childhood life hundred years turn teenagers sun give lights seven days sweet eyes look upon streets filled aged people young looks lord jesus calling everyone part kingdom god learning righteousness mount zion micah make lame remnant outcast strong nation lord reign mount zion even forever children zion process building mount zion heavenly jerusalem teach righteousness lord god lord jesus free charge righteousness god stops sins mind heart acting please donate heart establishment mount zion heavenly jerusalem temple earth isaiah many people shall come say come let us go mountain lord house god jacob teach us ways shall walk paths zion shall go forth law word lord jerusalem mount zion heavenly jerusalem church firstborn spirit bride gabriel riah messenger covenant lord jesus,@voiceofBridegroomandthebride,2020-03-14T18:28:51Z,0,
v_vDjR5zBDk,Ugw-HhIbnUQc3nwiONV4AaABAg,far covid cases worldwide deaths cdcs estimates million illnesses hospitalizations happens every year flu us without sensationalized,@54mikecano,2020-03-14T18:13:30Z,0,
v_vDjR5zBDk,UgycMGfaLzhXI4qMYzB4AaABAg,vaccine medications treat flu really doctor fake news,@RealMarcosMiranda,2020-03-14T15:26:49Z,0,
v_vDjR5zBDk,Ugy1Bi3Du6DX180vqfF4AaABAg,youre stuck home laugh healthy httpsyoutubeyugeyhbxoy,@robertqfrank8848,2020-03-14T12:01:18Z,0,
v_vDjR5zBDk,UgxMRiO82f_ZdEqCkJJ4AaABAg,dont buy pizza pasta stay away horse meat italian restaurants,@akbarmohammed4eva,2020-03-14T00:14:25Z,1,
v_vDjR5zBDk,UgxMRiO82f_ZdEqCkJJ4AaABAg.969te2ysIbL96foup3psdh,rubbish proven italian food susceptible viruses,@akbarmohammed4eva,2020-03-26T19:07:57Z,0,UgxMRiO82f_ZdEqCkJJ4AaABAg
v_vDjR5zBDk,UgxMRiO82f_ZdEqCkJJ4AaABAg.969te2ysIbL96l-sRSdbMP,know true italian food dirty delicacies include maggot cheese stuffed mice mince spleen sandwiches list goes,@akbarmohammed4eva,2020-03-28T19:28:41Z,0,UgxMRiO82f_ZdEqCkJJ4AaABAg
v_vDjR5zBDk,UgxFKkl0URmJznAqL3J4AaABAg,hi cnn made mistake telling italy country coronavirus began follow international news know first china arrived europe first germany france third arrived italy dont confusión beacuse already many fake news consider countries havent declare real situation coronavirus thanks,@selinasabrina9439,2020-03-13T21:18:36Z,0,
v_vDjR5zBDk,UgyuA2tZRaiqw23oMVx4AaABAg,ever master minded evilhappy new year,@victorrubahimbya1124,2020-03-13T19:35:28Z,0,
v_vDjR5zBDk,UgweUEIzRgBgYa5p6z14AaABAg,comfortable beginning,@reosalves6121,2020-03-13T16:02:01Z,0,
v_vDjR5zBDk,UgwYBJY30rwjiqQUmMV4AaABAg,china must pay must dont agree trumpers racist individual chinese people mainstream media refusal hold chinese authorities accountable crack information jailing journalists medical experts reporting situation equally dangerous reprehensible wet markets dont exist poor people eatpoor people dont eat pangolins exotic endangered animalsrich chinese whose absurd ideas health like eating shark fins etc help themnotonly lead super virus put millions endangered species risk hold china accountable dont let shift narrative sew misinformation,@sammyttheg412,2020-03-13T13:18:11Z,0,
v_vDjR5zBDk,UgwM937pEpe7lnPP6y94AaABAg,moringa seamoss bladderwack look herbs well,@Wayout34th,2020-03-13T13:14:56Z,0,
v_vDjR5zBDk,UgzgumUPs37OsXSYTvl4AaABAg,bunch bologna propaganda finest good luck news lot organizations working together spread fakery,@EphemeralReverie,2020-03-13T06:07:36Z,0,
ogjaqVvk4JI,UgwJJi3qoy1gedtCGAF4AaABAg,worst psyop worked didnt assholes,@Jack-ze9yr,2025-12-03T21:39:33Z,0,
ogjaqVvk4JI,UgzURTURisjrm9H_-RB4AaABAg,putu aris artha wiguna difficulty living people incomprehensible years making equality entitled power solar system brain cnn,@arisartha134,2020-11-24T03:57:30Z,0,
ogjaqVvk4JI,Ugzsad54IRuy25QZgwt4AaABAg,proof covid pcr tests fraud cycles give false positives cdc says cycles useless dr fauci says useless pcr tests united states set cycles mostly cycles meaning cases based test useless fraud proof links available anyone interested,@ricardostravels3265,2020-11-17T23:54:49Z,0,
ogjaqVvk4JI,UgzWP_Or8Zw6nEqK3UJ4AaABAg,great alternative media risking bring us truth project veritas newsmaxtv sky news australia blazetv wont let,@carlycruise4979,2020-11-11T16:36:06Z,0,
ogjaqVvk4JI,UgwQTjPx7Ete6j5tg794AaABAg,national lightning safety institute published k chance getting struck lightning math one times chance getting stuck dying covid infection anyone worry getting struck,@tlbx57,2020-10-29T12:09:17Z,0,
ogjaqVvk4JI,Ugzm5BnEpfd1VN55dF14AaABAg,biden wearing mask new porn video released internet,@75stephengreen,2020-10-26T21:34:14Z,0,
ogjaqVvk4JI,UgzKPskGX9t1-7ViWop4AaABAg,curious know chicago thats favourite,@wajidpapercrafts4038,2020-10-24T23:15:15Z,0,
ogjaqVvk4JI,Ugyu5VMty9dZMPaMb394AaABAg,bs die dont get back work soonsome states open closed stayed open numbers different better per capitadisney open florida months still closed californiamakes sense,@matthewsimons6785,2020-10-14T04:29:37Z,0,
ogjaqVvk4JI,Ugxh5LsiaYqno32ntmV4AaABAg,conditioning people key know real media supports people usa id u make scared distrust well one thing sure people doubts media hipocrisy,@meteor2323,2020-10-13T08:11:01Z,0,
ogjaqVvk4JI,UgyT3kuhQF38K-9q9RR4AaABAg,ya know trump yaps back january lie je says nothing done since thenwhich nothing would vote nincompac,@dolphinsleap,2020-10-13T02:38:48Z,0,
ogjaqVvk4JI,UgxdDLENvwmjh0IQUH14AaABAg,difficulties child went hospitals could kinds medical test still didnt get pregnant started suspecting husband mother inlaw gave hardtimes husband left years marriage love wanted back really didnt believe supernaturals bestfriend told buy books marriage went online relationship books came across spell caster called dr gods sent read many reviews testimonies contacted immediately explained problems days casted spell assured days husband would return greatest surprise fourth day husband came knocking door begging forgiveness happy love back conceive child maked couldnt stop talking email godssenttemplegmailcom problem solved without delay,@catherinealex4993,2020-10-12T22:34:10Z,0,
ogjaqVvk4JI,Ugz29Y4C-xDxdKv4QhR4AaABAg,crazy cases cases cases ignore event believe cases equal death give freedom food ignore dr birx stated pcr test false postive cases cases ignore people showing hospitals empty cases cases cases ignore nvss cdc reporting guidelines cases cases cases ignore nyitaly used crisis actors portray full hospitals cases cases cases ignore hr gov forcibly enter home kidnap children cases cases cases,@scrules3523,2020-10-12T02:02:25Z,0,
ogjaqVvk4JI,Ugz29Y4C-xDxdKv4QhR4AaABAg.9EgyXTxJhEC9Emi05muNJO,httpswwwyoutubecomwatchvvvmbhqrr,@joedingo6735,2020-10-14T07:33:29Z,0,Ugz29Y4C-xDxdKv4QhR4AaABAg
ogjaqVvk4JI,Ugz9Z4SsTg0ywkI10xF4AaABAg,funny elite hate socialism poor love benefits even ron paul told jesse watters foxnews america already socialism rich jesse cut didnt want viewers hear truth billionaires get away without paying taxes corrupt laws elites write libs arent brainwashed right also mkultra victims universal basic income dividend like alaskan citizens receive oil profits implemented legal american citizens age least ubi lower drug abuse suicide crime rates thus prison population save tax payers trillions two parent home allow one stay home children educate children works outside home poor people wont live paycheck paycheck also save trillions taxpayer dollars allowed end corrupt welfare programs local governments mismanage money also get eliminate middleman speak since money go directly citizen every month money come tariffs collect foreign countries abolish property taxes make rate based upon income rich mans idea property value people wont lose home dont pay property taxes exempt especially since pp cause undue hardship many notice bailout money packages types businesss individuals except struggle navient college loans elites really dont want give trillions dollars skim poor need take college loans outbut hey give free education daca recipients sanctuarycity criminals seriously forgive navient college loans struggling legal lawabiding americans least potus allow college loan holders file bankruptcy loans allowed file bankruptcy college loans yes even credit card abusers billionaire business owners excessive gamblers etc federal reserve abolished unconstitutional never voted people answers one charges government interest use currency could go already quite long,@cj7girl280,2020-10-12T00:50:07Z,0,
ogjaqVvk4JI,UgyzKw_XuqFsO3sED414AaABAg,cdc guidelines encourage hospitals doctors include covid probable cause death whenever possible receive kickbacks including k lost corona probable cause death k victimcustomer ends ventilator,@cj7girl280,2020-10-12T00:49:18Z,0,
ogjaqVvk4JI,Ugxwz4DjsjITMbZB5yR4AaABAg,cnn snl skit hint ones gave potus corona,@cj7girl280,2020-10-12T00:48:52Z,2,
ogjaqVvk4JI,Ugyord4U4oXIZbzMjYB4AaABAg,potus corona free immune old white weight dude survive rest us said wants issue corona medicines free wont hear full truth cnn,@cj7girl280,2020-10-12T00:48:19Z,0,
ogjaqVvk4JI,UgzPJ34Nc5p0xKXhbJJ4AaABAg,yeah numbers go like poll numbers looking graph democrat republican states,@ErikS-,2020-10-11T22:31:30Z,0,
ogjaqVvk4JI,UgwsSl7-SWWFj4opCxF4AaABAg,medical malpractice deaths steadily risen past ten years thirdleading cause death united states people dying every year surgical errors negligence according new medical malpractice statistics published rosenbaum associates injury medical malpractice law firm philadelphia,@thegaragespeedshop,2020-10-11T15:10:05Z,0,
ogjaqVvk4JI,UgxH0QW0pHepgiyqxQF4AaABAg,winter coming john snow,@theanimaster,2020-10-11T12:31:21Z,0,
ogjaqVvk4JI,UgxDzOG4NyeLQHDaWuR4AaABAg,instead trying desperately prove world right long overdue scientific community world leaders media come together without political bias concede pandemic well known epidemiology pathogen endemic equilibrium phase viral stasis high case counts low casualty numbers normal predictable pattern corona viral outbreaks drastically weakened virulence immunity attack response massive population infection spread saturation extent becomes vast majority nothing another common cold like annoyance sarscov virus epidemiological low level virulence phase future focus towards mpie mass population immunization exposure herd immunity healthy population rapidly possible order protect vulnerable health population neither guess theory rather verifiable empirical biological law everyone must take time listen interview prominent scientists epidemiologists critical analytical mind httpswwwyoutubecomwatchvrz_zgfare httpswwwyoutubecomwatchvqlbrpza,@ghwk-phd2784,2020-10-11T04:01:30Z,0,
ODQ6wnuDOXA,UgxAl0fskrbklj3DRjp4AaABAg,china stop buying indian diamonds teach lesson,@beautyofKhyberPakhtunkhawa,2020-09-03T15:30:08Z,0,
ODQ6wnuDOXA,UgxUUlJeTAmQMAyqU3B4AaABAg,knew usa gonna fail pandemic failed aidshiv spanish flu hn im surprise obama actually great job ebola spreaded us deaths us something wrong guess orange clown,@aliciayong2371,2020-07-12T07:26:38Z,0,
ODQ6wnuDOXA,UgyZQd5VDx6MT-VUQzB4AaABAg,china report new local infections straight days proof cnn working china sure believe cnn reports wake people,@Eva-og2qh,2020-05-28T14:27:31Z,0,
ODQ6wnuDOXA,UgxkJoyg8kVbCPlEvPV4AaABAg,beware cnn ccp collaborators call chinese news network rebranded ccnn adding communist proof cnn working china reading articles spanish flu wearing masks back cnn detailed article however ran across statement article origin theories virus still abound assigned country specific name spanish flu well known fact china origin spanish flu given name spanish flu spain first country openly report cnn deliberately mention china origin,@knightwatchman,2020-05-27T15:39:15Z,0,
ODQ6wnuDOXA,UgxQILJwSGtZzHvOQPJ4AaABAg,china hope biden win contribute bidens campaign proxy badly needed biden white house,@USONOFAV,2020-05-10T16:04:43Z,0,
ODQ6wnuDOXA,Ugyth7zUCelO1wlFMyR4AaABAg,america truth china listen cnn fake news take look reality video laura ingrahm httpswwwyoutubecomwatchvrwzjvooitys,@ebt-evolutionbasketballtra9119,2020-05-06T10:36:38Z,1,
ODQ6wnuDOXA,Ugyth7zUCelO1wlFMyR4AaABAg.98JTzgtAuHz99A5ToFuxTV,proof cnn working china reading articles spanish flu wearing masks back cnn detailed article however ran across statement article origin theories virus still abound assigned country specific name spanish flu well known fact china origin spanish flu given name spanish flu spain first country openly report cnn deliberately mention china origin,@knightwatchman,2020-05-27T15:40:40Z,1,Ugyth7zUCelO1wlFMyR4AaABAg
ODQ6wnuDOXA,UgxAhCJY5GetssRUPud4AaABAg,understand yall hate china hatred western media chinese people something bad country understand biased get fooled fake news research say something peoples lives health priority human beings facing war single country,@liwang9469,2020-05-02T20:39:54Z,0,
ODQ6wnuDOXA,UgxAhCJY5GetssRUPud4AaABAg.98AFqa5btUv99A68iLn5xR,us hate chinese people hate ccp government politically hate way treat taiwan way treat hong kong ccp evil knew novel virus contagious deadly well announced throughout january let infected chinese citizens travel world consistently lying number cases number deaths skewing world wide numbers making difficult world fight virus correct data,@knightwatchman,2020-05-27T15:46:31Z,0,UgxAhCJY5GetssRUPud4AaABAg
ODQ6wnuDOXA,Ugx7iGD_oPM10671LAN4AaABAg,cnn reporters went wuhan,@Eva-og2qh,2020-04-30T18:22:34Z,0,
ODQ6wnuDOXA,Ugw-rlgu8R_vkAg5kKt4AaABAg,cant believe cnn report fake story ccp report anything without deep investigation trust station,@Eva-og2qh,2020-04-30T18:19:47Z,0,
ODQ6wnuDOXA,Ugw-rlgu8R_vkAg5kKt4AaABAg.984rDYiCx_g99A6Jz4-92I,proof cnn working china reading articles spanish flu wearing masks back cnn detailed article however ran across statement article origin theories virus still abound assigned country specific name spanish flu well known fact china origin spanish flu given name spanish flu spain first country openly report cnn deliberately mention china origin,@knightwatchman,2020-05-27T15:48:03Z,1,Ugw-rlgu8R_vkAg5kKt4AaABAg
ODQ6wnuDOXA,Ugxs8hvFk045b2mX_hR4AaABAg,corrupt incompetent shameless pocket official spokesperson china shame shame shame cnn also shamelessly pocket official network china china guilty crimes humanity handling wuhan china covid virus china scourge world chinas words words lies lies lies chinas actions match words,@juandiegosans8550,2020-04-26T07:50:09Z,0,
ODQ6wnuDOXA,UgxxujQ_wwYommBgDjB4AaABAg,even covid find difficult unbearable live china strict ccp system covid moved friendlier western countries democracy live multiple,@fastshootmmmm,2020-04-25T14:30:35Z,0,
ODQ6wnuDOXA,Ugx9YUy0UYKYTIuwArl4AaABAg,victims intentional act allowing deadly virus spread around globe right moment global citizens gather together support international police investigate viral outbreak turn commits mass murder especially vulnerable group fellow men president trump toughness need deal kind evil acts without anything evil acts another pandemic evils actually makes profit pandemic like invite people infected virus since donot go work anymore plenty free time consider wise ways prevent next pandemic likely evil countryswine flu avian flu batflu next ones could fishflu evils good using nonbomb warfare take look today world share truthfully would possible usnavy seal sas good trained men jointoperarion radar work recon beyond enemy line goal know next planes pandemic evils truthfully current virus outbreak evils would give us warning next pandemic set radar recon navysealsas way evil countries goal protect planet donot go international laws make top secret mission goal save world radar recon obtain best intelligence need gather together internet plan stop next pandemic agree,@mikeyoung6805,2020-04-21T00:22:32Z,0,
ODQ6wnuDOXA,Ugy4qLIzqqDlY7-CXoV4AaABAg,repeats taiwanese reporter testing aggressive fact didnt repeat fact flights wuhan halted cnn repeat narrative hopefully forget facts flights wuhan cancelled fact cnn shitty journalism,@TesterBoy,2020-04-19T16:51:48Z,0,
ODQ6wnuDOXA,UgxGz9DjqP15tXUxvah4AaABAg,typical cnn believe bullshit communist china least realize taiwan doesnt drink communist china cool aid,@TesterBoy,2020-04-19T16:47:25Z,0,
ODQ6wnuDOXA,Ugz4cF4MYeNSuel_gmJ4AaABAg,called greatest thing since communist party although im pretty sure communist party made say like china see know keep people line sheldon cooper big bang theory season episode,@joewright9879,2020-04-17T07:50:29Z,1,
ODQ6wnuDOXA,Ugw3MVqNu-XHxSBZjLN4AaABAg,metallurgy classes monday sunday amam pmpm zoom app id pw ydeqy,@darkwit3457,2020-04-17T04:11:14Z,0,
ODQ6wnuDOXA,Ugzp9-NxaM4SbunZjkt4AaABAg,exactly cnn wants usa espousing communist agenda cnn equals enemy united states america mark words,@richardphillips5538,2020-04-15T18:52:16Z,0,
ODQ6wnuDOXA,UgxEOGMpIvwyhsoQ0yV4AaABAg,cnnfake news,@ijeoma405,2020-04-15T03:52:51Z,0,
ODQ6wnuDOXA,UgwFzRsE4i72CH7Bd1V4AaABAg,ccp propaganda cnn wake people mainstream media compromised,@z.lobster3134,2020-04-11T18:37:31Z,0,
uRjiq4PSvvo,UgyUGPCBvXFP8DszdE54AaABAg,son isaiah sick,@ChrisNapolion-c5w,2024-01-30T23:06:08Z,0,
uRjiq4PSvvo,Ugz0XmFxeMOVv-4BsIx4AaABAg,hell back scorpion,@RizzM4,2021-03-04T15:37:35Z,0,
uRjiq4PSvvo,UgyeSiwqPyuHNfiq58R4AaABAg,bitcoin future investing wisest thing especially rise,@cryptocoinage9859,2021-03-03T13:22:56Z,0,
uRjiq4PSvvo,UgyeSiwqPyuHNfiq58R4AaABAg.9KQpI1pjlPd9KQpJEEuSx2,info,@cryptocoinage9859,2021-03-03T13:23:06Z,0,UgyeSiwqPyuHNfiq58R4AaABAg
uRjiq4PSvvo,UgyE2WYS2eYzTk5W9Vh4AaABAg,cnn wasnt airports one would watch,@glencline4547,2021-02-17T04:10:14Z,0,
uRjiq4PSvvo,Ugy2s7h2g_EEeMjpuzN4AaABAg,welcome back brooke baldwin,@maricargonzales1507,2021-02-08T05:55:15Z,0,
uRjiq4PSvvo,Ugy5rAZKNBel8ansj2Z4AaABAg,good day want tell world dr ikirabor help great herbal medicine cure horrible virus hsv got email one friend stay united states also cured doctor ikirabor never believed cure met testimonyi contacted dr ikirabor email within minutes respond gave necessary process herbal medicine sent took according instruction weeks drinking herbal medication completely cured got test done confirmed negative happy nowcontact info emaildrikiraborgmailcom also whatsapp,@maryjanney1361,2020-12-19T04:27:46Z,0,
uRjiq4PSvvo,UgxocMeGiYqBzuQC0OB4AaABAg,know way late happy well face smile without makeup appealing like beautiful breath fresh air truly make love cnn glad u got thru virus stay well,@andrerodman737,2020-12-02T09:53:56Z,0,
uRjiq4PSvvo,UgxPjNc557cVvMuW08x4AaABAg,fake news,@brycebarnes3912,2020-11-30T22:37:12Z,0,
uRjiq4PSvvo,UgzJLN_kkgchZ7vT1u94AaABAg,baldwinstrong covidsux,@JeterSwisherFan88,2020-11-28T15:01:02Z,0,
uRjiq4PSvvo,UgyGxBWrY0Zo_i-I8Th4AaABAg,yall safe know know im going take amazing care yall love,@greatwitchallah7080,2020-09-16T22:38:25Z,0,
uRjiq4PSvvo,UgzNOiEHOQVgRmZt8eF4AaABAg,hey brooke allah,@greatwitchallah7080,2020-09-16T22:36:13Z,0,
uRjiq4PSvvo,UgzcANUTh6B2CV_A4y54AaABAg,brave soul worthwhile,@paulwarren796,2020-09-13T04:52:53Z,0,
uRjiq4PSvvo,Ugyl-wCQlay_n6BtNk54AaABAg,beautiful lady television got sick youre back still xx,@johnnagorski9308,2020-08-24T15:02:15Z,1,
uRjiq4PSvvo,UgwXqJ7rXlx1OFuhphx4AaABAg,god bless brooke baldwin greatest journalist world,@randybarrientes8692,2020-08-14T19:29:53Z,0,
uRjiq4PSvvo,Ugwok8W5_LfaIiKYkBV4AaABAg,brooke didnt know anyway im glad youre better,@johnlopes5898,2020-07-26T20:32:26Z,0,
qqCZC-gFA6A,Ugx3cxLJ74Zx0bWjuDF4AaABAg,fish talking,@midnighfairy,2022-02-03T14:58:57Z,0,
qqCZC-gFA6A,UgzdBGMJM94u8RRl4AB4AaABAg,cuba needs free,@lpsnissan5468,2022-01-06T16:34:34Z,0,
qqCZC-gFA6A,UgzjzYwJOIBXJ1OFfdd4AaABAg,help cubans need come entire world im sending usa military shedding blood foreign soil free people weve enough warsand wars,@AMSOLIS1106,2021-07-20T07:24:35Z,0,
qqCZC-gFA6A,Ugx0mE7fhdKGJzwVM8F4AaABAg,people waking blm httpsyoutubewafcxpzm blm documentary httpsyoutubebjnlcryb,@PhotosynthesisBisector1,2021-07-19T01:03:32Z,0,
qqCZC-gFA6A,UgwY2DnHoNG1gkOCGMx4AaABAg,cuban people want freedom democracy tired socialism cnn isnt socialism covid us sanctions cnn journalism mockery st amendment,@SunTai-i8h,2021-07-16T23:21:53Z,2,
qqCZC-gFA6A,Ugz9AJg4-fwl3v3biWJ4AaABAg,united states blocking cuba years criminals god remember bad actions country let food medicine pass,@PUBLI.,2021-07-15T05:24:12Z,0,
qqCZC-gFA6A,Ugw4-WCxghLaWLBUdw54AaABAg,socialism best,@saltysea411,2021-07-14T14:45:34Z,0,
qqCZC-gFA6A,UgwP-Os7FooeyxnsBCJ4AaABAg,stories cnn msnbc others like worthless wonder lot people idea scary details whats really going country,@bbsal4031,2021-07-13T18:35:31Z,1,
qqCZC-gFA6A,Ugy5nAz_9HXJ1LTxU2x4AaABAg,im convinced network hates america reporting cuban uprising communism tells,@guidryjoseph44,2021-07-13T00:35:34Z,0,
qqCZC-gFA6A,UgzqRBRRzBiKnAUWnqp4AaABAg,wait reporting food shortage reporting protesting commies reporting socialism always fails sad,@timg2973,2021-07-12T16:37:25Z,1,
qqCZC-gFA6A,UgwSzBuP7MKI7wD2lQV4AaABAg,communist news networkthe love castro hate capatilism trump america great,@ralphroadster9823,2021-07-12T14:41:30Z,0,
qqCZC-gFA6A,Ugyj8iZqcOPylOiRmDZ4AaABAg,citizens demanding freedom want american ideal listen chants certainly food part bc always food lines communistic community cnn tell whole story tell truth,@jl12h60,2021-07-12T13:55:33Z,8,
qqCZC-gFA6A,Ugyj8iZqcOPylOiRmDZ4AaABAg.9PhC9XX_XRO9PkGdH2iLNE,cnn msnbc tell covid sanctions trump put country nothing communism always ends failing people want free also waving around american flags networks would never show,@bbsal4031,2021-07-13T18:32:25Z,2,Ugyj8iZqcOPylOiRmDZ4AaABAg
qqCZC-gFA6A,UgykmlDVsYMFJ3DMe_V4AaABAg,matter time communism thing past cuba,@paulgentile1024,2021-07-12T13:32:39Z,0,
qqCZC-gFA6A,UgxIzOjLFQU-NqHg9Xx4AaABAg,theres food shortage cuba long lines covid lack medicine also issue biden would say cmon man news protests regime communism damn news,@SaltyCuban,2021-07-12T11:04:13Z,1,
qqCZC-gFA6A,UgzDBzoF2qiLHBCeVTV4AaABAg,country democrats look emulate,@MetalDetroit,2021-07-12T09:56:56Z,3,
qqCZC-gFA6A,Ugwz7_6PJ1yos3rV4YB4AaABAg,wheres coverage protests cnn communism libertad wake america future keep voting democrat libertad,@JohnDoe-dn9yo,2021-07-12T07:21:36Z,0,
mnq2cpm6dY8,UgyHRKu5e_m5MFZgHhZ4AaABAg,hello im marcelo pear im rio brazil let testify public great herbal medicine doctor name dr wise africa helped illness hiv aids years almost going end life appearance skin head give life interest anymore one night sister told found doctor internet could cure hiv aids interest believe helped everything doctor asked filled treatment form even used money get medicine week using drug started get stronger blood began flow normally days later started gain weight rd week body started develop skin began grow month tested hiv tested negative happy able say longer patient hiv aids hiv aids hepatitis herpes hpv coronary heart disease illness please contact dr wise phone whatsapp number wish good luck god bless also phone,@marcelopear5650,2020-12-06T10:01:11Z,1,
mnq2cpm6dY8,UgyFlKRq36GCY5K05vF4AaABAg,hello im marcelo pear im rio brazil let testify public great herbal medicine doctor name dr wise africa helped illness hiv aids years almost going end life appearance skin head give life interest anymore one night sister told found doctor internet could cure hiv aids interest believe helped everything doctor asked filled treatment form even used money get medicine week using drug started get stronger blood began flow normally days later started gain weight rd week body started develop skin began grow month tested hiv tested negative happy able say longer patient hiv aids hiv aids hepatitis herpes hpv coronary heart disease illness please contact dr wise phone whatsapp number wish good luck god bless also phone,@marcelopear5650,2020-10-31T21:12:16Z,1,
mnq2cpm6dY8,UgyiKh2LtV02OScdPrR4AaABAg,ignore polls trolls vote big rig vote country party vote save democracy america bidenharris,@angelm.bouchard3722,2020-10-13T05:10:27Z,0,
mnq2cpm6dY8,UgwCoToDtWyGT4ltuAR4AaABAg,swprsorg also available english dr reiner füllmich german lawyer,@CS-er1ce,2020-09-27T09:53:04Z,0,
mnq2cpm6dY8,UgyH5iYAHxCA4uT96_t4AaABAg,wait little longer itll go away,@timothymrofchak8640,2020-09-03T23:48:14Z,0,
mnq2cpm6dY8,Ugyf0Kn1dZtbxZsDfX14AaABAg,bitcoin mining investment best secured earning online without labourstart investing earn massive income within hours mining period time earning without labour successfully payout notice every traders trader never lost money company everyone earn stress scam legit secured invest earn hour invest earn hour invest earn hour invest earn hour invest earn hour invest earn hour invest earn hour invest earn hour invest earn hour invest earn hour start investing earn directly various bitcoin wallet whatsoever receive profit bitcoin wallet bank account luno wallet paxful wallet coinbas paypal accountif interesteded dont contact interesteded invest earn contact information legit safesuccessfully payout contact whatsapp number information,@robertmark527,2020-08-04T22:58:45Z,0,
mnq2cpm6dY8,Ugw8tBs59MuEGGXCWHd4AaABAg,cases compared population many tested states many italy reporters actually serving politics instead looking facts many people died influenza season find hard find figures season people died influenza without lockdowns daily counts worlldwide journalists work real research like old days stay puppet,@larrynederlof,2020-06-27T21:23:42Z,0,
mnq2cpm6dY8,UgwKGiyggBmw_tMz42J4AaABAg,lies dummies buddy morgue theyre certain death told list covid cnn lying yet wake people please,@911jediknight911,2020-04-13T21:28:05Z,0,
mnq2cpm6dY8,UgyEqkOLmIFgCkHi5eF4AaABAg,trump china gonna pay covid test kits,@Victor-yc1ly,2020-04-03T13:50:09Z,0,
mnq2cpm6dY8,UgyQpakjvGPdWdt2OJh4AaABAg,without widespread testing number actual cases remain unknown failure federalmany states act responsibly nightmare states little testinginsufficient ppe states refuse enact mandatory closures nonessential businesses gov duce az chose health businesses health residents claiming every business essential azs economy closed restaurantsbarsschools otherwise business usual sunshine states many retirees increasing risk fatalities,@realitycheck5902,2020-04-02T07:09:17Z,0,
mnq2cpm6dY8,Ugz0fZ1VjKv5EunIA9R4AaABAg,gupta claim educated never added thoughts even though educated knew trump dummy know double talk aid misinformation agreed chaos misinformation would cause feel infected vaccine done first two months regarding develop vaccine covid listen months dictatorship misinformation hoax blow ever else trump dummy say stopped virus triple digit figure death rate exponentially multiplying next week four even five figure death totals daily mass graves viruses result,@kalmanbabits3016,2020-04-02T06:17:37Z,0,
mnq2cpm6dY8,UgzmaCm3qZgUIYEpEjt4AaABAg,stop comparing number china know ccp reported continues conceal real numbers call self journalist shame try little harder provide us real news yes even fallen ccp propaganda cnn looks stupid president dont repeat ccp cover wants say,@theuris700,2020-04-02T06:03:41Z,0,
mnq2cpm6dY8,UgydAhI90VYXU2X10C54AaABAg,wait trailer trash communities south midwest get hit corona trump voters regret voted shitkicker hillary,@EsotericDesi,2020-04-02T05:50:30Z,0,
mnq2cpm6dY8,UgzNloFKcN1BOgWHLUl4AaABAg,president cannot trusted yes dr sanjay gupta trying show rosy picture hes fit president,@sinhasinha6706,2020-04-02T05:47:39Z,0,
mnq2cpm6dY8,Ugwz_4UkfLEoZpD0EWF4AaABAg,still talking serious manner called president dangerous idiot us dont say killing people idiot rules followed lot people die clear obvious danger netherlands already would would already killed press people see press converence rude reporter answering questions doesnt like says next one next reporter steps new question hell reporters dont backup eachother freedom press netherlands would never never happen reporters would backup one would get answered would ask question would notget away like,@leofranssen,2020-04-02T05:16:30Z,0,
mnq2cpm6dY8,Ugyfo0FQcxGj6gF3T-N4AaABAg,age people still persecuted country wants new global leader,@Schizoinsomnia,2020-04-02T05:01:02Z,0,
mnq2cpm6dY8,UgyfvKPb4Pb9M2Ku-fd4AaABAg,situation poland people serious,@arkayyogauniversityayu1809,2020-04-02T05:00:00Z,0,
RwUi63zcIBo,UgxRvXVAhCxIIf9WpxR4AaABAg,im single mother living state family state trust tears leave eyes ease hard strong world seems crumbling around feel need much therapy,@mtio2807,2020-04-08T05:14:35Z,0,
RwUi63zcIBo,UgwR8q-s8apOZABvn7d4AaABAg,people staying home washing hands social distancing using hand sanitizer cdc recommends people wear masks public limit coronavirus transmission heres ai chatbot help times made video educate public,@nolymitmultilingualrobotwi3724,2020-04-07T21:12:15Z,0,
RwUi63zcIBo,UgzrrKPSOAI2UICywnx4AaABAg,single death hard hundreds thousands deaths real tragicit difficult time us millions thanks doctors nurses people involved helping saving livesyoure heroesplease god hope hope vaccine invented soon together fight virus watch video find covid startedmyths facts interesting must know video sums watch httpsyoutubewudwjgcry,@FlySmarketing,2020-03-31T22:28:24Z,1,
RwUi63zcIBo,UgwFVIvygezSSlyHLbx4AaABAg,put trust faith lord,@thechosenone4905,2020-03-31T21:37:45Z,2,
RwUi63zcIBo,UgwW89lA0dmCIY_nXVp4AaABAg,put trust faith lord,@thechosenone4905,2020-03-31T21:37:45Z,0,
RwUi63zcIBo,UgyZTJTpmu8Qd-1V_a54AaABAg,im non stopi want see coming head anything else wont work,@Diane-xh7vl,2020-03-31T16:54:24Z,0,
RwUi63zcIBo,Ugz3xL8mGbycsl7LNZl4AaABAg,ill virus six months doctors finally figured wrong finally got operation problems gone people dying mile home hospital waiting treatment people arent going wearing masks didnt even know get get doctors needed still long kids okay weird tendency feel joy spring last weekend walkedjogged corona park cherries early bloom magnolias late bloom park close empty jogged rain saw young family toddler wearing hat ears,@sarahcohen3844,2020-03-31T16:46:10Z,0,
RwUi63zcIBo,UgyHTR9OM4Js_nIBEoZ4AaABAg,tony schwartzname tame indeed,@bernadettehooper4318,2020-03-31T16:41:30Z,0,
RwUi63zcIBo,Ugx_EpmjPDnrt4pM9Yx4AaABAg,think get every one mask reduce spread amongst population thats proactive everything else reactive point would real stimulas package money wont work time mask first line defense future strategy every person one,@brucejohnson3313,2020-03-31T15:46:44Z,0,
RwUi63zcIBo,UgyLYO0WFy730PqESJt4AaABAg,doesnt really know breathe,@vrindavantodayofficial,2020-03-31T14:16:03Z,0,
RwUi63zcIBo,UgxOILCUOC_6vG07iwR4AaABAg,ive totally isolated since nothing changed suddenly feel less lonely though youre going,@theother1406,2020-03-31T12:49:37Z,1,
RwUi63zcIBo,UgySHgKxmUs5lsFEMqp4AaABAg,accepting responsibility worse covid,@谢谢-z9l,2020-03-31T11:46:14Z,0,
RwUi63zcIBo,UgwEngJbzQWS2kbK2Ql4AaABAg,lord shepherd never need lead streams peaceful water refresh life true name lead alone right paths may walk valleys dark death wont afraid shepherds rod makes feel safe treat feast enemies watch honor guest fill cup overflows kindness love always day life live forever house lord psalm psalm david,@berthabridges8980,2020-03-31T11:11:04Z,0,
RwUi63zcIBo,UgyUOLj2_VBFAPe7wWp4AaABAg,come lord protection dont let ashamed promised rescue listen prayer hurry save mighty rock fortress safe psalm psalm david,@berthabridges8980,2020-03-31T10:59:31Z,0,
RwUi63zcIBo,UgxUx74HBJEeOBHG1-h4AaABAg,whole crisis seems like bad episode twilight zone,@djmartin7829,2020-03-31T10:15:32Z,6,
yevFE3500U4,UgzL3_GUc3Jn3cm2bUZ4AaABAg,prophetic,@gbail9566,2020-05-16T10:46:48Z,0,
yevFE3500U4,Ugzv2tkDwqW2JfDxyUB4AaABAg,glad crap buy china ingredients food comes china manufacturing went china make politicians like biden rich voted republicans pelosi allow know americans cant read sentences research idiots vote morons criminals products need made china need die,@daveg4495,2020-03-19T14:10:45Z,0,
yevFE3500U4,UgzCoovLIajLfUzEt194AaABAg,im little reluctant place journalistic competency superiority females even among representing medical profession view current virus crisis appearing television convinced reason heavily hair dyed girlie painted faces convinced wise would start appearing without makeup totally unenhanced,@edmsing,2020-03-19T11:49:53Z,0,
yevFE3500U4,UgyaDd97XdgUFKvWAWh4AaABAg,true interferon b effective vaccine coronavirus true us japan finland cuba already vaccine true china started using vaccine curb outbreak group scientists sent finland learn create vaccine guys investigative journalist anyone find true thanks,@jaguarprophett,2020-03-19T03:03:22Z,0,
yevFE3500U4,UgyhwTgIR6_oqt5dqQV4AaABAg,inflection womans voice annoying snobbish elitist attitude bothers bet doctor doesnt follow advice rules dont apply special also bet special interest groups paying spread fear virus isnt much worse bad cold feel manufactured panic virus infected people think cold severity virus mild vulnerable people society take precautions elderly immune issues rest us live life usual overreaction virus real problem manufactured panic whats going harm us many people opt take flu shot feel get flu simply rest recover virus going act every new mild disease collapse society know elite preparing us flooded media zombie apocalypse shows elite laughing easy americans manipulated please research watch videos individuals virus find cases fully recovered less week worst symptom slight fever,@davidzummer9412,2020-03-18T15:16:35Z,0,
yevFE3500U4,UgzFiKmKGiJeYBxxYDF4AaABAg,americans must learn koreans act superior people worldwe must learn koreans handling,@peterjohnson1698,2020-03-18T14:03:39Z,0,
yevFE3500U4,UgxucHlYcyC-95HAKEB4AaABAg,must bring koreans medical staffs us control coronavirus,@peterjohnson1698,2020-03-18T14:02:36Z,0,
yevFE3500U4,UgwlednYHGpGLET_upx4AaABAg,means complete isolation yeah u computers phones utterly idiotic parentsgrown ups,@randoom3630,2020-03-18T10:48:10Z,0,
yevFE3500U4,UgwyCV8enofjRN7fuYd4AaABAg,whether kids together isolated phones theyll adapt,@acentaur010,2020-03-18T06:00:45Z,0,
yevFE3500U4,UgxLAcKh0PlnVDutpdV4AaABAg,trump took things lightly risked citizens,@khalidahemad3644,2020-03-18T05:06:27Z,0,
yevFE3500U4,UgyVCJIrzOv1m7puK7x4AaABAg,scary viruses dug ancient glaciers mercy stop mining tax big businesses folks really try shop amazon walmart big businesses online especially support local mom pops going take back representation find abundance social distance respect,@VibrationsfromMirror,2020-03-18T03:01:37Z,1,
yevFE3500U4,UgwK4Q7SziYSxLdGBF54AaABAg,going forced quarantine,@MsThemjs,2020-03-18T02:17:38Z,0,
yevFE3500U4,UgwVQr1ABQk1dMJl7ll4AaABAg,oh behalf kids mum please,@PaperbarkPixels,2020-03-18T02:01:50Z,0,
yevFE3500U4,UgxEGvXm0MCJMa3MHBV4AaABAg,americans getting picture,@MsThemjs,2020-03-18T02:00:21Z,0,
yevFE3500U4,UgyvwYGMwb35bvi2S-54AaABAg,weeks thats crazy,@SusanS777,2020-03-18T01:18:14Z,1,
yevFE3500U4,Ugxp2WMLs0W0LPN6ckd4AaABAg,sounds like vaccine start stage clinical trial yes still year change something gen pop use,@hraser3rd,2020-03-18T00:44:47Z,0,
yevFE3500U4,Ugw-piuOPhq0gQXVK-94AaABAg,mean found normal individuals seattle,@XAVIERCUERVO,2020-03-18T00:25:27Z,0,
cCYOqx8qho8,UgyQynQGT3HeZIaEjIZ4AaABAg,people gone completely mad,@edstimator1,2020-09-18T02:15:02Z,0,
cCYOqx8qho8,UgwzaLa2PtAdcsqZ2LF4AaABAg,covid big fat lie wherever came originated took years planning media teams job spread lies world people live fear fear bang vaccine found whos forefront yep guess rightdr fauci culprit,@robertkanabote3199,2020-09-11T04:04:24Z,0,
cCYOqx8qho8,UgxEGAEu5QjETAhj6JB4AaABAg,weird face problem reaction inaction dont react worse law imposes standstill happened bizarre law mandatory use mask certain spaces appears solution shouldnt simple solution activated immediately imposition law avoided initial paralysis poorly told story populations undergone fascinating finally equal global response international global finally humans countries planet yoke single order citizens started react implies educated happened education system deteriorated little malformed young people increasingly weakened future conscious responsible adults ability interpret respond regulatory systems many economic moves surfaced silence confinement passing years revealed poor ordinary people many poor make rich poor lose better voice economic oligarchies enslave us hiv excellent memory politically propagated lies,@carlossilva4253,2020-08-18T02:31:35Z,0,
cCYOqx8qho8,Ugysv8ReJhDsFnL3TmR4AaABAg,dr fauci candidly stating recent interviews looks like coronavirus vaccine may partially effective offering protection even time least protection would considered ideal see httpswwwcnbccomcoronavirusvaccinedrfaucisayschancesofitbeinghighlyeffectiveisnotgreathtml dr fauci reviewed medical research vaccine frontrunner candidates vaccine frontrunners showing data suggests vaccines may effective data even available yet reached conclusion referring modernas data knowledge vaccine candidates rarely discuss knowledge vaccine candidates misleading public supposed lower efficacy vaccine time public already wary taking unknown vaccine never seen virus low efficacy great would exactly encourage public take vaccine brief overview major vaccine candidates httpswwwnytimescominteractivesciencecoronavirusvaccinetrackerhtml vaccine development race progressing breakneck pace many find amazing speed fact widely touted breakthroughs belie enormous complexity virus pandemic potential riskssafety issues involved researchers incomplete understanding coronavirus transmissibility ie still know transmissible sunbelt states particularly southern california spreading north using vaccine technology thats largely unproven dr fauci never really addressed factors discussed interviews likely different types vaccines benefit different segments population ie particular vaccines benefit older people benefit younger people benefit different races etc also likely us variety vaccines available within short timespan given number promising candidates likely approved dr fauci recommended public take first vaccine readily available wait weeks even month see vaccine overall may best according dr faucis advice one would able protect mask wearingsocial distancing waiting period vaccine race closely followed race interest much public dr faucis latest vaccine update encouraging one wonders entirely basing comprehensive data perhaps concluded bit prematurely,@dtrump15,2020-08-10T18:45:51Z,0,
cCYOqx8qho8,UgxR_N6FOxWmfrL_FEh4AaABAg,thought theyre gonna sack guy let family take gates vaccine first,@tajmajal4197,2020-08-09T20:30:38Z,1,
cCYOqx8qho8,UgxdpyIPMmXmZ5Ukd314AaABAg,death coming us form demons virus,@ZimFamilia,2020-08-09T14:39:23Z,0,
cCYOqx8qho8,UgzSryTnKxykfSHMd354AaABAg,illegal drugs laced covid thats blacks mexicans get much,@cockblocker2561,2020-08-05T20:56:14Z,0,
cCYOqx8qho8,Ugw9AT8QBpaSCHKWfkx4AaABAg,white people come middle night forcibly administer vaccines many perish resultjust like jews taken tattooed history repeating itselfbe brave,@cockblocker2561,2020-08-05T20:54:49Z,0,
cCYOqx8qho8,UgxPH64iT6_zBXesCEx4AaABAg,mail ballots work period impossible rig legend michael jamal brooks rest power call leaders demand resources support demand govt support mmt defeceit myth fight justice anti imperalism end poverty fight wages,@obiwan3993,2020-08-04T04:35:34Z,0,
cCYOqx8qho8,UgzUJN8WhK4IaSBa0lF4AaABAg,ones going take vaccine guarantee wont take iti think time audit numbers arent adding wheres seasonal flu virus deaths report theres one virus,@gregc9881,2020-08-03T13:40:13Z,1,
cCYOqx8qho8,UgwwBCp42vo2vLFbJA14AaABAg,true health suppressed medicalpharmaceuticals industries century read bioattack alert dr robert b strecker dr william f koch gave cause cure cancer early dr royal r rife cured every known unknown diseases early many true doctors scientists attacked fda ama natural cures remedies found longer among living exposing safe natural healing cost pennies dollar covid like life threatening diseases anaerobic effectively killed ozone oxygen therapies suppressed fda ama medicalpharmaceuticals industries newsweek suggested false positive rate covid tests science want trust believe read bioattack alert dr robert b strecker,@johnburns2510,2020-08-02T23:18:56Z,2,
cCYOqx8qho8,UgxmUgqvNbgJt9p_RUp4AaABAg,httpsyoutubeed_gxdxzu,@antjestarke8833,2020-08-02T12:47:50Z,0,
cCYOqx8qho8,UgzUdrexR87IaEeNTIJ4AaABAg,whats plan c,@So_Cato,2020-08-02T07:26:17Z,0,
cCYOqx8qho8,UgxyiTJhN1DTDB_m3OR4AaABAg,covid mutable vaccine today would suffice virus next year thats problem reason flu doesnt vaccine plus vaccine ready mass production early pandemic smells fishy somethings,@cosovic14,2020-08-02T07:23:53Z,0,
cCYOqx8qho8,UgxrBDJ0eIb92Kbdo394AaABAg,dr anthony fauci telented genius professionalism medical science god said want first love people shakespeare said beauty truth truth beauty live peacefully let others live peacefully must use musk protection save save others,@syedahmed1582,2020-08-02T01:15:34Z,0,
cCYOqx8qho8,Ugxy-pM7r4p45pj-EMN4AaABAg,chuck woolery great man brought people together years must believe says must also believe dr peter navarro fake racist bum fauci guy,@rickrick5041,2020-08-02T00:01:02Z,0,
Sq_P-OjGZU0,Ugx_lVQHh3HVYYYkUbZ4AaABAg,hear greed,@matthenry3437,2020-04-25T16:30:05Z,0,
Sq_P-OjGZU0,Ugxrl6jwIQgckxPzRgx4AaABAg,perhaps super rich president offer low rate mortgages right,@lucyloojones2779,2020-04-21T04:53:59Z,0,
Sq_P-OjGZU0,Ugz4m8lP-vLKeg2L1FR4AaABAg,clarity holy cow,@altitudeillume6729,2020-04-21T04:25:00Z,0,
Sq_P-OjGZU0,Ugx2pbD9hmKT_-ILzKl4AaABAg,dont always agree,@davidrink1291,2020-04-21T04:23:26Z,0,
Sq_P-OjGZU0,UgxDyHvW0ohmpW7l9754AaABAg,bad federal government didnt organize food wasted restaurant shut could bought food destroyed discount rate distributed americans going food banks waiting hours food,@studiosandi,2020-04-21T03:50:05Z,0,
Sq_P-OjGZU0,UgxLtI0l9M8UBhHLDeJ4AaABAg,msnbc please start strolling americans name andor pictures lost pandemic usa daily day maybe humanity come back realize must hard bmws mercedes stand line food,@Hyndsberry,2020-04-21T03:45:15Z,0,
Sq_P-OjGZU0,UgwB0yhRsItaWH5Z-LZ4AaABAg,one best restaurants phoenix closed doors sunday gran reserva bario cafe chef silvana rock star supported community supported business partner lisa sad seeing floor empty magnificent art walls,@christinetuttle8337,2020-04-21T03:43:59Z,0,
Sq_P-OjGZU0,UgysnsGcbXu1jo-Bsm54AaABAg,ppp isnt meant pay rent meant pay people wile shut,@Elios0000,2020-04-21T03:18:16Z,0,
Sq_P-OjGZU0,Ugw9wTvc5meDQs3aTdx4AaABAg,heres question ive heard ever raised knowledge restaurantgoing regular basis financially wise families pretty much cheaper buy cook eat home overall would save people money grand scheme things make restaurantgoing fastfood buying infrequent thing maybe special occasions occasional treat curious people general might think making kind change,@RSEFX,2020-04-21T03:09:23Z,0,
Sq_P-OjGZU0,UgwdV5TqdMHj2m920WV4AaABAg,country get matter much economy interupted dirty paper money,@outlaw-of-torn3548,2020-04-19T14:16:41Z,0,
Sq_P-OjGZU0,UgwP1JpPpt9d35OUf6p4AaABAg,government con con invested tax dollars china starting hats,@GourmetGilda,2020-04-19T13:51:08Z,0,
Sq_P-OjGZU0,UgyvX9rkY5JQ-zU7_ix4AaABAg,sounds like havent making money anyway blame virus happened savings open business making money,@GourmetGilda,2020-04-19T13:47:39Z,0,
Sq_P-OjGZU0,UgxZLqg0GGMU5fIE82h4AaABAg,open early still deaths still go bankrupt cant eat mask normal booths caged plastic wiped fed virus carrying workers,@GourmetGilda,2020-04-19T13:46:38Z,0,
Sq_P-OjGZU0,Ugx_UJLN1Nd8cARyiR14AaABAg,call reopen excuse stop assisting small businesses gop telling small businesses go ahead open stop asking help large corporations big donors ones getting bailout,@tonymccraw3853,2020-04-19T06:01:09Z,0,
Sq_P-OjGZU0,UgyTHrq9VZLSF29oAdN4AaABAg,godyou moronslets try announce issues bidenand live interview tom issues showpathetic,@lulusmith7484,2020-04-19T05:52:30Z,0,
Sq_P-OjGZU0,Ugwf7vb3mRjkxfRKMzl4AaABAg,seriously oversight frigin corporations paid taxes spent tax cuts buy backs winon people pay taxesthe friggin corporations f every onewhere money go country wants list money went,@lulusmith7484,2020-04-19T05:46:01Z,0,
Sq_P-OjGZU0,Ugw1LA8KJw40BhC7b7l4AaABAg,trumpster trolls always come boards compain whiney liberals seen lately supporting wanna king,@fourthquartermotivation1911,2020-04-19T01:46:05Z,0,
Sq_P-OjGZU0,UgwKc9anNRXU7WFdzf54AaABAg,know would love go eat restaurant ever dont think im ever going go restaurant anybody prepare food think im going wear mask rest life,@abtheflagman,2020-04-19T00:28:02Z,0,
Sq_P-OjGZU0,UgwBKZ2vaZVXMVai-UB4AaABAg,wouldnt come back months income restocking unemployment go back unemployment guy saying makes sense,@mac_mcleod,2020-04-19T00:20:57Z,0,
af9eETMD_aA,Ugx2I9lbANAvay2CiEd4AaABAg,every staff member every kid tested every day,@kristi1189,2020-06-03T01:02:50Z,0,
af9eETMD_aA,UgxLBICcYuOklxgG8D94AaABAg,yeah surewhat complete bs httpshelenaglasswpcomstagingcommikabrzezinskiopenspandorasboxthatcouldshuttergoogletwitterandfacebook,@David-zs5mk,2020-05-31T16:46:20Z,0,
af9eETMD_aA,Ugz7DI4hHQ3Z0kUcchl4AaABAg,police car driving protesters new york crazy police,@bikerboy5592,2020-05-31T13:19:16Z,0,
af9eETMD_aA,UgwKXF8AqvHX3dG20w14AaABAg,reality people right wearing masks social distancing since rushed reopenings acting everything back business usual numbers start show next weeks airborne concern shouldve already addressed could another disaster making thing trump worried campaign votebluesaveamerica,@kellyw.1779,2020-05-31T01:16:57Z,0,
af9eETMD_aA,UgxTj2r1MiA5kDTt4mR4AaABAg,pretty simple actually youre sick stay home also paid sick leave look,@ironhills,2020-05-30T22:20:40Z,1,
af9eETMD_aA,Ugze0AoDxorlawFhO9V4AaABAg,mask protect one covid virus size covid virus microns n mask keep microns nothing smaller wearing mask much good wearing mask,@carolprice1389,2020-05-30T20:51:02Z,0,
af9eETMD_aA,Ugw7NFzW0u2VYFVvFB54AaABAg,everybody going back forth postulating policy fact next omg get rid trump world cannot wait jan junta gone america going solve anything every day power die,@billwhitis9997,2020-05-30T04:24:06Z,0,
af9eETMD_aA,UgxSx2aqm8zWuzTYyg54AaABAg,japan micro droplet study way back march people payed attention japan kept deaths low without testing ventilation masks social distancing sanitation closing schoolskids vectors testing good small part protection test tell person infected better avoid infection,@harryroger1739,2020-05-30T02:28:38Z,0,
af9eETMD_aA,UgzuTigFzdpQabu1zTp4AaABAg,beneath snowy sheets icu machine breathing otherwise would turn blue tiny virus multiply grow spreading death horror wherever may go spread tiny spikes fly away dont forget take toxic rna one whos holding office untrue could know would fly away,@UlrichDrive,2020-05-30T01:26:56Z,0,
af9eETMD_aA,Ugzr5biHdDN593kUXa94AaABAg,ok im american cant help wonder people jibe statement america greatest country world need get kids back school enough eat wtf wrong th usa obvious course,@tss9886,2020-05-29T23:43:12Z,0,
af9eETMD_aA,Ugwe-etUpl5zYWapp654AaABAg,isnt new know type information publically available medical knowledge various studys going back long ago feb march nevermind simple common sense logic spreads larger droplets sizeamount necessary live hard surfaces days able infect released body amountssizes going released smaller aerosolized particles well coronovirus lives upper respiratory tract thats one reason transmissible coming coughs sneezes saying yeah ill hitch ride coughed air im going bother slower breathed air want virus doesnt think doesnt care howor fast gets theres larger droplets course theres going smaller aerosolized droplets common sense,@mordreddarkfall456,2020-05-29T20:01:30Z,0,
af9eETMD_aA,UgwRvYNtEk9NIoXHtNZ4AaABAg,lz germany post far show prof joseph allen sp prof harvard far knowledgeable wonder people enclosed space hours ventilation turned shoulder shoulder expelling major breaths air leaving probably hallway door conversing way virus times contagious regular flu thats corporate owned white guy suit tie republicanesque msnbcs case point wow tl z youre best yrs old commute bicycle took public transport weeks could fined wearing mask broad open spaces doesnt big corporate funded msnbc talk major scale developing quick test choir members even entered would tested first profs quick test would save millions save economic disaster progress could developed much faster vaccine rd requires time trials control groups manufacturing masks ventilators protective items historic scale news big corp news white guy suit tie wont talk corporate admin corp news media included needs border walls interment camps trillion dollar mega aircraft carriers abroad ai mega drone research military bases worldwide,@mwj5368,2020-05-29T19:39:39Z,0,
af9eETMD_aA,UgwqN-HOZ2AH3nXqKTF4AaABAg,virus air reopening everyone going wear mask resources buy masks see people walking around filthy mask meaning reusing one also changes requirements reopening understand learning go walk back serious,@eorlundandromeda7442,2020-05-29T19:15:50Z,0,
af9eETMD_aA,UgwOd3e7kzE6ic0xchl4AaABAg,dr john campbell youtube channel saying aerosol droplets spread air months ago back january,@baymonday1947,2020-05-29T19:01:40Z,0,
af9eETMD_aA,Ugz-sF5EhD-MgsOSA814AaABAg,respect absolutely seems fishy trump influential scientist doctors whats going verrrrry fishyhe wears mask except narcissistic mask,@r.seabreezegaona8699,2020-05-29T16:38:16Z,0,
af9eETMD_aA,UgxO3XVDEY9dShJSdoN4AaABAg,makes crazy could said start masks effective theyre better nothing need new mask time youre working covid ward hospital normal people contacting normal contagious loads likely enough use indoors public reuse ineffective filter blood agent attack dont buy stores medical people need lot theyre high risk people would understand wanted pretend stupid understand self centered act overall best interests simply honest beginning knew didnt know issues instead hiding public attempt control peoples reactions cdc simply erode credibility give room voices well informed step vacuum credibility create really bad lines belief think pretty bad consequences lot people,@TheTerryscotttaylor,2020-05-29T16:26:24Z,0,
af9eETMD_aA,UgzZbzLusTxm0lV9UMd4AaABAg,trump masks followers know need mask follow cdc guidelines going virus resurface constantly,@toscatattertail9813,2020-05-29T11:09:31Z,0,
af9eETMD_aA,UgyzJFLhN0C-REdbvSB4AaABAg,meanwhile back new zealand expecting able declare country virusfree within next days leadership plus science working decisively team five million,@exonelresearch4032,2020-05-29T10:46:54Z,0,
af9eETMD_aA,Ugw07ha_96Nr4-3c6Q54AaABAg,watched italian doctor months ago state airborne knew lying really hard believe didnt know needing essential workers risk lives sad,@empathEG,2020-05-29T07:47:43Z,0,
unN8leCvHyM,Ugzwm0TS-68aceSozaR4AaABAg,hi everyone seeing im conducting research project persons vaping history affect severity covid symptoms would really appreciate could take question survey promise isnt scam kind sounds like high school class ill include link dont vaped take covid httpsformsglefansurbwtoqnnmn thank much,@annabelle7779,2020-12-09T03:07:40Z,0,
unN8leCvHyM,UgzEpphk9kZaGftW-Fh4AaABAg,holy crapola doctor useless guess hes tv patients left take care theyre dead,@MrJamberee,2020-08-05T16:36:54Z,0,
unN8leCvHyM,UgxC8Esq23axj19W_hZ4AaABAg,feet apart wearing mask,@audresizemore7675,2020-07-17T22:37:09Z,0,
unN8leCvHyM,UgxsyGWL0H2zWC5KPtR4AaABAg,came looking help find currently sick fron shut,@native-k7t,2020-06-05T15:04:46Z,0,
unN8leCvHyM,UgzJOL8gvhDcvLEk9Ml4AaABAg,ibuprofen proven harmful homework safe,@boltxo1226,2020-04-24T05:19:25Z,0,
unN8leCvHyM,Ugy90yJFAZxUgsZYUZd4AaABAg,absolutely useless,@varuninnz,2020-04-18T10:40:46Z,0,
unN8leCvHyM,Ugw-5mdKMozP94dCx4V4AaABAg,show symptoms immediately blame trump thats cure im avid liberal media viewer,@rogjerr,2020-04-12T01:39:45Z,0,
unN8leCvHyM,UgwD9aUiVI9aEkJnKWZ4AaABAg,video taken shown ppl take ibuprofen much likely die covid ibuprofen nsaid like aspirin nsaids non steroidal antiinflamatory drugs halt production antibody production causing immediate lung toxicity may predispose patients bacterial infection increasing fluid buildup protein levels lungs prevents able cleared started use aspirin another nsaid hypothesized many deaths spanish flu may caused people taking aspirin reduce fever halt viral production unfortunately time didnt know also caused lung toxicity antibody cessation low mortality rate children time thought part children given aspirin fever likely put cold bath hydrotherapy reduce fever fever safe drug take present time tylenol,@MissEAG,2020-04-06T05:17:52Z,0,
unN8leCvHyM,UgzA1m4PPjPPrBuaNNl4AaABAg,guy gave us nothing,@prettykitty3570,2020-04-04T16:52:49Z,0,
unN8leCvHyM,UgwFwQn9sSApj4qLZlx4AaABAg,saidnothingstay home rest peace,@Lavanda-f1v,2020-04-04T15:46:13Z,0,
unN8leCvHyM,UgyteOPb-76bwufS68B4AaABAg,sorry informative chris hayes asked questions already heard younger healthier person shortness breath,@jgq2881,2020-04-04T05:32:49Z,0,
unN8leCvHyM,Ugy34qGbGBCaW9cCcIB4AaABAg,guys sitting closely,@jgq2881,2020-04-04T05:28:10Z,0,
unN8leCvHyM,UgzHoAKWscG1mLcN8jd4AaABAg,update thisibuprofen causing bad increase symptomsviral proliferation,@makeadifference251,2020-04-03T09:12:50Z,0,
unN8leCvHyM,Ugwobv0LKeSGmO25MvZ4AaABAg,doctor clearly tell us symptoms health care broken compared countries,@leapilcher9377,2020-04-02T14:41:19Z,0,
nhcYyVWWeR0,UgxYeTA3kDq6rZVbwcF4AaABAg,better nation cant say enough country united states america born always apart country,@kendrabarnes6873,2021-01-21T04:27:36Z,0,
nhcYyVWWeR0,UgyxSXpPBDsUX6Y7Dr94AaABAg,idea lady gaga conscious aware human strives think include true people many countries risk go say rather die covid food kids starve didnt work sometimes easy really anyone gets home still work home supported government compain grateful safe foodshelter healthy,@1Rose007,2020-04-27T04:25:10Z,0,
nhcYyVWWeR0,UgyNn2BG_17TonmeF4d4AaABAg,culprit defunded point fingers,@The123456NoNo,2020-04-22T23:12:31Z,0,
nhcYyVWWeR0,UgzAutcLfEBU-USANCN4AaABAg,want total control dear people support madness wake american folk doesnt think everyone measures bill gates wants vaccinate billion people unfortunately nonpayment donald trumps money benefits nothing bill gates simply takes payment part becomes even powerful,@hommerecorder7003,2020-04-18T14:20:47Z,0,
nhcYyVWWeR0,Ugw_FTvD5-8b6imNfGp4AaABAg,first,@dissinfo6358,2020-04-18T08:28:28Z,0,
nhcYyVWWeR0,UgxaH_x3a9BPn0aC-IV4AaABAg,yeah lets raise money inept us gave million china gives million seems faironce western world bend communist states even people dying outrage china allowing scientists access late last year first deaths occurred,@regaltip8A,2020-04-18T02:35:23Z,0,
nhcYyVWWeR0,UgwM7RX2WnkwsTt1_Ht4AaABAg,saw previews special msnbc waited waited see watch half hour boring biden im hard rock music think lady gaga awesome love voice,@warrenmalone9338,2020-04-17T13:40:36Z,0,
nhcYyVWWeR0,UgxFIFDS4wmHf5PxC_Z4AaABAg,love pepsi co sponsering yeah lets drink pepsi home make sicker unhealthy perfect drink cure covid,@shyrebel8813,2020-04-17T12:02:11Z,0,
nhcYyVWWeR0,Ugzpe2zpmW-gtmbRySp4AaABAg,health workers highest paid best looked,@shyrebel8813,2020-04-17T11:58:23Z,0,
nhcYyVWWeR0,Ugzee0sLEKax_ruqfTN4AaABAg,joe mika jenny check youtube historical post vets seniors acceptable loss please read know busy find given highest regards thank jenn,@trucemoseleysrq2656,2020-04-17T00:47:11Z,0,
nhcYyVWWeR0,UgwpByh14ty8SHUYV4R4AaABAg,release album except dont want lose money actually making money finding something fill time slot delay album profitable date people including would love listen new album right tough time said back want album make large part people across world happy opportunity music wont fundraiser nice gesture hope money goes place truly help,@rystrck1967,2020-04-16T06:49:13Z,0,
nhcYyVWWeR0,Ugz73ni4Tw2WG938QGh4AaABAg,money raised goes united nations,@alholds,2020-04-15T19:26:23Z,2,
nhcYyVWWeR0,Ugyqi0IE5bgL3cZEKNt4AaABAg,god air breathing right put bible read understanding,@michellelee7640,2020-04-13T23:29:08Z,1,
YJ0kpE9zXjo,Ugz8rjhPvYuSKo-Ix3F4AaABAg,heres link countys cases present mortalities httpswwwcoviduscomcoronavirususacountytable american college physicians agreed usual cheap masks dont prevent spread httpannalsorgaimarticledoim continue socially distance without breaking practice presently early trial vaccines become available,@briseboy,2020-04-11T23:36:19Z,0,
YJ0kpE9zXjo,UgyquhRqamQlbk5eXmR4AaABAg,go mayo medical sitethey spread anything facts,@timyatcak3292,2020-04-11T15:07:15Z,0,
YJ0kpE9zXjo,UgwVCxl1WwwPMdlx3094AaABAg,let tell sick misinformation family members block social media fact checked posts gave truth surprise lie preferred network fox fake newsgimme break laura ingraham touting religious liberties freedom gather worship infringed uponin middle pandemicwith ag barr talking sides mouth backtrack goes south legal,@JustMe-xv8fx,2020-04-10T00:25:42Z,0,
YJ0kpE9zXjo,UgznKj7K-Rl0BoXm8BJ4AaABAg,mainstream media pusher myths look real news private citizens g real threat corona virus forces vaccinations,@friendelasrflat8501,2020-04-08T16:16:53Z,0,
YJ0kpE9zXjo,UgyXjAmOBXGmX_wjhi94AaABAg,make america great ever great,@anitaadams2422,2020-04-07T17:07:16Z,0,
YJ0kpE9zXjo,Ugwl8jt1-1kd8B3gJEd4AaABAg,g g cause rfid radio waves damage cells dna inturn hurt immunity system making compromised virus things like cancers holy fawk news know facts play idea cell phones damage,@coryryder9070,2020-04-07T06:01:20Z,0,
YJ0kpE9zXjo,UgxX25ujaglNNhr8eHN4AaABAg,msnbc cancer,@chadwindham2979,2020-04-07T05:51:33Z,0,
YJ0kpE9zXjo,Ugx1hic8Y_CUumoA8It4AaABAg,exactly stay safedont listen trump,@maryhamm3699,2020-04-06T20:04:44Z,0,
YJ0kpE9zXjo,UgykGXnBPnpV8nvkRMN4AaABAg,talk mental health im lockdown long start get anxiety point start feeling simtoms till anxiety go away,@hugodiaz163,2020-04-06T17:24:20Z,0,
YJ0kpE9zXjo,Ugzmc3Pxu4wFyqoA-9p4AaABAg,maybe good thing come epidemic people may actually start listening scientists things like climate change,@traceurjay,2020-04-06T10:14:56Z,0,
YJ0kpE9zXjo,UgzFe3UQE9W_a_Zv0z14AaABAg,everyone outside usa knows airborne well usa also anyone get die republicans money much squeeze people american lives matter,@THMILLER,2020-04-06T08:26:15Z,0,
YJ0kpE9zXjo,UgziuZBSu7cG_r06TZF4AaABAg,many iterations virus doesnt get spread contact spread air,@kirkthiets2771,2020-04-06T04:33:51Z,0,
YJ0kpE9zXjo,UgwASEc_jNi27YB04H94AaABAg,years recover,@sandienesta1467,2020-04-06T04:21:26Z,0,
YJ0kpE9zXjo,UgzAF0bkfQOOAVFn3m14AaABAg,gop party dumb,@CommentaryActivism,2020-04-06T03:05:15Z,0,
YJ0kpE9zXjo,UgyH9CXaoTepE6Npwel4AaABAg,knowledge power take knowledge empower liveie stay home protect go necessities much unknown lasting effects virus avoidance best option,@LiviesLovelies,2020-04-05T23:51:34Z,1,
YJ0kpE9zXjo,UgwUlm9p1uqTlfsRVgN4AaABAg,one feel better watching regulartake time enjoy good talkjournalprocess feelings also imperative speak trusted friend help pushback inevitable thinking find getting stuck words wise,@joannabrinkley8266,2020-04-05T22:18:24Z,0,
YJ0kpE9zXjo,UgwiHc_p2APGNQOzH3V4AaABAg,right tertiary effects fetuses,@littledikkins2,2020-04-05T21:59:21Z,0,
AjkeiY8MdEY,UgzuDraxBKRhSImqmEJ4AaABAg,hey liked video ive trying look vid explains everything video lesson really like content new dr ethan drs videos useful actually learned lot finals knowledgable medical student uk suggest watch page give doc subscribe learnfromdrethan,@inlove834,2021-01-02T23:20:47Z,0,
AjkeiY8MdEY,UgxDLChu7NjaPhLI9cp4AaABAg,please lord protect us coronavirus,@sammywestenberger9303,2020-12-24T03:08:08Z,0,
AjkeiY8MdEY,UgzmnptBdYCIHJjOpxV4AaABAg,obviously many causes limiting time facebooktwitteryoutube turning news notifications help lot people,@ajahnpadawan8812,2020-12-23T19:08:48Z,0,
AjkeiY8MdEY,UgwIQ2oY2t8SC_hXckN4AaABAg,dr_joehome always cold sores outbreaks periods terrible went test doctor said herpes virus want share brief testimony dr joe completely cured herpes virus natural medicine became burden outbreaks time terrible look upon mirror going would rather lock indoors times outbreak stumbled upon testimony someone herbal doctor cured internet took doctors email drjoehomegmailcom contact im completely whole today free virus horrible outbreaks thanks dr joe,@Mrcriag-12w,2020-12-23T10:21:34Z,0,
AjkeiY8MdEY,Ugwi-gvckuf8l86F5cB4AaABAg,indeed mental health taken care kiirtan helps upkeeping mind positive includes dancing big toe touching floor relaxes brain similar way zone therapy singing mantra baba nam kevalam makes mind peaceful still thinking meaning mantra love make one feeling love day also bnk kiirtans learnt videos also,@DidiAAsha111,2020-12-22T21:23:43Z,0,
AjkeiY8MdEY,UgxRrwp5Z2PaL1y8oTJ4AaABAg,vaccine wide spread spring summerwait though im essential workerswhy need wait congressional employees politicians getting,@blackwind6317,2020-12-22T17:30:23Z,0,
AjkeiY8MdEY,Ugz66eRguN3E0PPMKHt4AaABAg,since trump doesnt care peoples physical health death extremely unlikely cares mental health,@pennyroyal3813,2020-12-20T00:39:55Z,0,
AjkeiY8MdEY,Ugy1Px-42Yu55_G3e6h4AaABAg,seems like every media outlet fake n real mainly reporting virus vaccines great reset election corruption etc bad news sure get person many suicides cus weve forced lock downs lost millions businesses told work homeless cus cant afford rentmortgage starving etc many months even though thousands real doctorsscientists many studies proof virus like another flu vaccines toxic ingredients causing millions serious health issuesdeaths around world heres comforting true bible study listened today help remind us almighty god always control trust know take care everything perfect time study god moses bring israelites red sea making dry land could escape king ramsees along big army egyptians thought cornered til lord made dry land turn back red sea drownedkilled king entire egyptian army hundreds studies help keep mind lord instead sin cursed earth continues get worse httpswwwyoutubecomwatchvjuupwwagfeatureyoutube exodus moses said unto people fear ye stand still see salvation lord shew day egyptians ye seen day ye shall see ever lord shall fight ye shall hold peace praying god glory revelation fear god give glory hour judgment come nahum lord slow anger great power acquit wicked lord hath way whirlwind storm clouds dust feet psalms fire hail snow vapour stormy wind fulfilling word forbidden footage actual location red sea crossing mt sinai httpswwwyoutubecomwatchvyuicciisy,@OBEYGOD247,2020-12-19T15:50:37Z,0,
AjkeiY8MdEY,UgwII22XOZrlLPBWcuB4AaABAg,thank china,@Crazzymo22,2020-12-19T15:22:43Z,0,
AjkeiY8MdEY,Ugw-LM3qELqSaBKE-xZ4AaABAg,right let people together person get help stores businesses open privacy real concern virtual meetings say sessions arent shared others perhaps ai bots,@BullsEye4444,2020-12-19T14:29:32Z,0,
AjkeiY8MdEY,UgyB0CmTvVcdsdaXnC54AaABAg,vote red david kelly freedom constitution president donald j trump win constitution stop steal remember people american justice prevailgod bless america congratulations republicanwomen year conservative woman,@bigslater2510,2020-12-19T01:00:32Z,0,
AjkeiY8MdEY,Ugx1tujhaVaUha_Hixt4AaABAg,homeless give trump tower families properties would partial justice,@lesleyedgley8371,2020-12-18T22:57:01Z,1,
AjkeiY8MdEY,UgyvLcaa6WQj3xfzLBV4AaABAg,check newsmax ntd news oan news even fox news,@Iriskdelarosa,2020-12-18T22:55:22Z,1,
AjkeiY8MdEY,UgwrlHWjCgppk65y7zF4AaABAg,need put pressure president joe biden executive action student loan forgiveness day one law allows studentloanjusticeorg,@obiwan3993,2020-12-18T22:11:28Z,0,
AjkeiY8MdEY,UgwYRnlucRZjNsZ7yGV4AaABAg,important keep discussion mental health going open nobody feel ashamed experiencing anxiety stress hopelessness feelings real justified ask help reach dont alone,@fionahaines882,2020-12-18T22:01:42Z,1,
AjkeiY8MdEY,UgyKTjxLYt_XBI_Xiu14AaABAg,people able pay bills worrying homeless causing lot stress also,@zandale7418,2020-12-18T21:10:14Z,2,
AjkeiY8MdEY,UgzzgHd3t9cxPZOKGpJ4AaABAg,close dying,@lt5306,2020-12-18T20:47:52Z,0,
AjkeiY8MdEY,UgwK5ohJBkA-dITO9up4AaABAg,vote red david kelly freedom constitution president donald j trump win constitution stop steal remember people american justice prevailgod bless america congratulations republicanwomen year conservative woman,@bigslater2510,2020-12-18T20:42:14Z,0,
z43onGU9ul4,Ugxfp2-Wnp2U2I8LzzN4AaABAg,dont ever let government next time stand say im military stood ground couldnt kick made really hard kick whole thing blew believe upper leadership apologized,@19AGJ86,2025-08-31T00:00:38Z,0,
z43onGU9ul4,UgxaI876P9lDB5ZCJfJ4AaABAg,fauci crew weaponize health healthcare liars whole lot dont believe qabbalah esotericists witches yes witches ever created harmless pharmakeia bka sorcery harmful im certain friends look easy baal loutzipher get people forget entire life indeed spiritual warfare,@melaninrichblessdhighlyfavored,2022-12-07T22:56:13Z,0,
z43onGU9ul4,UgxfeZ1agedcgFdsS6h4AaABAg,illegitimate spawn wicked mother theresa satan himselfwhat punishment treason liar thief puppet ruling elite,@magnificent6668,2022-11-03T12:17:53Z,0,
z43onGU9ul4,UgymBuYvEp7hxN3JFJV4AaABAg,guy motivated money making stop spreading lies fear,@somethingunscripted,2022-11-02T20:39:33Z,0,
z43onGU9ul4,UgzbxLeNBERytPUm9ct4AaABAg,slowly slowly turns lies true dr fauci science claims didnt opt lockdown closing schools people remember lets hope escape justice however millions pocket form big pharma,@jozefbak6033,2022-10-31T19:29:13Z,1,
z43onGU9ul4,Ugz0TtAyeTgT-gUgW8J4AaABAg,arrest crimes humanity finely clear,@markfcoble,2022-10-27T23:09:13Z,0,
z43onGU9ul4,UgxRfMFsZSZ5mYUifUJ4AaABAg,ask people dying theyve vaccinated embalmers finding metallic substance blood clots started occurring vaccine put place prior didnt see,@kimmybd-i7q,2022-09-30T05:54:04Z,0,
z43onGU9ul4,UgzDbvdpUu3I64Owyzp4AaABAg,dr fauci one biggest lieder news network msnbc cnn would never bring jimmy dore new network bought big pharma pfizer cant handle true,@philipcapehart7072,2022-09-25T10:18:54Z,0,
z43onGU9ul4,Ugy-cRvPaCFWnhwnOqF4AaABAg,old monster needs neath prison cell,@seek1028,2022-09-20T07:18:43Z,0,
z43onGU9ul4,Ugzx1sfzC7A-JYCmEax4AaABAg,whole family got covid hospitalized new born breathing problems since weve covid times reacted like flu nothing non vaccinated people,@Fayd_Jester,2022-09-11T11:11:03Z,2,
z43onGU9ul4,UgysLYjAKNhvLUIu8854AaABAg,covid germ warfare monkeys filmthen peddle poison vaccinesand bring thousand new draconian lawsthey keep bit bit wear control sheep guilt feardemonise unvaccinated meanwhile boris chums living lockdown,@volpeverde6441,2022-09-05T14:19:30Z,0,
z43onGU9ul4,UgyjXaM76usTJeIUfgN4AaABAg,drug companies confident vaccines exempt people suing something bad happens supposed trust whatever people put shot violation human rights,@L4Disillusion,2022-08-29T14:49:15Z,0,
z43onGU9ul4,UgwXrLvmcDOfbtIyl4d4AaABAg,dr fauci fauci weaponizing vaccines depopulate planet earth bunker bunkers newlyminted pharmaceutical industry billionaires since soros bunker gates,@StealthyNomadica,2022-08-17T06:51:38Z,0,
z43onGU9ul4,UgxOp2DZWHgu9NM3tVN4AaABAg,says rhe lier,@charlescole4289,2022-07-20T21:22:35Z,2,
sBmQam6kY0Q,UgzVcbpXNuFVk8ypCMh4AaABAg,sorry folks joe biden cowardly groper fun voting,@javi-wan9375,2020-04-28T01:38:56Z,0,
sBmQam6kY0Q,UgzU5-gakqWzRT_mmOR4AaABAg,watching fox news get killed,@larryfulkerson4505,2020-04-27T18:08:54Z,0,
sBmQam6kY0Q,Ugw4j8BvRYWNF82hU394AaABAg,definitely thanks sharing truth native americans almost totally ignored real americans rich like say together rich concept dont care many us barely hanging anytime much less elderly disabled depending entitlements ssa ssi medicare poor races ages hard working people barely making min wage work multiple jobs survive small business probably wont survive gets yet another bail yep banks big corps amd real estate moguls including trump son law etal celebrities yeah united,@buckeyefangirl1976,2020-04-26T15:22:28Z,0,
sBmQam6kY0Q,UgxYAdartXyOk-rD4sF4AaABAg,one thing notice virus hits races nations religions,@neokennime6756,2020-04-26T07:23:20Z,0,
sBmQam6kY0Q,UgzS7Ds-eqe1KkwJCEt4AaABAg,go health department get test already number call health provider call call back people poor people smartphones everyone poor access healthcare america stop narrative,@victoriousvictory8899,2020-04-25T01:02:04Z,0,
sBmQam6kY0Q,Ugx9RyzJpJmciQFu2ed4AaABAg,lets get real anyone means get family tested first safety summer home would tell differently maybe stop spiteful change fate yes system rigged people easier others always way always deal,@frank-lt3tp,2020-04-24T18:02:21Z,0,
sBmQam6kY0Q,Ugwpqa6Z4v1MivJTjk94AaABAg,light moscowmitch showing true colors comment blue states conspiracy theory covid greedoverpeople ploy suppress votes,@kidmohair8151,2020-04-24T16:45:17Z,0,
sBmQam6kY0Q,Ugz5gJIRYZkQVh--jQh4AaABAg,trump needs careful says dems told trump realize dems morons spoken cannot tell difference layman getting point across professional advice,@jimharmon2300,2020-04-24T15:37:28Z,0,
sBmQam6kY0Q,Ugwczqq_lywB_sqUDW94AaABAg,china compensate rest world unspeakable horror unleashed us coronavirus kind god would allow horrible virus flourish visit website agnosticthinkercom,@robertcooper1952,2020-04-24T15:34:40Z,0,
sBmQam6kY0Q,UgzP2OHhygxpG3_vUsp4AaABAg,race baiting,@trumpnews8793,2020-04-24T15:17:51Z,0,
sBmQam6kY0Q,Ugw_9pAAzhFD3h3_zsl4AaABAg,americans tired winning yet,@bionicman1921,2020-04-24T14:51:43Z,1,
sBmQam6kY0Q,UgyIpj1lqAC6PBAMeeF4AaABAg,pray everyones wellbeing safety hope everyone great fighting virus got really effective thing related pendamic moral duty share wtih everyone reach azaanagmailcom,@helpingguy1585,2020-04-24T13:50:20Z,0,
sBmQam6kY0Q,UgwVZ_uBgck8fAnp_Zl4AaABAg,america pathetic,@realvesselgem6527,2020-04-24T13:33:23Z,0,
sBmQam6kY0Q,UgzWj4ErpJAyfqVtcN54AaABAg,yeah lets believe brian williams weasel lied years helicopter hit rpg steals us service peoples valor nbc continue employ trustworthy journalist,@obsidiansuby,2020-04-24T13:32:34Z,1,
sBmQam6kY0Q,UgyyPAAKxtnPv09_6RR4AaABAg,guys always bring minority solve problems created white people thats like asking victim feel punched face hurt much force want use next time youre trying solve problem youre exploiting misfortune created people race thats cruel evil,@barefoot6745,2020-04-24T13:30:05Z,0,
sBmQam6kY0Q,UgyyPAAKxtnPv09_6RR4AaABAg.97ptIW4PlAK97ptjDCYVM7,minority needs stop coming show entertain sadist host hostess want exploit pain pure enjoyment obviously,@barefoot6745,2020-04-24T13:33:52Z,0,UgyyPAAKxtnPv09_6RR4AaABAg
sBmQam6kY0Q,UgzP7ZkibHRleJDJ5294AaABAg,mcconnell trump see dead democratic voters warms lumps coal hearts,@radwulfeboraci7504,2020-04-24T13:12:59Z,0,
sBmQam6kY0Q,UgyhzK-I14MDaIDI4ct4AaABAg,blackwhiteslatinoschinese day come stop labeling actually look human beings one race one mind among cosmos smh,@TOROG13,2020-04-24T12:52:13Z,0,
sBmQam6kY0Q,UgwPlctAGk5p7yOq6RR4AaABAg,id like see racial breakdowns countries well know early china provided type blood individuals frequent victims virus article state whether type blood also common chinese population,@constituenta5293,2020-04-24T12:19:50Z,0,
sBmQam6kY0Q,UgytsVXO24SnRiWXalV4AaABAg,intresting seeing ticker tape running across screen live uk deaths says well let inform us public number include nursingcare home deaths homes never tested hospital deaths counted right wing newspaper daily telegraph said deaths day care homes counted ask tory republician government worried numbers truth sound familiar,@clacton17,2020-04-24T11:56:39Z,2,
-2h2bQYO-0E,UgyJPtqEiZkHzmtBz6l4AaABAg,john thomas one twelve called didymus jesus came disciples therefore said unto seen lord said unto except shall see hands print nails put finger print nails thrust hand side believe eight days disciples within thomas came jesus doors shut stood midst said peace unto saith thomas reach hither thy finger behold hands reach hither thy hand thrust side faithless believing thomas answered said unto lord god httpplaygooglecomstoreappsdetailsidbiblekingjamesbiblelite,@0believeinjesus9,2021-01-07T23:20:12Z,0,
-2h2bQYO-0E,Ugw8Iz-b_ENA9lxqwUF4AaABAg,coronavirus paving way soon coming real issue national sunday law coronavirus reversed translated hindi means sunrise eye trend mask legislation masking real issue httpregcom,@Project144K,2020-07-23T07:54:06Z,0,
-2h2bQYO-0E,UgzRJhXDAR32PLBWYt14AaABAg,viva mr president trump best gentleman iranian love say well thank mr president trump hope win seydali cholaagh khamenehi hassan rohani koskesh islamic republic iran,@bahramsasani3661,2020-07-22T22:57:51Z,0,
-2h2bQYO-0E,UgzGnKiXVKUa9nY94VR4AaABAg,dr tim oshea offering k reward proof covid diagnosis hospitals still empty,@rickrobbin4861,2020-07-22T18:54:20Z,0,
-2h2bQYO-0E,Ugwnrr4GfCMsoRbQa9p4AaABAg,remember issues border devastation poor communities color feature bug leaders state country leaders helped put place joe btw decades propping right dissolve trump got,@Bum_Hip,2020-07-22T17:40:26Z,1,
-2h2bQYO-0E,UgxVr0h3ohN5DoWb6yF4AaABAg,oh virus still spreading new joke mourning joke show think virus going sit still brilliant lets hope vaccine works jerk baiters go back watching cartoons wheres mask,@tomtamir4156,2020-07-22T10:15:22Z,0,
-2h2bQYO-0E,UgxNf6zqHg7iJJrjulZ4AaABAg,happened remdesiir zinc hcq azithomycin lol,@taresy6789pp,2020-07-22T07:31:50Z,0,
-2h2bQYO-0E,UgzU-7r4LWCPTJ4TNTJ4AaABAg,covid update httpsyoutubejfrrigtvvo,@thundewrfox3296,2020-07-22T05:28:27Z,0,
-2h2bQYO-0E,Ugzy0z8W0scKQ0boCI14AaABAg,ive trying tell people months coming corinthians kjv moment twinkling eye last trump trumpet shall sound dead shall raised incorruptible shall changed revelation kjv man might buy sell save mark name beast number name wisdom let hath understanding count number beast number man number six hundred threescore six number numerical value trump xx,@144k_Kingdom_Living,2020-07-22T04:31:24Z,0,
-2h2bQYO-0E,Ugz5REJhI7zv4YOJYcF4AaABAg,stop trump patriotic tyrant george washington rolling grave tyrant claims patriotic vote azz fxxx outttttttt vote joe vote blue,@justinajackson4411,2020-07-22T04:01:56Z,0,
-2h2bQYO-0E,UgyBhyOBPNGnpzEFtHt4AaABAg,caitlin fox love reporting also,@spectre56j,2020-07-22T03:44:54Z,0,
-2h2bQYO-0E,UgzOuSOv6XMYJkFAOnt4AaABAg,people keep saying test numbers fl inaccurate someone told several labs reporting positive results true,@vistomonte6524,2020-07-22T03:19:06Z,0,
-2h2bQYO-0E,UgzjfIIawNP2ZZVmUN14AaABAg,coronavirus pandemic cases continue sweep across us thereby continuing motivate us people america redouble efforts immediately find given moment including online among us unwittingly contagious ie presymptomatic asymptomatic order convince call doctor selfquarantine per doctor hopes stopping pandemic overruns hospitals across us,@HeartDocAndrew,2020-07-22T00:59:21Z,3,
-2h2bQYO-0E,Ugw1wtva06ZSD7AyZsh4AaABAg,please send sarah cooper presidential clown show,@ideaquest,2020-07-21T23:33:06Z,0,
-2h2bQYO-0E,UgwRTRKxnQ4_Le8fWSF4AaABAg,trump helping matters consider ive able accumulate investments mr john brooks amount flexibility achieved portfolio trading pattern see reasons continue grow investments,@muskyofficialot,2020-07-21T23:14:44Z,7,
-2h2bQYO-0E,UgwRTRKxnQ4_Le8fWSF4AaABAg.9BOX9ehawHX9BOY-05BhRd,understand means win trading dont struggle pay bills anymore thanks john,@Elonprivatechats-w5r,2020-07-21T23:22:01Z,0,UgwRTRKxnQ4_Le8fWSF4AaABAg
-2h2bQYO-0E,UgwRTRKxnQ4_Le8fWSF4AaABAg.9BOX9ehawHX9BOY6xfZuEC,offer get financial report information,@forexvisit3325,2020-07-21T23:23:06Z,0,UgwRTRKxnQ4_Le8fWSF4AaABAg
-2h2bQYO-0E,UgwRTRKxnQ4_Le8fWSF4AaABAg.9BOX9ehawHX9BOYITPApaM,new investor mr john helped become confident trade additional asset classes skills grew,@q-options7675,2020-07-21T23:24:40Z,0,UgwRTRKxnQ4_Le8fWSF4AaABAg
-2h2bQYO-0E,UgwRTRKxnQ4_Le8fWSF4AaABAg.9BOX9ehawHX9BOYPStdhNV,forexvisit write officialjohnbrooksgmailcom,@muskyofficialot,2020-07-21T23:25:38Z,0,UgwRTRKxnQ4_Le8fWSF4AaABAg
-2h2bQYO-0E,UgwRTRKxnQ4_Le8fWSF4AaABAg.9BOX9ehawHX9BOYZu1v7CG,cant expert trading without mentorship expert thats recommend john brooks anyone interested making huge profits,@thomgarcia4983,2020-07-21T23:27:03Z,0,UgwRTRKxnQ4_Le8fWSF4AaABAg
-2h2bQYO-0E,UgwRTRKxnQ4_Le8fWSF4AaABAg.9BOX9ehawHX9BOYlZ1UFMA,making decisions taking actions understand basic concept investing appreciate good works,@leewong6436,2020-07-21T23:28:47Z,0,UgwRTRKxnQ4_Le8fWSF4AaABAg
-2h2bQYO-0E,UgwRTRKxnQ4_Le8fWSF4AaABAg.9BOX9ehawHX9BOYuKVGjWp,asides trading getting richer day earns charging respective client whatever profit generated trade session,@diddy1515,2020-07-21T23:29:59Z,0,UgwRTRKxnQ4_Le8fWSF4AaABAg
-2h2bQYO-0E,UgzjHDK5jW-TZzvY3up4AaABAg,india outperformed us national health response covid using triple cocktail approach dr didier raoult,@jtcouch,2020-07-21T22:58:20Z,1,
-2h2bQYO-0E,UgwoVIDagPXMk5kvwph4AaABAg,issue dealt theres vaccine disease continue spread contaminating region mess,@johnbrown2035,2020-07-21T22:01:47Z,0,
2QIB9E7IoVM,UgwUISXwIfnz4EQycyV4AaABAg,governor cuomos office oval,@thebastardgift,2020-04-24T13:17:17Z,0,
2QIB9E7IoVM,Ugw7-isThQOvajEciS94AaABAg,yeah techies finance people fine us essential workers totally forgotten left pitchforks remember gun shop boomer talking real work age automation gig economy please follow guy says small business defined harvard multi state chains,@Optimistic_Fool,2020-04-23T01:03:48Z,0,
2QIB9E7IoVM,UgzDSe4t0YVMixc8aiB4AaABAg,thisisthefuturscovidsolutionasanantiviral,@PrémelG,2020-04-23T00:39:56Z,0,
2QIB9E7IoVM,UgwI0929mXlHk7fE4Md4AaABAg,pleasepleasepleasesharethisinformationonquercetine,@PrémelG,2020-04-23T00:38:49Z,0,
2QIB9E7IoVM,UgzUf3OZfp-WlwK_doZ4AaABAg,stay home people selfimprove work family children let earth clean air water come appreciating eachother,@mariaangel1065,2020-04-22T21:03:01Z,0,
2QIB9E7IoVM,UgwTJj6azEwzs81HbbF4AaABAg,coronavirius even divided country racial grounds,@blackstonelegion5935,2020-04-22T20:27:14Z,0,
2QIB9E7IoVM,UgzY9y4VNjVzMWMsBah4AaABAg,america wealthiest country world looking like rd world basket case every day glad dont live screwed country,@pittwaterplayground,2020-04-22T19:50:35Z,0,
2QIB9E7IoVM,UgxI5Yyd4PTDwqukwq54AaABAg,spanish flus nd wave deadlier st wave lets hope weve learned history smarter nowthe rd wave lowest,@donovan3476,2020-04-22T19:11:33Z,0,
2QIB9E7IoVM,Ugy8AKD29QDzBiaOWzN4AaABAg,watching original blade runner people maybe thats headed prof isaacson wanna switch residences could stand living broadcasting though louisiana sorry humidity typhoons bad enough tokyo saying long asking years end actually valuable society someone grows prepares delivers food others spend time things societys selfappointed leaders say important someone carts away waste works plant purify someone fixes cars drives buses practical skills mention police firefighters doctors nurses teachers host others make possible hedge fund managers example one thing well create money value rest us accept financiers telling us hundreds years rest us could also say money nice tool make unequal transactions easier like one needs billion hammers build house one needs billion dollars live life times easier opulent person making serve financiers world important system people like set upon time people like make sure survives whether fairly measures value set criteria make sure come top longer prove criteria best making determination sort like divine right kings populace accepts rich get rest us serve without questioning must nice yet course end theres good old timothy matthew rich look forward,@gnirolnamlerf593,2020-04-22T18:54:24Z,0,
2QIB9E7IoVM,UgxW85ZE9PG6mo4kl1x4AaABAg,coronavirus pandemic could change america forever katrina spanish flu events humbled america problem becoming prideful event wasnt forever,@heartdocandrew4000,2020-04-22T11:11:49Z,3,
2QIB9E7IoVM,Ugy7-coxs0cuyjvN3ph4AaABAg,reflect reimagine gov cuomo shows us true effective leader thinks pandemic thank sharing peace blessings yall,@sunii9929,2020-04-22T00:04:52Z,0,
2QIB9E7IoVM,UgxgXph7sauvVnu9ymh4AaABAg,ok like would totally let cuomo smash,@morexansplease4347,2020-04-21T22:08:15Z,0,
QwGfY5CJJZ0,UgyKm3Glav0AdAo49NR4AaABAg,africa defeated coronavirus africa lowest coronavirus death rates lowest infection rates highest cure rates coronavirus hydroxychloroquine nano silver zinc zithromax combination drugs intravenous vitamins traditional african therapies cure coronavirus instantly prevent coronavirus vaccines needed african doctors known cures since january treatments african doctors use hivaids ebola malaria dengue fever hepatitis great success herd immunity already achieved africa african doctors simply better western doctors looking success rates coronavirus best way get instant cure travel senegal ghana coronavirus treatments including cost travel would spending less half hospital fees american hospital african hospitals ten times greater success rate american hospitals charge ten times ten times higher death rate american patient regardless race ethnicity united states times likely die coronavirus patient regardless race ethnicity africa american healthcare system great big huge stinking scam african doctors scientists came accurate hour coronavirus test cost dollar patient united states still coronavirus tests accurate fast cheap african continent taking extreme exceedingly early mandatory weekly testing temperatures citizens tested negative free go back work mandatory facemasks surgical gloves sanitizing workplace regular handwashing social distancing weekly work certificates proving virus free citizens tested positive coronavirus mandatory quarantine get unemployment compensation equal regular salaries free home medical treatment citizens tested positive family members household free telemedicine postal shipping free hydroxychloroquine nano silver zinc zithromax combination drugs intravenous vitamins provided public health authorities needed treat asymptomatic patients inexpensive exceedingly early asymptomatic patients tested negative two weeks given regular temperature testing weekly work permits go back work mandatory facemasks surgical gloves sanitizing workplace regular handwashing social distancing keep mind beginning pandemic people testing positive less one percent population therefore inexpensive treat coronavirus african civil authorities took extreme exceedingly early measures quarantines shutting air travel cross boarder travel internal travel proven amazingly effective coronavirus african continent conducted mass deportations nonafricans infected people could afford quarantine hotel rooms africans citizens infected coronavirus returning african continent quarantined separate section airports ordered quarantined homes visiting healthcare employee would treat returning african citizens homes worst mistakes made government public health private health authorities calling coronavirus worst flu treating asymptomatic patients get sick contagious asymptomatic patients treated hydroxychloroquine nano silver zinc zithromax combination drugs intravenous vitamins within hour testing positive would prevented coronavirus pandemic outside china delaying quarantines late opening economy coronavirus rise using hydroxychloroquine nano silver zinc zithromax combination drugs intravenous vitamins proven safe effective inexpensive africa highest cure rate using remdesivir instead hydroxychloroquine nano silver zinc zithromax combination drugs intravenous vitamins remdesivir awfully expensive patented drug proven ineffective coronavirus ebola hydroxychloroquine nano silver zinc zithromax combination drugs intravenous vitamins inexpensive proven effective coronavirus allowing open boarders pandemic deporting noncitizens tested positive coronavirus cost treating one coronavirus patient remdesivir per patient treating one coronavirus patient hydroxychloroquine nano silver zinc zithromax combination drugs intravenous vitamins one tenth cost remdesivir remdesivir costly useless drug remdesivir used ebola outbreak sierra leone july complete failure nano silver used treat ebola extremely successful wonder nano silver used coronavirus year vaccine coronavirus become useless next coronavirus mutations arrives mathematically mass coronavirus vaccinations completely useless patients recover coronavirus recover knowing coronavirus sign illness discover soon coronavirus vaccines dangerous coronavirus therapeutics clearly superior vaccine administered early therapeutics hydroxychloroquine nano silver zinc zithromax combination drugs intravenous vitamins traditional african therapies cure coronavirus new mutations instantly prevent coronavirus vaccines needed therapeutics side effects extreme muscle pain fainting sudden death vaccines losing effect due coronavirus mutations fact natural herd immunity time early coronavirus suddenly abruptly disappear countries outside africa happen greater population outside africa infected recovered coronavirus happened coronavirus november th cases fallen sharply coronavirus running uninfected people infect herd immunity happens vaccines become useless obsolete reason mass vaccinations conduct mass covert genocide andor sterilizations vaccines contaminated hivaids ebola marburg disease infertility agents done many times africa doctor without borders world health organization unicef united nations international childrens emergency fund caught many times africa sterilizing women spreading ebola via vaccinations doctors without borders conducting medical experimentationsin republic congo sierra leone local villagers drove doctor without borders violently killing doctors believe spreading ebola virus previous flu pandemic vaccinated died united states north south america europe use exact protocols africa coronavirus would resolved april coronavirus would considered nuisance disease yearly flu current healthcare system united states would never allow system africa exist united states know causes diabetes vaccines africa diabetes unheard mass vaccinations programs got started chance opportunity compare vaccinated unvaccinated every time vaccination program starts africa see diabetes hivaids ebola marburg disease infertility years later watch carefully unvaccinated disease outbreaks never occurs vaccines greatest hoax fraud deception greed western medicine get vaccinated become permanent lifetime customer big pharmaceutical industrial complex live normal life autoimmune disease caused vaccines nothing else stay away vaccines boost natural immune systems take lots vitamins essential minerals nano silver copper zinc magnesium manganese potassium essential minerals iron need eat meat eat superfoods organic vegetables grown organic vertical hydroponic led pink houses beef make sure cows eating grass pork makes sure pigs eating organic corn feed watch african swine flu real killer pigs chickens make sure chickens eating soybeans natural chicken feeds seafood well must incredibly careful dump human animal waste oceans lakes rivers practice extreme hygiene bathe every day every day keep clothes blankets towels washed clean never reuse unless washed already know extreme hygiene clean municipal water fluorides cause sharp decrease disease infection outbreaks vaccines th century dental hygiene must spend whatever takes teeth examined cleaned dentist need braces get need jaw surgery correct bite hesitate get jaw surgery braces great dental hygiene mean extra heathy years live,@phillieg58,2021-02-16T00:38:28Z,0,
QwGfY5CJJZ0,UgwDGvyC-Sp8u-6Gool4AaABAg,increase gone arent still several times likely become infected individual level eight months ago due vast numbers,@davidstephenball-romney8332,2021-02-15T18:18:53Z,0,
QwGfY5CJJZ0,UgyO5s7mqyvha1HYPW94AaABAg,move red state,@jaygibson5057,2021-02-15T17:47:18Z,0,
QwGfY5CJJZ0,UgzBBt4YRoleMiMSQlV4AaABAg,less month entire country turned red green would thought except everyone knowledge,@dasstigma,2021-02-15T17:37:34Z,1,
QwGfY5CJJZ0,UgzBBt4YRoleMiMSQlV4AaABAg.9Jn4i2mlcqY9Jn7JqST_X7,christine reed yes know rest world plays along care much fools million people died died overacting stand soon good,@dasstigma,2021-02-15T18:00:20Z,2,UgzBBt4YRoleMiMSQlV4AaABAg
QwGfY5CJJZ0,UgyzL-EQMpwZcj7SURV4AaABAg.9Jn20pShH7E9Jn2UcOctdR,gurantee mean spell guarantee dont know spell good,@rgwak,2021-02-15T17:18:07Z,0,UgyzL-EQMpwZcj7SURV4AaABAg
QwGfY5CJJZ0,Ugwnk-D4W3EqX_5V7Yl4AaABAg,numbers rose mean numbers artificially inflated much manipulated reclassification miscounting stop arent reporting instance numbers rose ny state many people cuomo shuttled nursing homes intentionally misreported lower numbers political reasons really thats amazing premeditated bit malfeasance people would hoped journalist would waits hears crickets goofs,@MRTOMBO,2021-02-15T17:05:25Z,0,
QwGfY5CJJZ0,UgzTy8u5ZxbnMmXWWPZ4AaABAg,question people refuse wear masks stupid dont understand advanced technology masks yes,@rgwak,2021-02-15T16:47:05Z,1,
QwGfY5CJJZ0,UgzTy8u5ZxbnMmXWWPZ4AaABAg.9JmzwI4tTAK9Jn1U8ahYLD,skippy thru sea masks like rock star knowing l immune system,@buddymckimmey3545,2021-02-15T17:09:19Z,0,UgzTy8u5ZxbnMmXWWPZ4AaABAg
QwGfY5CJJZ0,UgzTy8u5ZxbnMmXWWPZ4AaABAg.9JmzwI4tTAK9Jn20TqzaYj,buddymckimmey gleefully spreading corona stupidity time also thanks validating answer question,@rgwak,2021-02-15T17:14:00Z,2,UgzTy8u5ZxbnMmXWWPZ4AaABAg
QwGfY5CJJZ0,UgzTy8u5ZxbnMmXWWPZ4AaABAg.9JmzwI4tTAK9Jn2ZZ2okzr,rgwak lol wont stand chance next virus masker carry lmfao,@buddymckimmey3545,2021-02-15T17:18:48Z,0,UgzTy8u5ZxbnMmXWWPZ4AaABAg
QwGfY5CJJZ0,UgzTy8u5ZxbnMmXWWPZ4AaABAg.9JmzwI4tTAK9Jn7rIBxIAg,ro g mask boxes even say prevent virus god virus particle times smaller smallest hole mask takes virus particle infected plus mask technologically advanced quacks wear doctor falsey say well yeah better yet said last march mask nothing advanced mask flu deaths dropped heart attack deaths stroke deaths diabetes deaths weeks ago reported people tested positive flu time last year oh yeah maskright god people special see chart shows cases dropping prior mask mandates vat majority places mandate cases increased possible advanced mask,@wisconsinman3590,2021-02-15T18:05:03Z,1,UgzTy8u5ZxbnMmXWWPZ4AaABAg
QwGfY5CJJZ0,UgwhWtWcTJ_4ccaK-xJ4AaABAg,httpsyoutubemurb_czg,@marcusyoung9185,2021-02-15T16:31:53Z,0,
QwGfY5CJJZ0,UgwBC5khJh0CTZ01Gax4AaABAg,trump everything could help covid spread beginning,@mrbillsrecords,2021-02-15T16:27:52Z,4,
QwGfY5CJJZ0,UgxBkm8SyT52H5dO3fB4AaABAg,found different coronavirus strains china trying get information number show eventually vaccines work,@annj8736,2021-02-15T16:24:45Z,0,
QwGfY5CJJZ0,UgxBkm8SyT52H5dO3fB4AaABAg.9JmxNjkgwc-9JnsTxVQYMU,vaccine usually focuses strain target variants far know,@angellight5040,2021-02-16T01:01:09Z,0,UgxBkm8SyT52H5dO3fB4AaABAg
QwGfY5CJJZ0,UgxeCDDKQkifSrEyFWZ4AaABAg,naive dumb still falling crap,@williamh5646,2021-02-15T16:09:14Z,0,
QwGfY5CJJZ0,UgxkzbkL76XDBAugTqp4AaABAg,various united states war disease death tolls gulf war indian wars desert storm war war afghanistan spanishamerican war persian gulf war iraq war revolutionary war hnswine flu mexicanamerican war korean war flupandemic vietnam war pandemic hnasian flu world war alzheimers world war coronavirus civil war spanish flu hope helps put crisis perspective,@jessetorres8738,2021-02-15T15:58:07Z,2,
QwGfY5CJJZ0,UgxkzbkL76XDBAugTqp4AaABAg.9JmuKamf1NM9Jn20dYwzMr,yet mnths back even cdc showing counting deaths wuhan nothing actual death people ate bs like buffet k already hospice heart attacks strokes actual flu deaths,@wisconsinman3590,2021-02-15T17:14:02Z,1,UgxkzbkL76XDBAugTqp4AaABAg
QwGfY5CJJZ0,UgxkzbkL76XDBAugTqp4AaABAg.9JmuKamf1NM9JnrrlQBdCf,yes thank posting also deaths ebola sars far significantly lower thankfully,@angellight5040,2021-02-16T00:55:48Z,0,UgxkzbkL76XDBAugTqp4AaABAg
QwGfY5CJJZ0,UgxkzbkL76XDBAugTqp4AaABAg.9JmuKamf1NM9Jns8qrDugR,cannot dismiss seriousness pandemic especially far deadly regular flu everyone take care,@angellight5040,2021-02-16T00:58:16Z,0,UgxkzbkL76XDBAugTqp4AaABAg
QwGfY5CJJZ0,UgxkzbkL76XDBAugTqp4AaABAg.9JmuKamf1NM9Jo3jo8aDVo,angellight guess difference even flu didnt death counted like wuhan weeks flatten curve well weeks ago know person sick years old know people states tested positive none sick omg deadly tested vaccine great begging people take,@wisconsinman3590,2021-02-16T02:48:19Z,0,UgxkzbkL76XDBAugTqp4AaABAg
QwGfY5CJJZ0,UgxkzbkL76XDBAugTqp4AaABAg.9JmuKamf1NM9Jo42BRxLrC,angellight according cdc statistic wise flu deadlier guess flu kills wisconsin alone wuhan america death wisconsin wuhan lets forget also flu seasons entire year counting death someone tested positive counted,@wisconsinman3590,2021-02-16T02:50:57Z,0,UgxkzbkL76XDBAugTqp4AaABAg
QwGfY5CJJZ0,UgwTSGfuJvGn6hSfcFJ4AaABAg,happy president day trump,@samuraisorrow9916,2021-02-15T15:52:06Z,0,
QwGfY5CJJZ0,UgwTSGfuJvGn6hSfcFJ4AaABAg.9JmtdZEjU2C9Jn8LlE5Wro,beyond stylz hows mask working sheeple dont even gotta ask probably first thing morning mask,@samuraisorrow9916,2021-02-15T18:09:20Z,0,UgwTSGfuJvGn6hSfcFJ4AaABAg
QwGfY5CJJZ0,Ugx9CKBuuvtx-e5ZrCZ4AaABAg.9JmtWzQ0hWB9Jn06SE6TPN,flyoverstates full uneducated peasants,@bertnijhof5413,2021-02-15T16:57:21Z,0,Ugx9CKBuuvtx-e5ZrCZ4AaABAg
QwGfY5CJJZ0,UgyQQj2qpZxy9BGNH_J4AaABAg,wheres joes plan lmao,@Purple1984Raiin,2021-02-15T15:49:11Z,0,
QwGfY5CJJZ0,UgyQQj2qpZxy9BGNH_J4AaABAg.9JmtJ9DQadd9Jmu5WIdyPX,beyond stylz still celebrating acquittal preparing reelection,@Purple1984Raiin,2021-02-15T15:56:03Z,0,UgyQQj2qpZxy9BGNH_J4AaABAg
QwGfY5CJJZ0,UgyQQj2qpZxy9BGNH_J4AaABAg.9JmtJ9DQadd9Jmue12-yVG,ucbvrxzhxxtudthqqifgzw good luck snowflake,@Purple1984Raiin,2021-02-15T16:00:54Z,0,UgyQQj2qpZxy9BGNH_J4AaABAg
QwGfY5CJJZ0,UgyQQj2qpZxy9BGNH_J4AaABAg.9JmtJ9DQadd9Jn-rJa7tlZ,twice impeached trump allowed untold american deaths inaction incompetence us officially trump virus trumps failure still murdering americans today,@makeracistsafraidagain,2021-02-15T16:55:09Z,1,UgyQQj2qpZxy9BGNH_J4AaABAg
QwGfY5CJJZ0,Ugw9ZdfcD11asWapqmV4AaABAg,thanks peace,@dsaint372,2021-02-15T15:48:50Z,1,
QwGfY5CJJZ0,UgwjUsOqmwMLh2ILYjp4AaABAg.9JmtC0fZ90B9JmvfgrCs6Q,democrats total laughing stock multiple levels obviously httpsyoutubexoauyrji,@williamh5646,2021-02-15T16:09:52Z,2,UgwjUsOqmwMLh2ILYjp4AaABAg
QwGfY5CJJZ0,UgwjUsOqmwMLh2ILYjp4AaABAg.9JmtC0fZ90B9Jn-x5HomGB,williamh patriot,@makeracistsafraidagain,2021-02-15T16:55:56Z,0,UgwjUsOqmwMLh2ILYjp4AaABAg
2gq5FV4rEgQ,UgwMLEgrsBuUtKj2ACR4AaABAg,thank god lincoln project power resources crush new modern day hitler trump new nazi party republican party thats trying make america new germany scary times live sick weakened lies bogus conspiracies worst pandemic modern history plus evil delusional puppets fox news spreading jim crow policy ideology younger generation america poisoning minds like joseph gobbles hitler,@slaterk7164,2021-04-16T08:25:29Z,0,
2gq5FV4rEgQ,UgyzYecPJTrKmzpr_sJ4AaABAg,trumps toxic polices bogus conspiracies lies mixed people wrong thing recipe disaster people two people family die super healthy physically fit nothing wrong died alone brown liquids filling bad lungs ripped open esophagus one time trying pump fluid diease makes lung able absorb like sponge die suffocating drowning time become shell former self muscle tissue left bed sores eating leg way deep skin places alone family around dont ever say dangerous thats lie former ex president led everybody believe stupid vote money keep jail catastrophic leftover mess left us wake lies bogus conspiracies bribery insurrections let quarter million die lie could throw people bus world came hunting seperate investigations founding father rico racketeering mark pomerantz hired take already turned paper trail criminal empire ny chicago florida two lawmakers republicansarrested march tampering election results machines posing democrat last year keep trumps policies power tax invasion fraudulent lones millions,@slaterk7164,2021-04-16T08:25:22Z,0,
2gq5FV4rEgQ,UgwAOJUZiOIPRVWcQ7x4AaABAg,want know agenda read georgia guidestones stones every language people world arent billionaires club message simple want everyone else dead like saidin every language pars,@suzanh777,2021-04-12T05:01:51Z,0,
2gq5FV4rEgQ,Ugxlw6cgXKTRnvGiKw54AaABAg,according modern science antibodies already recovering covid effective vaccine shouldnt option people dont want vaccine,@mikesteven4885,2021-04-12T01:36:08Z,0,
2gq5FV4rEgQ,UgwpXUX83bsQkbc7isR4AaABAg,didnt feel good yesterday second shot passes feel great today im glad got vaccine,@jamesdandy1777,2021-04-11T21:45:09Z,5,
2gq5FV4rEgQ,UgwB3UuG4wJC8edO94t4AaABAg,antivaxxer trolls cleansed comment streams health communication vids,@ralphyork4996,2021-04-11T20:31:40Z,4,
2gq5FV4rEgQ,UgwB3UuG4wJC8edO94t4AaABAg.9M00MHeaHlF9M0d5Ykn2Ia,best report start harrassin spammin tends trick enough peeps help point devs strike,@SleonHikari,2021-04-12T02:18:54Z,0,UgwB3UuG4wJC8edO94t4AaABAg
2gq5FV4rEgQ,UgxhQMUqAiccZjEJeBt4AaABAg,isnt anyone msnbc talking death midwin charles,@richyp64,2021-04-11T19:36:18Z,0,
2gq5FV4rEgQ,UgyFcrOvyLyuzK4mNLd4AaABAg,ade munandar american failed product american citizen american president allow america unsustainable also sustainable better like america america beautiful ade munandar really like clean tidy ade munandar america needs firm right human rights violations indonesia countries ade munandar mission save world density bapitat forests american failed product america accustomed kebaiakn wants go home home buy ade munandar need law enforcement america support america continuation america better facebook ade munandar munandar diligent reading facebook wall ade munandar munandar important translate english ade munandar american people fail products america must prevent america poverty home supported government even though young man ndar independent bother truck drivers indonesia lot debt ade munandar also community expert building america america sustainably way negative impact others business state assets state income america americas safety america without restrained partnered businesses restrained country ade munandar god ade munandar near ade munandar jar ade munandar certainly ade munandar used together women accustomed money greedy negative impact many people want aspire good people without ignorance lose impact luxury mobile home even though sincere good saving world projects mars ade munandar go home quickly need support american government ade munandar even though currently indonesia im still american continue america commented msnbc news youtube nbc youtube abc youtube news merika youtube important regrets come later good people close dont power examples near live orphans parents helpless rent close unemployed helpless knowledge skills others power god side ade munandar islam anything mars project whatever americas complaints ade munandar explanation whatever intragra ader im mistaken important dont ignore regrets come later ade munandar faith karma good win evil universe,@ademunandarthereismycommen7112,2021-04-11T19:34:50Z,0,
2gq5FV4rEgQ,Ugx8YT0ptqK_vovIZYR4AaABAg,people ask questions ive searched searched cant find place online ask questions ended getting j j told months painless dont know youre getting takes less one second mine huuuuuurrrrrrrrrrttttttttt unbearably needle stayed arm thirty seconds two weeks later still feels like needle still inside arm even though expecting side effects everyone says j j side effects various bad side effects want know normal mine botched,@thankyouverymuch,2021-04-11T19:18:31Z,0,
2gq5FV4rEgQ,Ugx8YT0ptqK_vovIZYR4AaABAg.9M-szUpno5p9M0ILA0uBYA,thats terrible hope feeling back normal,@jmr4939,2021-04-11T23:08:48Z,0,Ugx8YT0ptqK_vovIZYR4AaABAg
2gq5FV4rEgQ,Ugx8YT0ptqK_vovIZYR4AaABAg.9M-szUpno5p9M0KcBzvjOg,sarah f ohhh still hurts red one shot,@jmr4939,2021-04-11T23:28:44Z,0,Ugx8YT0ptqK_vovIZYR4AaABAg
2gq5FV4rEgQ,Ugx8YT0ptqK_vovIZYR4AaABAg.9M-szUpno5p9M0NJSDTkPi,saw dr caplan vaccine year thats u didnt im get one look line dr caplan scientist need put dr caplan,@jmr4939,2021-04-11T23:52:15Z,0,Ugx8YT0ptqK_vovIZYR4AaABAg
2gq5FV4rEgQ,Ugx8YT0ptqK_vovIZYR4AaABAg.9M-szUpno5p9M0NzespEWR,dr caplan said vaccine yearlook uternet dr cap lol,@jmr4939,2021-04-11T23:58:09Z,0,Ugx8YT0ptqK_vovIZYR4AaABAg
2gq5FV4rEgQ,Ugx8YT0ptqK_vovIZYR4AaABAg.9M-szUpno5p9M2XsmTQdFa,sarah f im legally blind see inly big letters,@jmr4939,2021-04-12T20:03:04Z,0,Ugx8YT0ptqK_vovIZYR4AaABAg
2gq5FV4rEgQ,UgymGUq9gMgMLxXJ0YB4AaABAg,aint gettin shot k knewn gonna happwn quick makingsi dont go everrrrr,@jmr4939,2021-04-11T18:59:49Z,2,
2gq5FV4rEgQ,UgymGUq9gMgMLxXJ0YB4AaABAg.9M-qqXm2Cvy9M0DSWo5lnT,john wallace haha joke yeahhhh someone answered kinda dry sense humorplus macular degeneration haha know get get smartphones big letters keyboard,@jmr4939,2021-04-11T22:26:07Z,0,UgymGUq9gMgMLxXJ0YB4AaABAg
2gq5FV4rEgQ,UgwFi3xTzul75HzS2ax4AaABAg,msnbc guest ask common vaccinations side effects first two clearly asked bode clots allergic reactions would ignore questions keep going back common complexity normal side effects honestly possibly gain pushing narrative looking like jack,@nickmanning3913,2021-04-11T18:31:21Z,0,
2gq5FV4rEgQ,UgykGbmctdzFjmigLSZ4AaABAg,math real fuzzy mean mainly white americans low hanging fruit cultures mixed targeting children high water line adults already achieved,@hybridinfodesk409,2021-04-11T18:13:57Z,1,
2gq5FV4rEgQ,UgyI0g8SiR6n0GKWjwB4AaABAg,even call every day ouchies side effects get real,@dasstigma,2021-04-11T17:24:27Z,0,
2gq5FV4rEgQ,UgzyFHheMQf0krIzf6t4AaABAg,good news debt paid debt debt sin _because wage sin death but_ gift god eternal life jesus christ lord romans _for sinned come short glory god justified freely grace redemption christ jesus_ romans sin entered world genesis _wherefore one man sin entered world death sin death passed upon men sinned_ romans adam death jesus christ life _therefore offence one judgment came upon men condemnation even righteousness one free gift came upon men unto justification life_ romans gospel salvation good news greek language _christ died sins according scriptures buried rose third day according scriptures_ corinthians fully man fully god paid give gift eternal life loves _for god loved world gave begotten son whosoever believeth perish everlasting life_ john jesus christ laid glory philippians born virgin matthew wrapped flesh john lived perfect life never sin john peter shed precious blood cross calvary paid debt sins corinthians _for hath made sin us knew sin might made righteousness god him_ corinthians become child god admit sinner need savior written _there non righteous one_ romans _for sinned come short glory god_ romans b believe finished redemptive work jesus christ cross christ died sins buried third day rose corinthians gospel salvation want enter kingdom heaven must faith like child children trust parents mentioned parents god creator father parent _before formed womb knew born set apart_ jeremiah c call name lord saved _if declare mouth jesus lord believe heart god raised dead saved heart believe justified mouth profess faith saved_ romans _for everyone calls name lord saved romans jesus christ showerwater cleans us unrighteousness _come let us settle matter says lord though sins like scarlet shall white snow thought red crimson shall like wool_ isaiah believe cross saved sealed holy spirit sanctified day redemption shalom god bless,@rebecafernandez8587,2021-04-11T17:08:19Z,0,
2gq5FV4rEgQ,UgzR40zVHOqIj5ldNDB4AaABAg,biggest concern covid blood clots ones associated astrazeneca vaccine ones person gets infected covid second moderna vaccine understand chance getting mild covid infection continue mitigation solid population immunity,@ruthdepew7212,2021-04-11T16:59:49Z,4,
2gq5FV4rEgQ,Ugzt4OCUGaJsFIT_7hR4AaABAg,pandemic never,@jameschristianson2288,2021-04-11T16:58:42Z,2,
2gq5FV4rEgQ,Ugzt4OCUGaJsFIT_7hR4AaABAg.9M-czUMEi2n9M0PSCFzI9-,fool,@americanbulldog2015,2021-04-12T00:10:55Z,0,Ugzt4OCUGaJsFIT_7hR4AaABAg
hyR3j-swUVQ,UgwFanFWzbSQ74WtCv54AaABAg,antimask wearing trump supporters dislike clips,@TD-ee9om,2020-07-27T05:30:04Z,0,
hyR3j-swUVQ,UgwpM-_IIavouWg2Bj14AaABAg,putins wish list american president elect criminal alienate allies nato attack american press pull trade deals devastate economy massive deficits unmarked police snatching people street deny pandemic start war loose election end american tradition peaceful transition power break union calexit etc jail political opposition im sure missed bunch,@Yegtard,2020-07-24T05:46:02Z,0,
hyR3j-swUVQ,Ugw-L4hsZPdFJmKAsG14AaABAg,ones said mask healthcare workers mask shortages need briefings trump dont believe word mouth dwindling supporters trump want put children school let grandchild go reason started briefings ratings calls dropped low going lose election say let stand continue dropping numbers landslide buried biden may need anything win election,@lorismith6307,2020-07-22T13:35:43Z,0,
hyR3j-swUVQ,UgyoKgJXNjqNlPp2Y_R4AaABAg,trump ill leave governors youre good luck covid take responsability lol,@didierlacroix6488,2020-07-22T12:26:13Z,0,
hyR3j-swUVQ,Ugw-bI8mk4jC7os4Zp14AaABAg,djt still rmbr vividly said hoax go away miraculously u r trying blame others liar,@daveutube1231,2020-07-22T10:35:26Z,0,
hyR3j-swUVQ,Ugy97QDBLzZbsX9khUB4AaABAg,bye bye chinas puppet wasting tax payers money soon japan many free nations follow us nd july us deaths uk deaths italy deaths france deaths germany deaths canada deaths japan deaths,@mr333333333,2020-07-22T02:27:37Z,0,
hyR3j-swUVQ,Ugz1UK4u3GHTW3tmwa14AaABAg,covid democratic hoax yall ask trump,@jamescanto8036,2020-07-21T11:12:14Z,0,
hyR3j-swUVQ,UgzWzjYomU3eZjM6k254AaABAg,msnbc fake news,@jamescanto8036,2020-07-21T11:10:45Z,0,
hyR3j-swUVQ,UgyZjvgIMNi_I9TD4fB4AaABAg,king america dont forget buy case goya beans,@jamescanto8036,2020-07-21T11:10:09Z,0,
hyR3j-swUVQ,UgwikRhfalGcW869eIF4AaABAg,would literally get sensible response asked preschool child question masks,@reginaldmcgrootie5510,2020-07-21T10:08:53Z,0,
hyR3j-swUVQ,UgxuZCAU8pkQr4H4nNt4AaABAg,put trumps name mask hell wear,@angelagroves8235,2020-07-21T08:48:29Z,0,
hyR3j-swUVQ,UgxRxX3alpulth3YXrp4AaABAg,donald cleaning staff white house put grease stairs,@giovanniacciardo5493,2020-07-21T08:41:12Z,0,
hyR3j-swUVQ,UgyHJr59tTzpoOdIQlt4AaABAg,thought face covering solution,@michaelgrant7530,2020-07-21T08:19:22Z,0,
hyR3j-swUVQ,UgwrDLkzviHasZ1MXYJ4AaABAg,fatman president wants resume daily covid briefings due low ratings yikes,@debbie5128,2020-07-21T08:09:16Z,0,
hyR3j-swUVQ,Ugy0lDd5tQXM6P3ghiZ4AaABAg,reason said mask first save medical workers enough agreed masks way go,@Suzi195,2020-07-21T04:29:47Z,0,
hyR3j-swUVQ,UgwVgLdF0tqphj8mHqt4AaABAg,covid cases reported today n neighborhood another deaths reported n neighborhood unbelievable came ant colony due black flag masks,@whicker59,2020-07-21T04:13:56Z,0,
hyR3j-swUVQ,Ugxg083d44OsbDRzJUJ4AaABAg,saliva testing australia also makes easier completely painless children cope getting tested comes children yes catch virus course pass however please dont assume children get sick go hospital proven new york parts world thats true sadly children need hospitalisation suffer horribly end permanent life long heath issues,@soundofwomen,2020-07-21T03:51:31Z,0,
ZI_LpF3lAMw,Ugw-onFMncmADKUztAR4AaABAg,talk action,@MatthewClark-y4i,2020-04-02T20:48:27Z,0,
ZI_LpF3lAMw,Ugx3Au-z3GqBtDeoHO94AaABAg,blablablawhat bunch bs,@papayaman7196,2020-04-01T19:51:43Z,0,
ZI_LpF3lAMw,UgyRTggvpkJx5VP9O6p4AaABAg,hecuomo president orange clown,@jeremykwan1792,2020-04-01T16:58:54Z,0,
ZI_LpF3lAMw,UgwNlAdyU8EZ1qneCZx4AaABAg,tell truth youtube hacked,@stevenl9772,2020-04-01T14:05:27Z,0,
ZI_LpF3lAMw,Ugyw2OFLv7k2PkLoDC14AaABAg,thatswejustcantrolloveranddie,@stevenl9772,2020-04-01T14:03:33Z,0,
ZI_LpF3lAMw,Ugyikb1DC23-fHbn4Jx4AaABAg,dont wait see apex may take months years lock country compulsory every one wear mask order save lives,@chungchichiu9779,2020-04-01T11:29:09Z,0,
ZI_LpF3lAMw,UgxexoXZPhGhokpa6VZ4AaABAg,respect sir andrew cuomo hope little bro chris recovers covid strong ny need,@lionsingh18,2020-04-01T09:34:20Z,2,
ZI_LpF3lAMw,UgwsXccaWncmpUeih114AaABAg,pity democrats didnt pick presidential nominee cuomo trump might reelected people wont go vote biden,@wooster1173,2020-04-01T09:06:03Z,0,
ZI_LpF3lAMw,Ugx-QryLkyCLFYkM9ml4AaABAg,like dr fauci needs push back correct president whenever says something untrue know full time job something need trump killed people constant lies,@THMILLER,2020-04-01T08:26:08Z,0,
ZI_LpF3lAMw,UgzWg3B2dx3UyILPg0J4AaABAg,surrender soul god wont one ever know u sold souls devil take gods need give soul back god late,@jhunterb123,2020-04-01T06:40:17Z,0,
ZI_LpF3lAMw,UgzmBlNhrY8_gylMLER4AaABAg,america someone capable thoughtful like cuomo white house instead magavirus,@DougGrinbergs,2020-04-01T05:05:00Z,0,
ZI_LpF3lAMw,Ugx1rCtmq8jq9IP8NPV4AaABAg,virus affecting human civilization corona virus killing humans left right north south east west big cities small towns within families friends however notice something really peculiar arrived manila philippines march went stay one new condominium high rises mandalunyong sector near makati central business district march president duterte ordered complete lockdown city followed suspension travel provinces country first three days stay every time went balcony unit floor air heavy smog smells pollutants strong fuel odors could see buildings makati district mile away less visibility poor thick haze prevented see blinking lights buildings far away night short normal pollution notice metropolis days entering th day lockdown manila days go every time go balcony see skies crystal blue haze see far eyes even profiles mountains far distance probably miles yes air smells clean haze gone pollutants gone burned fuel smell gone buildings around look crispy beautiful seeing movie picture technicolor look highway eerily emptied cars clear see cars people streets kind social experiment wondering mother nature got tired waiting us humans something environment mother nature coughing choking human waste could breathe longer said humans could clean way way released antibody protect antibody eyes virus confronting putting us humans check hunkering us homes cannot use cars buses trains planes short holding us place heals matter world sure breathe cleaner air see bluer skies somehow got feeling lives going ever first great virus yes virus first time paralyzed human civilization feel lesson learned mother nature teaching us way,@jinocas4395,2020-04-01T03:51:34Z,1,
ZI_LpF3lAMw,Ugx1rCtmq8jq9IP8NPV4AaABAg.96tcoB8sddD96tmbHVMGmc,may well right mother nature way think finally spanked,@lilianedubois2539,2020-04-01T05:17:11Z,0,Ugx1rCtmq8jq9IP8NPV4AaABAg
0IXlvcL6WdE,UgxgvJSzMB1K9-x0tY54AaABAg,one wears face masks u slow,@Max-my6rk,2020-03-16T04:25:12Z,0,
0IXlvcL6WdE,UgzwPDQdAhqCIgDrpNB4AaABAg,jerks buying hoarding disinfectant hand sanitizer rest us supposed slow prevent anything,@omgnews6940,2020-03-15T16:23:31Z,0,
0IXlvcL6WdE,Ugx_qgK9wzSpM7uZnSJ4AaABAg,million people america people virus big fing deal,@trumpnews8793,2020-03-15T03:46:21Z,0,
0IXlvcL6WdE,UgyuUZ9Gfwe41sgxGXB4AaABAg,people us complacent virus testing begins way would pandemic response team left place people going shocked learn much thing spreading throughout country whole time,@Pait728,2020-03-15T00:39:05Z,1,
0IXlvcL6WdE,UgyAeQHD6VkJyxrt85V4AaABAg,pls watch video crucially important facts real scientific studies covid httpswwwyoutubecomwatchvzlllnkbnluts,@gmoney1616,2020-03-14T22:55:19Z,0,
0IXlvcL6WdE,UgxN7RhhBo0djIKN8H14AaABAg,downplaying plague wont make go away,@Laker123abc,2020-03-14T15:05:42Z,1,
0IXlvcL6WdE,UgxxULN1UZekUg6-Ftd4AaABAg,waiting show symptoms sure way spread virus people contagious days symptom asymptomatic carriers contagious month without ever symptoms main reason community spread failure test everyone exposed,@ruthdepew7212,2020-03-14T13:26:24Z,0,
0IXlvcL6WdE,UgwnbwaG52N1-qB_Ujx4AaABAg,testing actually becomes widespread america world soon find accurate numbers virus time f writing american numbers could scratching surface people need true numbers america way many countries falsifying numbers ie india pakistan china surrounding smaller countries countries numbers joke posted realistic numbers may got away blindfolding west sadly people testing poor wealthy,@alunchurcher7060,2020-03-14T12:34:15Z,1,
0IXlvcL6WdE,UgzbTvIBBgpdPkiVcOB4AaABAg,double lol guys telling us truth multiplier currently higher,@FCTrinese,2020-03-14T11:50:28Z,0,
0IXlvcL6WdE,UgyMq4T_kFeiNXY9JVZ4AaABAg,trump suspend elections due coronavirus way stay office reason slow response wants virus spread tests mean elections,@brianwilhelmi2,2020-03-14T11:48:34Z,1,
0IXlvcL6WdE,UgyGF8Zy0GVlCMXpUCl4AaABAg,chinese propaganda started claiming us army brought coronavirus wuhan us europe responsible spread virus facepalm,@Silverstein1883,2020-03-14T10:22:05Z,1,
0IXlvcL6WdE,UgwWEzGLylPEh2ccWup4AaABAg,drump says one day anyone get test says get test certain symptoms wished would make mind drump poorest excuse president human ever seen life,@angelahoward6256,2020-03-14T10:09:26Z,2,
0IXlvcL6WdE,UgwmhGoGEiHqlGbheeR4AaABAg,meanwhile suggestions state goverments summarized following latest research outbreak data aerosol surface stability hcov sarscov compared sarscov managed c air temperature rh test mapping novel coronavirus outbreak coronavirus update live cases deaths covid virus outbreak data youll find low scale outbreak numbers every countries equator turn air conditions public utilities areas increase air temperature c mantain low humidity let air flows inout deter virus spreading virus immediately killed exposed open air declare curfew policy public areas everywhere effective enforce obligation wear mask without exception everyone,@wahyuwb9768,2020-03-14T09:50:56Z,0,
0IXlvcL6WdE,Ugx6EbPBRWqHX9G4g954AaABAg,know world health organization quickly developed test coronavirus offered countries trump refused use countries far ahead us producing please look website help go trump administration willful negligence may cost many american lives write senators house reps,@elainejohnson6955,2020-03-14T08:30:37Z,2,
0IXlvcL6WdE,UgwmThz9Arfj-F1-C6t4AaABAg,god bless everyone best way prevent avoid exposed virus,@simgorlab862,2020-03-14T08:14:04Z,2,
0IXlvcL6WdE,UgxqLbAUiKLdw6CUcqJ4AaABAg,infected individuals survive virus become zombies welcome world war z,@harrysiegel990,2020-03-14T07:03:00Z,0,
0IXlvcL6WdE,Ugzy7UQ2xYB72XlBR7Z4AaABAg,times coronavirus infected guys dont show symptom mostly days incubation periodthat people need wear maskbecause even dont know got coronavirus need mask please visit business website wwwcoromasknet export china,@ruralchina8888,2020-03-14T06:52:01Z,2,
0IXlvcL6WdE,Ugwc0KzqSvmJ-4uNB9t4AaABAg,trump symptoms taking test sniffing trouble breathing confused speech old poor health diet symptoms talking late already infected lots others like handshakes,@mvvpro8688,2020-03-14T06:46:48Z,1,
0IXlvcL6WdE,Ugwc0KzqSvmJ-4uNB9t4AaABAg.96AaYvUm8eW96As9a0gwOE,jan whats trumps constant sniffing drugs whats laboured mouth breathing literally hear breath mar trump covid sniffing breathing,@TH-tl6sy,2020-03-14T09:20:37Z,0,Ugwc0KzqSvmJ-4uNB9t4AaABAg
Tm_KWLzEhNE,UgyTymWrFKkhcBKNgLB4AaABAg,hope die force god end coronavirus stop everyone wearing makes social distancing bringing everyone back died form covid,@alybeau3719,2020-09-25T01:46:26Z,0,
Tm_KWLzEhNE,UgwKXYepzvoRg3i9gml4AaABAg,basing forecast spanish flu pandemic vaccine ever found eventually fizzled infecting third worlds population back killing million people hand bubonic plague almost years ago still kills people today,@johnfinnegan8474,2020-08-21T17:47:44Z,0,
Tm_KWLzEhNE,Ugwhz8DPal5ZBKjNz0t4AaABAg,hits population may like cant infect everyone people immune either vaccine either gonna get virus killing population life may get scary u got one life get,@johnniejohnson3803,2020-05-22T00:50:39Z,0,
Tm_KWLzEhNE,UgxhBndB66WK1q6TB-d4AaABAg,vaccine young chiefs crap mutate vaccine ineffective course vaccine rolls public itll likely placebo anyone else agrees,@josemariel7216,2020-05-03T17:39:51Z,0,
Tm_KWLzEhNE,UgwsyYYtCv0_G-tQpJR4AaABAg,vaccines dangerous best effective rna vaccine ever worked killed hosts trials vaccines cdc moneypower grab,@nonegiven9528,2020-05-03T16:30:59Z,0,
Tm_KWLzEhNE,Ugzs1akAx01zjuM5HKh4AaABAg,economy wont last two years,@JWN154,2020-05-03T13:02:23Z,0,
Tm_KWLzEhNE,UgwAvYTs6GNCqy7_btV4AaABAg,ridiculous cant hide virus till vaccine comes market mind safety tested like every vaccine prolonged unemployment way worse effects long term poverty increase debt increase livelihoods decimated depression skyrocket list goes,@jacc5844,2020-05-03T09:32:05Z,0,
Tm_KWLzEhNE,UgzEet4hKtL-NEwXeZN4AaABAg,guys really want know truth believed every single bible read always myth gods many years government lied lied us god guys actually believe theres jesus christ ufos unidentified flying object aka governmenthas many years time tons years trying talk mummies bulshit mummies time gods aliens aka gods upset time pay,@anonymousexpectus6722,2020-05-03T07:58:46Z,1,
Tm_KWLzEhNE,UgzEet4hKtL-NEwXeZN4AaABAg.98BTXojy2oE98BU6wR1uss,every single human created aliens call ufos unidentified flying objects idiots soon see god actually believe human actually god die first trust,@anonymousexpectus6722,2020-05-03T08:03:50Z,1,UgzEet4hKtL-NEwXeZN4AaABAg
Tm_KWLzEhNE,UgzhMG2T0IhPvw01drp4AaABAg,thought year,@frazix4087,2020-05-03T07:22:59Z,0,
Tm_KWLzEhNE,Ugw3pDODg__0S8Sxo_l4AaABAg,wow universal basic income gonna start economic fallout barely get unemployment stay home,@juanwilliams3423,2020-05-03T05:27:08Z,0,
Tm_KWLzEhNE,UgxvuM-1nuK66mRxAZ14AaABAg,dont need vaccine need eat lots fatty food,@masguapoako,2020-05-03T05:23:16Z,0,
Tm_KWLzEhNE,UgyWCPegliZ2S5CVah94AaABAg,million confirmed cases deaths country million people literally equivalent people running around screaming sky falling kung flu big joke sheeple believe biased paid media punchline,@andrew2477,2020-05-03T04:29:39Z,2,
Tm_KWLzEhNE,UgxvRFJnGPBC_JZbr694AaABAg,ive followed brilliant dr michael osterholm decades hes sole goto expert devastating pandemic credible authoritative straightforward intelligent information advice government leaders policy makers utterly failed sufficiently heed advice dire warnings grave peril us throughout world government leaders policy makers must heed dr osterholms advice second inning nineinning coronavirus pandemic however continue fail heed advice warnings held accountable inevitable economic societal health care consequences occur,@BachataDeVerdad,2020-05-03T04:26:10Z,1,
Tm_KWLzEhNE,UgwPO99SQWOuCf9Khwl4AaABAg,everyone im staying house years wtf yay social interactions,@shy2909,2020-05-03T04:06:28Z,8,
Tm_KWLzEhNE,Ugznqrm3kWy6wxbKG1J4AaABAg,fake news,@ethanperkins9795,2020-05-03T03:33:19Z,1,
Tm_KWLzEhNE,Ugx3ezqfZkN1gRiPDg94AaABAg,yup problem gonna keep happening powers behind msm stoptill make stop till people stop watching best interestcheck tell everyone know removed hulu amazon prime watch majestic wake true reality world leaders,@JK-tk8cg,2020-05-03T03:02:47Z,0,
pEVJUgPZfBE,UgwA3rEyA_bDKinu1SF4AaABAg,us needs platformapp place educate citizens rapid spread coronaviruspandemic highlight restaurants stores recent contact infected citizens hot mapspot must know self quarantine else know locations like restaurants randomly went recently infected must system place give uptodate look hazards peoples surroundings help infected help spread message help get app public help avoid larger outbreaks,@bryanhorn8050,2020-03-12T08:51:15Z,0,
pEVJUgPZfBE,Ugy9mC4R2vd6xnXKiQp4AaABAg,ebola kinda went away coronavirus probably due time one massive plagues foretold bible precedes second coming,@ethanlarsen8389,2020-03-12T04:10:58Z,0,
pEVJUgPZfBE,UgzQA3fAgyLE5ScpszN4AaABAg,worthless health organization,@alexk5350,2020-03-12T04:09:58Z,0,
pEVJUgPZfBE,Ugx2hQ_w7juO9s7ygxZ4AaABAg,could please give onesecond break last speaker done chris hayes infuriating call watch gives loyal watchers seen thousand times chance hit mute key another channel wish one available watch msnbc uploads,@charlottecampbell4327,2020-03-12T01:31:57Z,0,
pEVJUgPZfBE,UgzqRQ2eshZSiD-qdd14AaABAg,stay calm go awaywow someones iq hit rock bottom,@d.lawrence5670,2020-03-12T01:16:37Z,0,
pEVJUgPZfBE,UgwEVL2cNh_NalecoKN4AaABAg,httpswwwwndcomdishonestbunchsobsmediascorcheddistortingcoronavirusthreat national news media hammered distorting information coronavirus threat radios rush limbaugh blasting dishonest bunch sobs,@briannave7326,2020-03-12T01:13:02Z,0,
pEVJUgPZfBE,UgwrO10cQ8_BnnI85l54AaABAg,wow guys got stunning hack btc cyberhacksorg wallet make sure check theyre amazing,@larrywalton7440,2020-03-12T00:33:28Z,0,
pEVJUgPZfBE,Ugwg8Mmn3FEWlg4gffh4AaABAg,usa set perfectly couldnt mistake trump selected hold errbody knowyep imagine,@andrewilson2292,2020-03-12T00:22:32Z,0,
pEVJUgPZfBE,UgyD9tE10FmL5v87kMx4AaABAg,thanks corona outbreaks animals safer business humans world cleaners preparations exercise bio chemicals peoples made climate changed,@duanenewen8996,2020-03-12T00:00:08Z,0,
pEVJUgPZfBE,Ugze7wF01hTbDghmYPN4AaABAg,trump tested god trump failed test,@joelsattler8420,2020-03-11T23:20:20Z,0,
pEVJUgPZfBE,Ugww_itdCmSJTnTUV3d4AaABAg,manmade virus made control population world cant exceed billion people theyre trying cap turn new decade think people,@MrRiley-ts9wq,2020-03-11T22:50:31Z,1,
pEVJUgPZfBE,Ugz54LVtnZavTIPs-gR4AaABAg,heard trump test actual emergency wouldnt clue tell definitely would hiding one hidy holes scared shitless mar lagos guest list isnt full everyday another note instead firing diligent workers help pay btw needs fire barber really please dont vote republican,@energycantbedestroyeditcan7671,2020-03-11T22:20:30Z,1,
pEVJUgPZfBE,Ugx19d4RkiYFnNyzIIl4AaABAg,knew pandemic months ago medical experts especially experts working un making big bucks tax dollars without paying taxes china gave tedros nod declare outbreak pandemic say pandemic month ago maybe many lives would saved economic impact would way less low people high places pretty much sums un,@hayderkay4064,2020-03-11T22:18:16Z,0,
-SV8a9lGGk8,Ugyso-0pLqMAO9iY0554AaABAg,bs television fake news information channel time,@gattonpc,2020-04-01T05:44:14Z,0,
-SV8a9lGGk8,UgzvQ0Q3U6hYdiNcpLx4AaABAg,people start hanging body bags empty ones hasten add whitehouse fence trump moron unfit president,@cormackeenan8175,2020-03-15T10:35:20Z,0,
-SV8a9lGGk8,UgzzJ0HN4aWjrcOW_o54AaABAg,live hicksvilleostrich land couldnt believe eyes went local grocery store empty shelves toilet paper lol need purchase stocks,@bonnieclyde6457,2020-03-15T06:54:17Z,0,
-SV8a9lGGk8,UgzD_z8FvtN4RlyStKF4AaABAg,come tds suffering idiots believe anything hear,@BigAngryPhil,2020-03-14T22:44:31Z,0,
-SV8a9lGGk8,UgzjfJGdeGDPeu4fMQJ4AaABAg,trumps goofiness act really preparing us red dawn event weakened enough powerful alliance enemies could pull event,@tallen4520,2020-03-14T22:34:29Z,0,
-SV8a9lGGk8,UgzVD-Vb2wjctwxJBSx4AaABAg,biased reporting pathetic,@tomcampbell3980,2020-03-14T21:25:26Z,0,
-SV8a9lGGk8,UgzdmOoI5Bw4alW4JeJ4AaABAg,understandable brains news cycle consumed imminent threats posed coronavirus need accurate information need understand exactly change behavior face natural force cannot stopped lack information increases fear lack preparedness increases disruption maybe take seconds consider another natural process cannot stopped entirely process lack preparedness similarly increase disruption possibly point massive chaos yes im referring tired old topic climate disruption current leadership clearly failed duty provide timely information calm fears prepare society coronavirus imagine like extreme weather events decrease food production one major foodproducing region world cause severe food shortages something think us heads toward coming selection leaders november,@RussCR5187,2020-03-14T17:06:12Z,0,
-SV8a9lGGk8,Ugy5x-SbYMbwVow74k94AaABAg,whats music,@larslarsen5414,2020-03-14T13:27:20Z,1,
-SV8a9lGGk8,Ugy5x-SbYMbwVow74k94AaABAg.96BJOTRcSWr96BWe7D1jf3,scary,@JayWhite555,2020-03-14T15:23:12Z,0,Ugy5x-SbYMbwVow74k94AaABAg
-SV8a9lGGk8,UgzaYuNXFsOrnWsoQHp4AaABAg,love scary background music designed ramp feat thanks msdnc,@SocratesRiposte,2020-03-14T13:14:07Z,1,
-SV8a9lGGk8,UgxKwCVEaE9YRtsAmqR4AaABAg,britain needs send doctors third world country,@longQ1551,2020-03-14T12:14:43Z,0,
-SV8a9lGGk8,Ugyo8o8YjzrbZuypfG94AaABAg,trump repeatedly tried refuse responsibility country president supposed take saying dont take responsibilitythe use signifies trump thinks vs country people always nations peopleand right bet mind reelection clear national emergency declaration one time wants add electabilitynoway selfish narcissistic person entrusted cant entrusted important role leader,@harumih.3727,2020-03-14T08:44:08Z,2,
-SV8a9lGGk8,UgxlfZmXm5g37MH8Yj94AaABAg,please watch urgent httpsyoutubeaxbaiwww,@messiahfollowerkiedra4763,2020-03-14T07:50:28Z,0,
-SV8a9lGGk8,Ugw7O4JoZBlToaa9K514AaABAg,vice prisoner pence stepford wife finished conversion therapy booster sessions recently practices daily praising lord littlehands pat boonish churchy puke gag spoon delivery without mirror,@nomorebushz,2020-03-14T07:42:57Z,0,
-SV8a9lGGk8,UgyFHjlXJwtO9PIYRUR4AaABAg,work president needs oversee food supply warehouses need continue restocked time food production processing taking market grocery workers essential personnel part solution presumably eat well washington post grocers concernstodays news la,@daveandrade8189,2020-03-14T05:33:36Z,0,
-SV8a9lGGk8,Ugwn5fpqjWbQj8TlkY14AaABAg,forget election trump intended wanted president next yrs means necessary nothing anybody,@optimusprime2020em,2020-03-14T05:10:52Z,0,
-SV8a9lGGk8,UgxtiY_kBaCS1ItXxCV4AaABAg,morons thinking bad fake news reported look back osama obama let thousands die address,@richardhead1114,2020-03-14T04:03:19Z,0,
YOu3er_zpAo,Ugwe_f_heM0i5CZyAMR4AaABAg,lying numbers going dont forget want people something number one thing scare want man made virus man made bad vaccines,@Sydgekd,2022-01-09T08:06:31Z,0,
YOu3er_zpAo,Ugw5mOIKj0V4eCl63ER4AaABAg,get tested omicron cold doubt never tested continued living like normal matter positive test nothing changed cant shut virus,@lancelmccune,2022-01-06T17:33:50Z,0,
YOu3er_zpAo,UgyZCBbHMXNywD-IpZx4AaABAg,im going shut virus brandon october,@lancelmccune,2022-01-06T17:30:47Z,0,
YOu3er_zpAo,UgwdYQtn3JWVFhOn5_J4AaABAg,december biden said trump administration yet fully scale testing thats travesty said dec president joe biden monday acknowledged us enough coronavirus tests available omicron holiday travel spurred testing delay longer travesty part joes plan,@deebee4575,2022-01-04T14:50:59Z,1,
YOu3er_zpAo,Ugx9fhgkR0gopdvF2et4AaABAg,covid obsession flu get much drama many died nobody ever enforcing masks let alone little children,@olololo9224,2022-01-03T03:47:30Z,0,
YOu3er_zpAo,UgyjEDTWwtPEJbGexeB4AaABAg,know omicron,@olololo9224,2022-01-03T03:44:44Z,0,
YOu3er_zpAo,UgyjEDTWwtPEJbGexeB4AaABAg.9WiiMyP81On9X0n1OBh0YG,greek alphabet omicron means flu,@mhartung8335,2022-01-10T13:31:03Z,0,UgyjEDTWwtPEJbGexeB4AaABAg
YOu3er_zpAo,UgzLkVuzFsKWzf36n3B4AaABAg,meanwhile south africa removing restrictions getting back normal life,@MissKae_85,2022-01-03T01:27:42Z,1,
YOu3er_zpAo,UgzhIE7GqpdYXiAS6v94AaABAg,mad family went youtube information people watching youtube,@Kasonb6596,2022-01-02T20:14:40Z,0,
YOu3er_zpAo,UgzAMZaVWcB3O1uQZUt4AaABAg,maybe antivax right,@diakorasouli1993,2022-01-02T20:02:12Z,0,
YOu3er_zpAo,Ugw6VMa13HxjuiLMv8h4AaABAg,mask six feet two weeks non essential businesses useless eaters non essential workers bars going restaurants keep overwhelming hospitals make cases go flatten curve inmates keep others getting scared weeks months fwe years going church bracelet app tracing tracking dying people greater good let others know youre safe around let others know youve contact deaths large gathering violent protests vaccine vaccines little microchip blood test scan medical information vaccination certificate like credit card places dont take cash travel get drivers license vote cases another doses booster shots another booster shot variants another scientific study another injection bodies studies let people make decisions people underlying causes lies cdc lies fda vaccine mandates get vaccination loose job time take tyrannical dictators new world order,@warcraftgvd,2022-01-02T17:47:18Z,7,
YOu3er_zpAo,Ugw6VMa13HxjuiLMv8h4AaABAg.9Whe-AtObmG9WrvNohrY7p,exactly,@lancelmccune,2022-01-06T17:31:37Z,0,Ugw6VMa13HxjuiLMv8h4AaABAg
YOu3er_zpAo,UgxUOPpcJKL5WPhmzb94AaABAg,lmaomillions fitchi fans standing long lines superspreaders bidens ship fears,@anetoliashley430,2022-01-02T14:19:14Z,0,
YOu3er_zpAo,Ugy1SwnVZnn3ymHz4jN4AaABAg,oh winter sniffles,@josephtalmadge3108,2022-01-02T04:37:16Z,0,
YOu3er_zpAo,UgxeURgFuKw3wCUyJ3V4AaABAg,resident evil amc hiawassee georgia usa covld town county stay home stay safe,@javaqueen1000,2022-01-02T03:20:00Z,0,
YOu3er_zpAo,UgzMI37UANr1lQBrquF4AaABAg,cult branch covidians love daddy government running lives,@kilgore7778,2022-01-01T21:18:24Z,0,
YOu3er_zpAo,Ugyr0cF187_Ym0A-ygZ4AaABAg,cosmic covidious war allah imam nasser mohammed alyamani jumada ah ad search details using date statement,@AR-je5gr,2022-01-01T21:12:41Z,1,
yLyDCMjdbVQ,UgyuacTyp6zvekv2oNl4AaABAg,real question many cases caused mass protests,@spanish4518,2020-11-01T19:31:47Z,0,
yLyDCMjdbVQ,Ugx6yDKaDecEAzhgIdN4AaABAg,lets get distance dance everybody httpsyoutubedsjwmhfulq,@thebookofheiressjacqueline,2020-10-23T20:50:16Z,0,
yLyDCMjdbVQ,Ugz6XwCBuZqLDUhnpQt4AaABAg,blessings well know disinformation program complete everything american public believes false william casey cia director american people dont believe anything see television richard nixon us president give essential liberty obtain little temporary safety deserve neither liberty safety benjamin franklin sometimes people dont want hear truth dont want illusions destroyed friedrich nietzsche microsoft cofounder bill gates launch humanimplantable capsules digital certificates show tested thecoronavirus vaccinated year old tech mogul currently second richest person world revealed yesterday reddit ask anything session answering questions covid coronavirus pandemic gates responding question businesses able operate maintaining social distancing said eventually digital certificates show recovered tested recently vaccine received digital certificates gates referring humanimplantable quantumdot tattoos researchers mit rice university working way hold vaccination records last year december scientists two universities revealed working quantumdot tattoosafter bill gates approached solving problem identifying vaccinated quantumdot tattoos involve applying dissolvable sugarbased microneedles contain vaccine fluorescent copperbased quantum dots embedded inside biocompatible micronscale capsules microneedes dissolve skin leave encapsulated quantum dots whose patterns read identify vaccine administered quantumdot tattoos likely supplemented bill gates undertaking called id ambitious project microsoft solve problem billion people live without officially recognized identity id solving digital identity currently feasible way implementing digital identity either smartphones rfid microchip implants latter gatess likely approach feasibility sustainability also years gates foundation funding another project incorporates humanimplantable microchip implants project also spearheaded mit abirth control microchip implant allow women control contraceptive hormones bodies id see throughmicrosoft formed alliance four companies namely accenture ideo gavi rockefeller foundation project supported united nations incorporated uns sustainable development goals initiative coronavirus vaccine mark beast corona means crown th chakra spirituality god almighty coronavirus attack spirit vaccine shut vibration manbeast god bless time revolt destroy nwo knock g towers well china britain started httpsyoutubeacewammwok petition well httpchngitmvdjjftbt httpchngittzqbzp covid stands certificate vaccination identification ai links claims httpsnewsriceeduquantumdottattoosholdvaccinationrecord httpnewsmitedustoringvaccinehistoryskin httpswwwabcactionnewscomnewsnationalcoronavirusifapprovedcovidvaccinepatchcouldeliminatepainfulshot httpspatentscopewipointsearchendetailjsfdocidwotabpctbiblio httpswwwcenterforhealthsecurityorgevent httpswwwbusinessinsidercombillgatesbackingboostsbilliondosesastrazenecacoronavirusvaccine httpswwwhsphharvardedunewsfeaturesbillgatesfluvaccinepandemics httpswwwredditcomrcoronaviruscommentsfksnbfim_bill_gates_cochair_of_the_bill_melinda_gatesutm_sourcexpromoutm_mediumamputm_nameamp_comment_iterationsutm_termactiveutm_contentpost_body vaccine likely contain infrared permanent tattoo glow skin httpswwwnewsfromtheperimetercomhomeluciferaseisbillgatesnewimplantablevaccineid proof vaccine stops connection god httpshalturnerradioshowcomindexphpennewspageworldtheyvekilledgodicantfeelgodmysoulisdeadastrazenecahaltscovidvaccinetrialsaftersecondvolunteerdevelopsneurologicalproblems also definitions names following people jared hebrew descent ivanka means god gracious donald means world ruler melania means blackdark barron means lord realmnoble share comment spread word time god bless,@239zion,2020-10-23T15:16:45Z,0,
yLyDCMjdbVQ,UgxlGR3HxJpdUIZrF6p4AaABAg,praying president trump continue leading nation whomever wins nov god control according daniel chapter verse much medical science evidence prove virus planned government controlled takeover increase riches cause divisionhate depopulate lands many wont listen believe saying another conspiracy theory check event october last year united nations others discussing pandemiceconomic crisis take control devastate cause much fear also interesting note us presidents related european old testament kings including alexander great articles prove god allowed satan rule everywhere including government churches schools god always control even though multi billionaires pulling strings like puppet master puppeteer according bible gods word much wickedness sin end near pray almighty gods mercy late pray us always every night every day daniel changeth times seasons removeth kings setteth kings giveth wisdom unto wise knowledge know understandingjeremiah hath made earth power hath established world wisdom hath stretched heavens discretion uttereth voice multitude waters heavens causeth vapours ascend ends earth maketh lightnings rain bringeth forth wind treasures nahum lord slow anger great power acquit wicked lord hath way whirlwind storm clouds dust feet isaiah thou shalt visited lord hosts thunder earthquake great noise storm tempest flame devouring fire psalm lift mine eyes unto hills whence cometh help help cometh lord made heaven earth thessalonians troubled rest us lord jesus shall revealed heaven mighty angels flaming fire taking vengeance know god obey gospel lord jesus christ shall punished everlasting destruction presence lord glory power isaiahmalachi matthew luke revelation end times praying gods mercy httpsamazingbibletimelinecomblogalexanderthegreatandjerusalem httpsimjustheretomakeyouthinkcomgenealogyresearchrevealsthatalluspresidentsarerelatedtoeachotherbybloodline,@OBEYGOD247,2020-10-22T15:43:14Z,0,
yLyDCMjdbVQ,UgzYYR2LkQ8K-ASyz4J4AaABAg,someone say hunter biden emails httpsstningcomtopologyrestfilegetprofileoriginalfbclidiwarh_tahlmizhotsvtsfqnqqzagpkqqwxwtqlvelzsdavyle,@urbancarpet,2020-10-21T13:56:15Z,0,
yLyDCMjdbVQ,Ugy96odHhuc_JJKflHx4AaABAg,brother law years said far left government seeding lgbt news slowly splinter put emotional spiritual strain familys looks like found better way isolate people common cold exactly nameless faceless billionaires going get control far left govsplit familys make afraid terrified authority normal basic every day activitys folks could get together large groups possible go local walmart maskless protest means shopping basic necessitys together group sleepy joe without doubt along dr faucet whomever running shut us every small business owner us shut ready risk watch amazing poly video youtube bitchute dot com sleepy joe push vaccines shut small business every scientists told wake forced wear mask enslavement controling mainstream news media deleting history frontline doctors speak truth truth corona virus mask wearing lockdowns etc httpswwwbitchutecomvideorbrjyaartt,@nagyantiques,2020-10-20T15:37:49Z,0,
yLyDCMjdbVQ,UgxrmiaQVLtsWyyyg1d4AaABAg,stopped work thanks p b e h e c,@klusebrooks5784,2020-10-20T15:21:25Z,0,
yLyDCMjdbVQ,UgxLY_N77EN-lklrkRV4AaABAg,understand pandemic essence man get book amazon coronavirus impact world,@coronavirusitsimpactonthew4892,2020-10-20T13:03:41Z,0,
yLyDCMjdbVQ,Ugwlm6s_b5KK9bIASfh4AaABAg,tired hear covid leave us alone guy anyway dont know,@fabricealibert2323,2020-10-20T06:52:00Z,0,
yLyDCMjdbVQ,Ugz_XJaFlZT0_q3F4214AaABAg,fauci admitted video pcr tests used diagnose covid detecting virus quote dr fauci twiv minute mark pcr result using sensitivitysetting cycles dead nucleotides period ie falsepositive quote ny times tests set limit nyt found set way high get hard understand,@robotron17,2020-10-20T06:23:20Z,1,
yLyDCMjdbVQ,UgxxgQkX22vVsTbt9mh4AaABAg,trump death cult threatening best country putin getting wishes fulfilled didnt even know,@mvvpro8688,2020-10-20T04:59:59Z,0,
yLyDCMjdbVQ,UgzOMpfX5_lyTavwcQ54AaABAg,time typing comment ie hours gmt tuesday th october covid data worldometer httpswwwworldometersinfocoronaviruscountryus indicates total number reported deaths covid far year united states alone total number reported cases total number covid deaths reported worldwide total number covid cases reported worldwide within twentyfour hour period yesterday totals new deaths new cases reported united states accumulative totals increasing every day likely underestimated covid genuine pandemic taken seriously medical community world please stay safe wear mask keep distance wash hands regularly taking precautions youre protecting others well thank,@FrancisHogan,2020-10-20T03:54:43Z,0,
yLyDCMjdbVQ,Ugxsn5cLJBi24vKvCFJ4AaABAg,dr jha cant bring say trump blame disinformation,@virginiaoflaherty2983,2020-10-20T03:29:56Z,0,
yLyDCMjdbVQ,UgyYgzcVOqXAz4B-ERp4AaABAg,look isnt happy thing remind lot heavily armed idiots around contact congressional representative get something wherever happen regardless side voting please keep united states bloodsoaked states,@maximeprometheas,2020-10-20T02:35:43Z,0,
yLyDCMjdbVQ,UgwCOQabYoGOuip4t5p4AaABAg,youre high think donnies going stop disparaging scientists pandemic interesting thing even decent president upheld word scientists would still threats environment whomever crazy fxxks making threats need tracked like dogs imprisoned,@KnowTrentTimoy,2020-10-20T00:49:23Z,0,
-_1gxrkgIJU,UgxnTu8wbOdTM0-d4JJ4AaABAg,conversation brother kern county firefighter vaccine telling never seen spike strokes among yearolds battling asked question done differently medications response vaccination within weeks vaccinated didnt complications good,@johnbishop5098,2021-10-04T15:08:22Z,0,
-_1gxrkgIJU,Ugx8c0PE_MJLOl47s3N4AaABAg,social media going demise world,@carlosmagana5775,2021-09-04T15:48:14Z,0,
-_1gxrkgIJU,Ugz_ZS95Lm9XpvxICIZ4AaABAg,unvaccinated refused get vaccinated go hospital stay home stop clogging hospitals icu beds,@BigWill2779,2021-08-17T12:29:20Z,0,
-_1gxrkgIJU,UgzwbonI9f35C_lWO8x4AaABAg,looks like best way get people vaccinated cases surge,@thomasgrabkowski8283,2021-08-12T11:11:11Z,0,
-_1gxrkgIJU,UgwYjw2SRZkXs9y_quV4AaABAg,people hospitals unvaccinated people though many cant say sorry bec theyre antivaccinators thats fault getting danger getting outside get vaccine one easiest tasks daily life,@noahk6407,2021-08-08T23:20:37Z,0,
-_1gxrkgIJU,UgzI0es1YmvnfPt_xKJ4AaABAg,harder pushthe think good decision,@rodcoulter997,2021-08-07T11:16:20Z,1,
-_1gxrkgIJU,UgxTpIzkrUZzK38l6754AaABAg,people thankfully got chance see people got shot ok got see vaccines working things getting bad almost explicitly among unvaccinated shame many dying others learn leason,@ShadowFoxSF,2021-08-05T18:39:57Z,0,
-_1gxrkgIJU,Ugy95GZ2yyJgpWUcJ1Z4AaABAg,us think beyond flock sheep mentality would great disseminate data patient attributeseg age preexisting conditions body fat content least whether theyre obese much smoke cigarettes marijuana alcohol use drug use make information readily available public consumption many us flu dont end hospital may even barely get sick rest well either need get vaccine suffer consequences,@johntomasik1555,2021-08-05T13:06:10Z,0,
-_1gxrkgIJU,UgyZHmiOdKXkefOitkl4AaABAg,heres one way get people willingly take vaccine without requiring get local state federal government forgive people past due outstanding tax debt small business student loans guarantee get people dont want take vaccine change mind know would something consider,@TonyJack2003,2021-08-04T18:48:05Z,0,
-_1gxrkgIJU,UgyK_NduZUGN2ZMSlHJ4AaABAg,close hospitals unvaccinated people lets see many vaccinated people still win hospitals people hospitalized biggest bs ive ever heard,@AB-KB8,2021-08-04T16:17:17Z,0,
-_1gxrkgIJU,UgzuwBo9qNJpD7oGTqt4AaABAg,wish discussion vaccines impact transmission many young healthy people transmission moreover concern serious illness evidence shows vaccines effective infection nondelta variants hardly anyone us discusses,@ace625,2021-08-04T15:55:50Z,1,
-_1gxrkgIJU,UgyDDeDrJY7S40e2wep4AaABAg,wait line hours get second dose vaccine small price pay chance healthy peaceful life worth,@jackjones4135,2021-08-04T15:09:56Z,1,
-_1gxrkgIJU,UgyTAqkjKLM4VxHWijt4AaABAg,sockpuppet accounts bot posters scripted narrative comments least cofraud coldflu,@BadAtTeaDude,2021-08-04T11:59:21Z,0,
-_1gxrkgIJU,Ugzir64UW8oyD_zUkdp4AaABAg,trump never power country world leaders said biden dont ever want see another hitler lifetimes trump looked american war criminal must contained means necessary threatened use military force us keep happening trump first president us history got country banned almost entire world months made nation enemy allies almost started world war road allies stayed power,@tktkdiamond,2021-08-04T10:06:49Z,0,
-_1gxrkgIJU,UgxKvyKKsklTCr9XdUh4AaABAg,time waited disaster occurred finally get vaccinated doesnt make sense,@eduardoramirezjr4403,2021-08-04T08:33:24Z,1,
-_1gxrkgIJU,UgwpNxZfGp4bECdebgV4AaABAg,unvaccinated die rest convinced get shot live,@DotDotKai,2021-08-04T07:53:34Z,0,
-_1gxrkgIJU,Ugx92Z444LLHstHrTIp4AaABAg,elite running time god people rise,@jamalforrest2737,2021-08-04T05:29:40Z,0,
-_1gxrkgIJU,UgxjGWiNP9c4q6OkYJV4AaABAg,government cdc worried delta covid viruses sending millions doses countries free vaccinating thousands immigrants coming country want mandate americans get vaccine immigrants kind logic,@resoundartist,2021-08-04T04:40:38Z,1,
uhiEQ67NhZU,UgxWRBGhRGoVja9WrZ94AaABAg,paid funded tax dollars millions starting wuhan viral institute study bat might infect human coronavirus miles epicenter didnt come trust us obviously funding virus outbreak came surprise dr fouchi,@Freedom_and_Unity,2020-06-10T00:01:00Z,0,
uhiEQ67NhZU,UgxAr0Zsry7Evhn7aNp4AaABAg,flu kills people annually look current corona deaths tally today,@aassaasslamas4932,2020-04-20T08:45:15Z,1,
uhiEQ67NhZU,UgxNYqPd7sS8y1MhUjN4AaABAg,fauchi devil behind pandemic,@aas8376,2020-04-19T02:59:47Z,0,
uhiEQ67NhZU,Ugy4q6V27tYEl6tsjRl4AaABAg,dim wits dont math parrot experts paid crash economies jailedi knew lie evaluate things usingmathand understanding science applied,@sounddoctorin,2020-04-12T23:45:58Z,0,
uhiEQ67NhZU,UgxpA4QBBhP8UY56OZx4AaABAg,see amazing polly video fauci ignores boss crimes humanity,@tamething1,2020-03-29T06:37:42Z,0,
uhiEQ67NhZU,Ugx-ndwV9RtNHPJyQzB4AaABAg,seehuman beings merely human beings remember said make america great,@queluu9733,2020-03-07T22:39:52Z,0,
uhiEQ67NhZU,UgzgtAtSr1fsK2dLej14AaABAg,hes banned speaking corona trump admin,@mariagee1233,2020-03-05T13:00:31Z,0,
uhiEQ67NhZU,Ugx5yWaZdjmzm0pAwTx4AaABAg,called moral panic one scientist warning damaging global health emergency today detail sharon brettkelly speaks sarah monod de fiordeville victoria university term actually means criteria moral panic reaction disproportionate objective reality says brettkelly also talks samuel paul veissière wrote article psychology today called coronavirus much worse think covid infecting minds lungs explains whats behind irrational reaction coronavirus minds like jump threatening headlines alarming numbers says far nearly cases covid reported globally percent population comparison season flu makes five million people sick enough get treatment percent population flu results deaths year far people died covid httpswwwmsncomennznewsnationalcoronavirusandmoralpanicarbbkqocidspartandhp,@johnb8854,2020-03-05T00:23:12Z,0,
uhiEQ67NhZU,UgxunCQEGb8cUuNItxZ4AaABAg,facts trump cut medicaid working class drastically social security disability ultra rich able tested american emergency room procedure requires patient meet financial advisor seen doctor patient money copay uninsured patient kicked emergency room point many workers threatened firing dont produce doctors note go work coronavirus burgers tacos coffee billions still turned away numbers infected stay low still spread far wide grocery stores gas pumps virus kick die never even know,@annramsey7907,2020-03-04T17:11:35Z,0,
uhiEQ67NhZU,UgzG21DWi8j3U6oDRxl4AaABAg,bleach disinfect home youre part wash linens lavender laundry soap bathe chanel bar bath soaps,@evacameron8670,2020-03-04T00:23:30Z,1,
uhiEQ67NhZU,UgwqxOrJqMF8KOQ3T5l4AaABAg,pandemic obvious month,@evacameron8670,2020-03-04T00:22:32Z,1,
uhiEQ67NhZU,Ugz5DsGAQH0OtRs-eC14AaABAg,omg mediterranean mers death rate dont recall news concerned influenza people die yes unusual election year want markets tank economy dump make trump look bad opinion definition fake news,@NeoMK,2020-03-03T22:39:05Z,0,
uhiEQ67NhZU,Ugyai7SXHT9gSo3H31N4AaABAg,horrify people coronavirus tyt httpsyoutubezqygghi oh universal healthcare,@j.corona8118,2020-03-03T06:54:10Z,0,
uhiEQ67NhZU,Ugx5HpB1gLsXTUruYbB4AaABAg,things come h g wells much comethe gathering storm churchill,@raginald7mars408,2020-03-03T06:38:21Z,0,
uhiEQ67NhZU,UgwOl95R4i7Kvw57aYN4AaABAg,almost bet china already vaccine virus thay forfeited,@sterileneutrino2288,2020-03-03T05:08:12Z,0,
wPLkdevhWD0,UgwfJ8HvpMolVrLFVWd4AaABAg,reversal taking place want extend stop already exactly opposite supposed minimize private group may affected leave everyone else alone,@williampittenger67,2020-10-27T03:34:18Z,0,
wPLkdevhWD0,UgwtxF5f-qS2iuW9tRB4AaABAg,ok stop talking flu seasons three cold seasons death rate risen therefore stop trying explain stop trying cure common cold cold flu point still cold flu last vaccine guys came flu gives flu people yes downplay unknown virus crowned rule world yes go away folks made worse really,@williampittenger67,2020-10-27T03:32:06Z,0,
wPLkdevhWD0,UgxJu3RbDWsbYGvx79Z4AaABAg,please investigate httpsyoutubeqflqxpl_hzq,@udawyma1682,2020-09-16T02:46:31Z,0,
wPLkdevhWD0,UgwLRH-Gchm5oyGjBn94AaABAg,today people pick choose reality want believe,@DLFfitness1,2020-09-15T05:25:02Z,0,
wPLkdevhWD0,UgwrqF3vnnrsuOZTHMB4AaABAg,really fauci giving daily briefing scientific standpoint throwing trump bus,@OriginalDigitalOracle,2020-09-15T04:17:02Z,0,
wPLkdevhWD0,UgyZnB0lsOgvp5pPq-J4AaABAg,check fauci say vaccines httpsyoutubejlayfefryct,@WeAreWellaware,2020-09-14T21:01:44Z,0,
wPLkdevhWD0,UgzBbZApzRttus5YxX54AaABAg,second wave coronavirus ultimate conspiresy theorie make people afraid,@SeSakes111,2020-09-14T16:22:12Z,0,
wPLkdevhWD0,Ugyr7vJa7LljL7C9_RJ4AaABAg,httpsyoutubeiicegheuki,@jcciryljcciryl1722,2020-09-13T19:21:18Z,0,
wPLkdevhWD0,UgwR-5VNlr-cyuXriGR4AaABAg,faucie piece work seen videos saying trump play agreed told public thing haters still hate law order democrats take preview trump swept streets would call dictator stores would emptied people would reacted worse thant people would still mask mask washing hands face college kids still parties stupid people would still stupid things cant control mean pelosi telling everyone come chinatown safe close borders like trump wanted cant always ways doulbe standard hypocrites,@billg5710,2020-09-13T18:22:06Z,0,
wPLkdevhWD0,UgyBj6PCKiL0VA_IAOl4AaABAg,exactly point posting clip talk news morons post full show proper context,@justinlinnane8043,2020-09-13T12:21:51Z,0,
wPLkdevhWD0,UgwJ29GcrSsICioqD-14AaABAg,swamp drains please thumbs agree,@TrumpcivilwarII,2020-09-13T09:52:19Z,0,
wPLkdevhWD0,UgwBjIzkvGclTOvWsvl4AaABAg,refreshing get medical info actual doctor insane megalomaniac screaming religious bigot pillow guy,@deraldporter3828,2020-09-12T18:50:55Z,0,
wPLkdevhWD0,Ugxqq3Yst3aVCWGwUV14AaABAg,uh didnt fauci already say president trump acted didnt reflect words tape yes yes,@majorglory1223,2020-09-12T14:44:42Z,0,
wPLkdevhWD0,UgyKtoqEzKILOocyswJ4AaABAg,damage caused lockdown worse original problem wake america,@jameskulevich8907,2020-09-12T13:03:02Z,0,
wPLkdevhWD0,UgxSh00N8ALXBAuLBoN4AaABAg,google search wuhan lab adrenochrome search alibaba website adrenochrome synthetic human versions available research rockefeller medicine research allopathic medicine research funvac bill gates,@stardrifter311,2020-09-12T12:25:28Z,0,
wXzrP7dBb1g,UgwoVyLPX8BVbqpJC354AaABAg,im disgusted churches religious leaders telling followers get vaccine stupid idea mark beast leaders held accountable jeopardizing health others,@MarC-te4he,2021-03-18T06:46:58Z,0,
wXzrP7dBb1g,UgyOgvfdBemJrWelMFx4AaABAg,stupidest joe biden administration open south border let covid virus covid cases dead increase joe biden dictatorship,@lisajones2995,2021-03-17T11:43:46Z,0,
wXzrP7dBb1g,UgzyzI0AYNiMIYxSXIZ4AaABAg,gnesara part nesara vital earth reformation program commonly known many political economic program nature others view spiritual high level light beings affiliated nesara people severely oppressed political economic conditions foster impoverished living circumstances lack health care education monopoly natural resources slave labor unjust laws courts starvation tyrannical regimes offering soul food isnt enough people preoccupied mere survival requirements giving spiritual messages going bring global reforms need rise misery say nesara implemented done quickly reality trusted know hold convictions toward success provisions nesara monumental scope embodying sweeping reforms earth begin soon legislation officially announced known people become aware reforms motivated participate according capabilities aspects polarity still existing earth nesara one extreme dark force members call illuminati world management team return explaining darkness illuminati powerful cabal long recognized retain control earths people must keep ignorance fear millennia worked well currently power dark predecessors realizing cannot work much longer sparing tactic hold onto fastebbing control rightly see nesara total uprooting programs reforms implemented control darkness crumble totally nesara far piece legislation united states extraterrestrial beings high stations soul evolvement initiated ideas within nesaras programs assist earth humans rise spiritual clarity invitationindeed pleaof earth planet could survived assaults negativity continuously generated human brutality animal plant kingdoms physical body earth wars violence famine disease ruthless leaders environmental destruction economic strangulation instituted influence dark forces relief suffering caused conditions essential planet would die half century back counting earth reached point damage body soul choice soul ascending allowing planetary body die surviving intact soul chose survive physical planetary form greatly weakened condition due extent trauma long suffered could without massive assistance light beings extraterrestrial civilizations responded cry help among countless souls come rescue working diligence dedication reforms embodied nesara see earths quest help beings conjunction earth humans performing various missions offplanet get vast vital program underway rejuvenate physical earth enlighten uplift people nesara legislation processed within laws godinspired original us constitution important understand takeover ets initiate light programs however desperately needed earth collaboration wise highly spiritual earth humans ets helping myriad ways restore health planet without ets assistance earth inhabitants would surely die knowing earths travail love souls chose reincarnate earth humans assist universal brotherhood recreating heaven earth nesaras provisions second dark forces fighting tooth nail prevent even awareness nesara much less implementation point delaying announcement must law precede enactment widespread provisions weapon left successful thus far achieving delays many means assassinations influential people favor initiating provisions without delay well others actively working toward end death threats families light workers workers doubleagents within ranks light workers terrorist assaults us internal terrorist act september dramatic tactics former presidents illuminati members george w bush bill clinton family prime instigators laboratoryproduced coronavirus sars disease meant another global fear instigator effects greatly reduced efforts light workers another delaying tactic disinformation noninformation control major media disinformation program includes claims nesara reported dove frauds dove reported information accurately given discouraging readers reports time time announcement delayed beginning spreading word nesara necessary get attention encourage generate positive energy attachments program give impetus achieved power thoughts feelings remember reforms whatsoever occur without implementation nesara along removal replacement united states government cannot emphasize strongly active participation adding light energy momentum essentialnesara benefit however since nothing universe isolated effects everything else within universal interests earth lifted third density limitations eons kept knowing eternal inseparable connection nesara integral part planetary ascension higher vibratory dimensions additionally correct believe even high station make accurate predictions linear time exists earth anyhere else universe look energy field potential see increased momentum light progress moment may appear optimistic reported however dark forces strike optimism tempered energy momentum gained two factors wereareaffecting nesara everything else great deal planetary individual karmic balancing still played creators law souls free must respected except case nuclear detonations space includes free choices made members dark forces hold weakenpreferably doomnesara earth humans extraterrestrials among look like using one tactic another delay nesaras announcement please dont disturbed fact darklyinclined extraterrestrials operating eartheven powerful extraterrestrial light beings also among dark ets inculcatingto impress implant upon mind another frequent instruction greed hatred violence ignorance fear want continue control planet light ets help take back control planet lives whereas decade half ago limited energy registered field potential total frenzy reflects unprecedented extent energy generated light beings dislodge darkness forces last ditch efforts hang onto pockets power lost global changes nesara usher see simply cannot estimated accuracy date nesaras announcement see time coming closer passing day could say doorstep light tangible directional facet love love powerful energy universe original creating material nesara created lightlove doubt power transform earth paradise part transformation let truth nesara known trust glorious intent outcome nesara golden age nesara mistake true nesara deliberately designed lies untold monetary wealth people follow trail great lie shall part golden age nesara golden age never intended monetary event infinity earth persons earned place wondrous new time god physical form people nesaraknots whose motivation amassing great wealth corrupting true reality nesara shall soon find confront harshest reality able continue hide golden,@jasontalbert4164,2021-03-12T16:56:33Z,0,
wXzrP7dBb1g,UgxZt2v2FCJUtmytFYZ4AaABAg,gnesara part nesaras reforms nesara means national economic security reformation act legislation program whose concept intent help create world earth peace love replace war hatred governments led prudent spiritual women men power mongers led darkness fair distribution resources replaces extremes egregious greed desperate poverty universal planetary truths replace web lies controlled lives world earth nesara conceived concept program continuously attacked struck every way conceivable darkness intended remove previous messages said illuminati entrenched washington dc seat us government whence control happens country heavily influence happens everywhere else deeply embedded vatican london district wellthe triad darkness could saybut global network dominoes first fall must united states nesaranational economic security reformation actcan implemented importance act cannot overstated democraticallyelected governing bodies also purged dark control g added nesara expand act national global since international group working rid world darkness means acts provisions gnesara appropriate past year illuminati assassinated two gnesaras leaders vladimir putin pope francis believe pope francis vladimir putin donald trump inserted sole purpose unseating illuminati putin replaced lookalike pope usually depicted holography nevertheless everrising vibrations guarantee triumph light forces nesara succeed intended hold within hearts vision world want families inheritors earth world receive gnesaras legislation provisions great significance one precede others everyone united states government must resign new governmental body formed nothing whatsoever partisan politics widely known date us government running corporation united states america corporation owned illuminati dictate operated far intended nations founders established newly united states sovereign nation republic form governance illuminati know universal lawnothing exists without energy everything existence requires energy growand left stone unturned keep nesara gaining energy becoming known first gag order issued president clinton signed legislation command countrys military gag order legally prohibited anyone knew act ever speak since kept wraps thoughts feelings give growth energy word nesara started coming forth including st germain spiritually evolved individuals planet authored act energy started building illuminati put word nesara conspiracy theory concocted label attach information exposes heinous activities conditioned populace believe whatever tagged conspiracy theory idea halfwitted minds time ploy put acts energy limbo people heard thoughts feelings gave momentum push forward counter congress wrote national economic stabilization recovery act severely distorting genuine act new one created mass confusion many fencesitters became disbelievers nesaras announcement dont mean announced mean known followed immediately enactment provision current government officeholders must submit resignations replaced honest individuals already appointed serve legitimate election deception corruption long passed democracy united states exposed sufficiently jolt lazy resistant minds belief broad pathway electing honorable governing body undertake important missions assisting transition darkness light make mistakes series bumblings given reasons nesara never gets announced time time nonsense anyone knows truth us realizes people whose discernment developing could see us part problem however could bumblers including whose discernment developing part solution dont believe siding partisanship darkness ignorant never part solution national economic security reformation actplease note accurate nameis real anything else earth skeptics please put rest impression merely wish minds intensely desire legislated remedy worlds problems please dont allow fervor exhaustiveness turn egotism nevertheless view validity indeed began wish thoughtform like everything else universe acts formation preceded manifested thought forms inuredaccustomed accepting living something undesirable living within manmade laws put within acceptable legal framework accordance universal laws framework specify means achieve acts objectives universe knows situations present aid manifesting desired results peace justice equitability accountability starting united states extending worldwide remember apolitical want turn politics however worlds collective consciousness focused civilization tied systems governance earths peoples rising systems tyrannical dynastic rule corrupted democracies alike must intervene undesired area activity governments retain control perpetuating fear deception warring impoverishment divisiveness longer political matter darkness vs light wrong vs right captivity vs freedom evil vs godliness absence love love power engenders advancement spiritual conscious awareness peacefulness joyousness health prosperity long ages loveless world lot earths humankind light radiate invaluable contribution transmuting longstanding low vibrations oppression bloodshed unjustness high vibrations love enlightenment alignment souls divine sovereignty light beings universe honor steadfastness vital service family earth said great deal disinformation nesara promulgated various sources discredit act isnt surprising provisions strip political economic control unfortunate nesara become better known means darkness ignorance rather correct information knowledgeable light sources approximately two half years ago asked responsible issue collective statement described nesara divinely inspired cocreation highly evolved beings beyond earth engender good among humankind fair share good fortune food spirit enough majority population oppressed deprived nesara born earths desire betterment lives resident souls control ones call dark sufficient enough prevent nesaras implementation well past optimum universal timing ah yes movement celestial bodies great bearing happens world dont wait procrastinators adhere timeframe opened new avenues accomplish identical aims nesara slowly equally certain outcome acts restrictive legal requirements gave dark ones sleight hand manipulating power use advantage light egotism arent compatible doesnt take great effort part dark minds fade little light fence sitters concept intent nesara help create heaven earth know act dont even believe actualitywanting intentions embodies counts,@jasontalbert4164,2021-03-12T16:56:14Z,0,
wXzrP7dBb1g,UgyS9nqtdlTRNCldutB4AaABAg,clear throat um um studying scriptureany writing sacred spiritual nature benefits walk step way reasons many forms intelligence come watch version world unfold high frequency utilizing fullbrain capacity full access band consciousness process rapid drastic accelerating change people forget continue believe scenarios limitation lack awareness like great mountain must move transmit new energies people feel potential pathways thinking thats changing absolute negatives absolute positives remembering words positive beneficial nature set forth direction positive beneficial energy flow remember affirming want knowing come keys manifestation knowing based trust state mind intuitionfeeling reigns supreme many humans believe capable hacking way new territory taught avenue existence choose disempowerment lack victimization family light timejumpers extraordinaire creators change rearrangers systems consciousness existence pioneer new pathways consciousness remember everything changes start emit frequency rather absorbing frequencies around become leader without worshiping anyone start imprinting intent universe rather receiving imprint blueprint system reality live within nanosecond window collapsing time along earth course taking radical change direction experiencing accelerated thrust ongoing evolutionary process cycle coming completion new age new theme take precedence upon earth assisting new age within society currently humans barely understand live many times humans let alone many identities self accelerated energy pushing everything must dealt forefront life including course unresolved issues lifetimes human kind testing ground choosing probable road great book earth ancestors similar tasks point many roads choose ask develop along lines whole male female energies balance right left sides brain using full vitality imagine everything ancestors past stored within knowledge must proceed forward solutions seek found inside feelings responses shattering world around require rebuild accepting taking place dissolution something new created life cycle includes death followed new birth like story phoenix rising ashes understanding important phase development solution weave together make sense multidimensional perspective learning make peace gather loved ones friends honor respect violate ones territory whether word action deed honor would honored understand great wounds human psyche come forward wounds legacy genes wounds passed darkness wounds ancestors brought light day appear task healing beyond salves antibiotics diseases mind revealed diseases discomforts invisible long time search discover cures forget multidimensional creatures often solutions lie physical body astral planes invisible worlds beings attached humans possession merging occur like night day responsible plight think much better however darkness created endless difficulties ultimately meet healing occurs sharing power knowledge revealing secrets different probable futures created inhabit forces darkness uninformed therefore create systems give illusion power separated knowledge desperately hold onto existing knowledge onto life evolved drawing many others possible life based fear life honor life life uses life hold onto grasp wisdom given illusion power create quickly run hands lose ultimately longevity within system operates balance however souls drawn systems illusion uphold act harm others always futures timelines worlds learn imagine entire world reinterpreted reveal people finding significance land live feeling pride continent birth looking across mountains swamps valleys meadows watching winds blow across deserts howling tops trees hearing rain thunder seeing wonder polar lights full dark moons imagine people everywhere feeling call understand highest knowledge view living peaks headed version future perhaps imagine music enlightens people sounds songs remember share pass songs healing connecting exquisite wonder songs living songs sexuality codes meaning strengthen tapestry part think tapestry recall fleeting glance portion book earth image comprehend creator experience must ask choosing reality lesson living need learn looks us book earth books observe everything experiment even legendary lizards dragons part experiment think slighted gypped made resent makers time gratitude reptiles want remember creative kinship also show mental pictures time thirteen thousand years ago sun halfway around great precession equinoxes time called age leo period end atlantean era opposition poised cosmic calendar much connected relearning lessons vision future remember atlanteans sudden shocking surprising demise know challenged lesson though necessarily create outcome one repeats experience learn lesson create outcome ideally one learns lesson individual community world galaxy one changes outcome experience dramas need longer replicated whether old pattern life galaxy cosmos divideandseparate fearoverlove humankind resistance changing growing finding new data much resistance course natural programmed make afraid consider something new reach disobey gods become equals ultimately become afraid leave limitations comfort zonenest created humankind seeks knowledge humankind becomes informed comes closer would called goddess existence true freedom many keep recreating past recalling nostalgic detail anchoring present cells body quite free come go replicate continuously get instructions provided blueprint belief system energy patterns carry reality different ways manage energy change patterns expanding concepts molecular structure follow potential body want literally regenerate cells remapping sending different plan alternative route body experience follow suit natural vitality body influenced people respect believe legitimate accepting limiting fearful negative ideas perhaps one individual bad experience interpret create image making others,@jasontalbert4164,2021-03-12T16:54:43Z,0,
wXzrP7dBb1g,UgyDGWqzvvP4zIDP9qB4AaABAg,clear throat um um never let emotions overpower intelligence yes sometimes youll react things without understanding rather allowing intelligence guide realize afterwards alright intelligence stabilize emotions answer understanding intelligence comes present moment thinking youre thinking youre stuck time answer comes become present moment doors open energy whenever youre stuck thought contraction want happy yes presence answer thought root unhappiness whats meant although create thought dont want create unhappy thought important thing trying avoid unhappiness getting stuck realizing whats important thats ultimately well everything okay happiness happiness life life happiness state mind learning manage energy everunfolding process avenues existence corner cosmos humanity deeply immersed worldwide spiritual transformation designed clear away vast accumulation fearful beliefs human gene pool carry energetic patterns pain separation ultimate purpose transformation open way new pronounced frequencies higher awareness available throughout multiverse humanity along host otherdimensional beings including us make unique contribution healing lines time human standpoint must fully present body participate effectively transformation dna beneficially enhanced times cosmic ray exposure clearing vast amounts lowervibrational energies roots deep human psyche higher vibration nanosecondthe collapse time currently experiencing continues accelerate gathering momentum transformation fortifyingstrengthening process entrainmentfollowing along giving energy attention understanding new lightknowledgewhere strongest vital lifeenhancing frequencies build great electromagnetic power selectively attracting frequencies consciousness perceptions reality expand purposely look new levels significance well hidden meanings life enhance awareness contribute unique frequencies evergrowing collective realization human must accept ultimate responsibility exercising power naturally embody healing requires remembering energetic whose thoughts feelings emotions create world encounterin wordsyour thoughts optimism create positive realityyour new earth engaged multidimensional drama agreement many realities heal mind body spirit humanity connected also agreement provide inspiration new vision life throughout multiverse change occurring everywhere people seeing conditioned illusion steers away greater selfreliance personal empowerment forces appear restrict actually provide stimulus motivate toward greater personal achievement development lifeenhancing attitudes abilities recognizing poor energy management worlds business government helps focus attention really important life corporate model success faltering people realizing business based solely upon investment returnswhere accumulation wealth ignoring wellbeing earth creaturesprovides loving care sustaining life force anyone involved consumerism become major preoccupation millions people last long people accept hypermarketing credit draws wasteland living endless loop financial enslavement inner codes consciousness awaken people inner truths new common sense knows empowering ones life awakened mind makes immense contribution welfare humanity selfresponsibility nurturing awakened mind real investment change world offering newfound freedoms creative expressions best returns focus energy great change occurring within substratafoundation cells well subatomic level body deeply affected energies emanating vast array celestial influences providing information form lightencoded frequencies energy codes meant trigger new levels awareness surface stupendous momentum result activity release pentup psychic emotional energies dna code turn attract life issues need resolution issues manifest physical reality great transformation consciousness played lines time physical body becomes arena healing levels human body functions fashion still unrecognized conventional medical sciences larger perspective convinced less version human form unique codereading device occupy physical body thirddimensional reality method one foundational protocols used experience explore nuances physicality socalled material world based specific vibration energy specific tuning perceptions holds mass agreement together learning may well already know much physical body pressure energy acceleration affecting consciousness physically mentally emotionally psychically spiritually cosmicallyeach area self like finger handa sixfingered hand individually capable movement yet much effective working cooperation rest body among various levels experience emotions far greatest impact upon state personal wellbeing emotions make unique direct link emotions brain activity body functions within awakened human vibrant health recognized sign personal power happiness peace mind important ingredients emotional level achieving maintaining excellent physical mental wellbeing emotional comfort signals brain way frequency send positive messages rest body calling forth release precise chemical combinations internal pharmacopoeia strengthen safeguard immune system emotional balance physical vehicle finely tuned make sense interwoven connections levels experience biological computer sophisticated manufactured technology directly influenced symphonic complexity emotional responses life remember body dutifully loyal giving feedback effects thoughts feelings essentially health state mind decision see life filled inherent meaning realization everything occurs good reason prosperous use personal power,@jasontalbert4164,2021-03-12T16:54:07Z,0,
wXzrP7dBb1g,UgzZzCHg8J6Ni78vAfl4AaABAg,china started welding people homes started worrying,@sophiawilson8696,2021-03-12T15:48:36Z,1,
wXzrP7dBb1g,UgyDgfaoKNHyRBe_W_R4AaABAg,allowed lie us everything year later,@BadAtTeaDude,2021-03-12T11:25:57Z,2,
wXzrP7dBb1g,UgxiBE1ZcaGBho4Ugt14AaABAg,covid sniffing dogs really actually want believe dogs sniff cofraud variants year later,@BadAtTeaDude,2021-03-12T11:25:10Z,2,
wXzrP7dBb1g,Ugy0zrieHHULnTH5t-14AaABAg,time finally real president pretend one actually takes care people stock marketthats south korea start last year us strict lock downs mask wearing mandatory kept one lowest countries world complete opposite powerful sophisticated nation earth worst health economic housing homeless crisis modern history banned entire world former leader cared stock market nation people opened pandoras box memorial day america people cdc world health organization fauci told open middle pandemic would modern catastrophe next months change way life forever push medical care resources breaking point great depression levels havent seen yearsthats south korea start last year us strict lock downs mask wearing mandatory kept one lowest countries world complete opposite powerful sophisticated nation earth worst health economic housing homeless crisis modern history banned entire world former leader cared stock market nation people opened pandoras box memorial day america people cdc world health organization fauci told open middle pandemic would modern catastrophe next months change way life forever push medical care resources breaking point great depression levels havent seen lifetimes,@slaterk7164,2021-03-12T08:45:05Z,0,
wXzrP7dBb1g,Ugx4FnmAJE3DAqoU4Dd4AaABAg,pls help biden beeing relaced harris still fine enough,@MrHanthanh,2021-03-12T05:33:13Z,0,
wXzrP7dBb1g,Ugy4y5yV2_oy2YDN61B4AaABAg,republicans christians hate science medicine,@gratefuljr,2021-03-11T22:52:15Z,0,
wXzrP7dBb1g,Ugw7TKMJYaQGceyt_oZ4AaABAg,bill goes american people rest special interest groups,@marlenetrainor8086,2021-03-11T22:35:49Z,1,
wXzrP7dBb1g,UgxNrXPOrtfEwGUbknp4AaABAg,two weeks flatten curveanybody remember one asking friendedit dont feed trolls virus survival rate unless n specially fitted masks may work masks useless kinda like stopping mosquito chain link fence guarantee getting virus getting vax socialism one step towards communism climate changing since earths inception boys prostate girls ovaries trust science eh,@marlenetrainor8086,2021-03-11T22:34:22Z,2,
wXzrP7dBb1g,UgxNrXPOrtfEwGUbknp4AaABAg.9KlPkqeRrvx9Km2tgDAjkO,lol two weeks flatten curve certainly better trumps magically dissapearing virus theory,@matthewsahr5205,2021-03-12T04:33:50Z,0,UgxNrXPOrtfEwGUbknp4AaABAg
wXzrP7dBb1g,Ugy2haRloIBQOuKNC1x4AaABAg,illegals crossing border speak covid wearing biden shirts joes welcome mat,@richard8031,2021-03-11T22:17:00Z,0,
wXzrP7dBb1g,Ugy2haRloIBQOuKNC1x4AaABAg.9KlNlfcWau39Kl_JTd0f1U,dont need bring covid usa gop governors letting rip,@faithlesshound5621,2021-03-12T00:06:36Z,0,Ugy2haRloIBQOuKNC1x4AaABAg
wXzrP7dBb1g,Ugy2haRloIBQOuKNC1x4AaABAg.9KlNlfcWau39KogCI9XE1W,faithlesshound zombie joes policies ruin us,@richard8031,2021-03-13T05:04:31Z,0,Ugy2haRloIBQOuKNC1x4AaABAg
wXzrP7dBb1g,Ugy2haRloIBQOuKNC1x4AaABAg.9KlNlfcWau39KpUJzLDkJo,richard hola rico judging english grammar must selfhating illegal,@faithlesshound5621,2021-03-13T12:31:13Z,0,Ugy2haRloIBQOuKNC1x4AaABAg
wXzrP7dBb1g,UgyoMVJ9CtJQd-7Ui2J4AaABAg,selfishness time high lately,@ROZDAB,2021-03-11T21:19:46Z,0,
2WgNLO67Z18,Ugyk6y523pY3kjEVktF4AaABAg,fakenews virus deadly need take unreliable high false positive test see get according numbers survival rate lucky us pulled effective treatment thin air smith mundt repeal means lie ad infinitum prosecutorial immunity congress means poison let sink,@BadAtTeaDude,2021-01-13T13:11:13Z,0,
2WgNLO67Z18,UgxduW_bV2MJTnONjUt4AaABAg,obvious people living hsv used antiviral supplementary orthodox medicine help suppress virus cure living hsv virus since came across bloggers narrated stories online cured hsv hpv hiv cancer pregnancy issue fibroid debates etc using pastor herbalist theo herbal medicine africa today make year weeks since cured herpes thanks god using great pastorherbalist cure promised keep telling people good news pastor theo cured please feel free share problems dont forget tell referred thanks enquiries email pastortheoherbalhomegmailcom whatsapp,@melisajay2115,2021-01-12T14:23:19Z,0,
2WgNLO67Z18,Ugxj_JuO89qaXZo7fRJ4AaABAg,sure mainstream media never talks curates number deaths brazil real ones since lot question numbers since city halls hospitals provide funds notified death represents less population nothing alarmed stop pyrotechnics virus focus really matters governor são paulo eager start applying chinese vaccine january th looking carnival remember last year coronavirus dangerous carnival passed lot people die stop manipulated inventions dirty biased communist media wife children vaccine doesnt matter sanctions impute us,@redemptionsongs,2021-01-12T13:10:10Z,0,
2WgNLO67Z18,UgxoNA-pfM3OnVgsHI94AaABAg,keep answering questions billions times want new answers plan vaccine doesnt slow transmission slows rate doctors hoping miracle happen instead science scientists seem afraid answer questions,@says101,2021-01-12T12:25:04Z,0,
2WgNLO67Z18,UgwH-Bh3a63QChcFyjt4AaABAg,jim jordan pay exposing others republican covid germs sue,@mvvpro8688,2021-01-12T06:01:16Z,0,
2WgNLO67Z18,Ugz6Osc1tMwxxD-OWUF4AaABAg,even weeks second dose effectiveness vaccine risk though low still,@pennyroyal3813,2021-01-11T23:54:09Z,0,
2WgNLO67Z18,UgzkP51pCy58zMfmwEN4AaABAg,kmov missouri coroner brenda bock says two five deaths related covid people died gunshot wounds,@robotron17,2021-01-11T20:15:19Z,1,
2WgNLO67Z18,Ugw1YAb7-Oba_ZcwZQR4AaABAg,httpswwwthegatewaypunditcommotherfckinstreetsantifaterroristsmarchnycriotgearmediasilentvideoutm_sourcetwitterutm_campaignwebsitesharingbuttons motherfckin streets antifa terrorists march nyc riot gear media silent video,@DerangedLeftWingers,2021-01-11T20:14:43Z,0,
2WgNLO67Z18,UgzPh1HquaQNzyQ5JjF4AaABAg,heard one member congress tested positive covid stuck room capitol siege colleagues refused wear masks,@GoGreen1977,2021-01-11T20:00:40Z,1,
2WgNLO67Z18,Ugz844TdliYBt4YrKwV4AaABAg,tldr extra volume vial account loss factors inside syringes minor spillage commonly available affordable type syringes needles actually significant volume cavity end piston bottomed tip needle unused air air must dispelled injection safely administered meaning displaced liquid vaccine vial meaning draw syringe volume injected theres medically hygienic safe way recover bit liquid inside cavity afterwards costly notnso commonly available models much smaller cavity meaning volume lost way smaller using types much smaller loss factor combining little bit extra case normal spillage using specialized syringes recover enough overhead esch vial sum extra doses vsccine producer though know kind syringes needles vaccination site hava available even cannot adapt mich goes vial granular level fill every vial enough liquid ensure _at least_ enough doses matter syringes vaccination sites hand,@pr0xZen,2021-01-11T19:15:45Z,0,
2WgNLO67Z18,Ugyut2TXRWcSBRmmXpx4AaABAg,astrazeneca tested phase three volunteers covid week didnt others would know likelihood contracting spreading virus,@ruthdepew7212,2021-01-11T19:09:21Z,0,
2WgNLO67Z18,UgyQIuqrUptdqrhMNJ14AaABAg.9IO2HpOkxA29IO3KSp3odr,never alone self spirits live alone take care safe,@moiregarner1494,2021-01-11T18:33:49Z,0,UgyQIuqrUptdqrhMNJ14AaABAg
2WgNLO67Z18,UgyFWfkvv2vHpnyclrF4AaABAg,difference trump sudan hussein bin laden stalin putin trump attack country virus sedition,@ashleychatle2410,2021-01-11T18:10:00Z,2,
2WgNLO67Z18,UgxJnbxr2KtOC8J4Pc14AaABAg,know exactly gentleman feels im canada live bc family lives another province im alone dogs talk im sooo lonely horrible feeling one talk,@scafgal7242,2021-01-11T17:57:09Z,1,
2WgNLO67Z18,UgxOksPWWUdQcoUH7hJ4AaABAg,question trump said would gone easter mean last year year years long take reach vaccination rate set trumps failed administration,@rgwak,2021-01-11T17:56:38Z,1,
JZDQVHVNC10,Ugxul8C_RVDWZ7ezzyV4AaABAg,incompetent trump full view country,@jamesadams8595,2022-11-04T14:10:16Z,0,
JZDQVHVNC10,Ugz4xfh9pY8KBj0JWbl4AaABAg,politicians scientists epidemiologists politicians got wrong focus preventing transmission vaccine mandates biden us incompetent run administration devises strategy pandemic,@leonardmayer2362,2022-01-07T02:58:38Z,0,
JZDQVHVNC10,UgyWPl3R2bgT9sdB2dB4AaABAg,dr wen apply recieve ppp loan dont mean planned parenthood loan,@realpqleur,2020-07-08T12:39:31Z,0,
JZDQVHVNC10,Ugz5qVL5D5yweqEbgzJ4AaABAg,c business major may president need,@carolinacastellano1309,2020-05-31T11:36:19Z,0,
JZDQVHVNC10,Ugwy6MHPDLlPuUkzAfd4AaABAg,vietnam country without wealth advanced healthcare system avoid even one coronavirus death among million people simple say medical authorities acted early swiftly vietnam ignored china world health organizations initial insistence evidence humantohuman transmission deployed rapid measures like strict quarantining contact tracing first case even detected vietnam lifted social distancing rules late april threeweek shutdown hasnt reported local infections days businesses schools reopened life slowly resuming normal pace,@e.h.j.1184,2020-05-31T04:15:00Z,0,
JZDQVHVNC10,Ugx1ysy5QAFletakKhp4AaABAg,americans dead trump blame lets start obama china cdc governors states media must trump lay blame trump done magnificent job thinks yes men white house telling believes,@fiddler111,2020-05-30T13:00:06Z,0,
JZDQVHVNC10,Ugz30jjW0KBIX_qL_Nx4AaABAg,dont eat anything moves,@RedHCP,2020-05-30T10:40:17Z,0,
JZDQVHVNC10,UgxF8KJ0Z5z1jSxgv114AaABAg,trump way wouldnt lockdown stay home order imagine carnage hed way still gives,@matlew1960,2020-05-30T09:52:44Z,1,
JZDQVHVNC10,Ugzo3NiZ5ZoRWeUSapB4AaABAg,httpstranslategooglede dangerous virus pandemic worldwide ideologywar weapon bankruptcy httpswwwyoutubecomwatchvp_ayuhbnpoi party offers internal accountability,@markusmuller6173,2020-05-29T18:39:48Z,0,
JZDQVHVNC10,UgwS0UYqEYI9VaO8LCB4AaABAg,hospitals classifying lots deaths covid hospitals gets x amount dollars per covid patient death helps democrats come november say didnt stop covid also original death projections wasnt millions world wide every death many still lower expected right one cares suicide related one talks death whole country screwed,@oh_look_bananas,2020-05-29T18:20:25Z,0,
JZDQVHVNC10,UgzzXBL3b2Ek4Wk-CIN4AaABAg,one life lost everyone sad k dead flu guys worries,@thehive378,2020-05-29T17:56:18Z,1,
JZDQVHVNC10,Ugy6F9zVeg_45QGH4rt4AaABAg,everyone think warmer weather going change anything virus bad tropics slowdown virus isolated forever made ineffective vaccine summer break virus doesnt sleep,@gianfrancofronzi8368,2020-05-29T16:15:36Z,0,
JZDQVHVNC10,UgypHpKZmrWD2_4Fjy14AaABAg,learnt donald trump uselesslike waterproof teabag,@heugenes,2020-05-29T11:42:07Z,0,
JZDQVHVNC10,Ugw9vogUbqStaTlF4Y54AaABAg,embarassing incompetent trumpy seems servants,@geroldbosch1624,2020-05-29T10:12:42Z,0,
JZDQVHVNC10,UgxKdWopeoLUOo0bpqp4AaABAg,lets see small countries asia world malaysia httpsyoutube__gwcgws,@DarkSoul-ll2qk,2020-05-29T09:54:11Z,0,
JZDQVHVNC10,UgwrmbBezYXQtM3jDtt4AaABAg,open make america great eh trump one follows new rules opening look beaches example mean wont even time back basketball courts park live opinion places like live smarter going much slowernot opening much much better well obviously covid changing still nasty killer teamwakeupamerica,@BRAINCELL44,2020-05-29T03:36:29Z,0,
2kEM0XZf4Bo,Ugxbg__D-H7IzEEH0sx4AaABAg,thehungerforfoodgmailcom,@iamshivamjhaa,2020-12-20T11:50:18Z,0,
2kEM0XZf4Bo,UgxEUtvXZbuV5C-xzBN4AaABAg,the_daily_hunger,@iamshivamjhaa,2020-12-20T11:49:56Z,0,
2kEM0XZf4Bo,UgyxiBqrlhyXG46sUoN4AaABAg,thedailyhunger,@iamshivamjhaa,2020-12-20T11:49:36Z,0,
2kEM0XZf4Bo,UgyI3wcHb2iobpw7gIB4AaABAg,dear sir madam llcrakurs hereby full legal authorization wish inform refinery vessel loaded lco en ppm high sea need serious buyer products official mou product sent immediate response request high appreciate nb official buyers buyers mandate respond best regards llcrakurs dugieva rosa mustafovna whatsapp skype id livecidbfafcd email dugievallcrakursmailru director ceo,@dugievarosamustafovna529,2020-12-19T16:49:29Z,0,
2kEM0XZf4Bo,UgwdT097rHPFZSZEhrx4AaABAg,werent talking back april oh yeah cause flu take number stickers car never wear pin obvious left blm care virtue signaling little lives black people,@yuiopoli9601,2020-12-17T07:31:24Z,0,
2kEM0XZf4Bo,Ugx3LVPWcEJy-SjSZYh4AaABAg,caused lockdown wear mask take panties face,@yuiopoli9601,2020-12-17T07:28:11Z,0,
2kEM0XZf4Bo,UgwMwEu0qrGIgN8RKs54AaABAg,stop steal fake news stand whats right,@CanhNguyen-zh1vx,2020-12-17T04:56:26Z,0,
2kEM0XZf4Bo,UgydMTuA-v6PUUOqSJ14AaABAg,would really like aired live tv america would problem people hungry eviction car repoed yes struggle nothing new far matter president office people hurting need solution billion treasurers locked mention income tax refunds still owed irs nobody working people cause white house eating something change vote vote stimulus stimulus vote gov going christmas vacation ashamed people stop white house pay checks one gets paid people suffer starve white house working still getting paid cant make decision help people money something change yesterday,@sylviatrevino270,2020-12-17T03:27:01Z,0,
2kEM0XZf4Bo,Ugz4p6BVciOwAAt0EVJ4AaABAg,assasination usa democracy coward donald j trump ipotus impeached potus,@bohobohorkez3524,2020-12-17T00:04:11Z,0,
2kEM0XZf4Bo,Ugy9tiEcsHR2cMs8Nhd4AaABAg,need stimulus checks,@judichristophersen7238,2020-12-16T22:39:12Z,1,
2kEM0XZf4Bo,Ugy9tiEcsHR2cMs8Nhd4AaABAg.9HLYjrXylTQ9HSe3db2cAW,dear sir madam llcrakurs hereby full legal authorization wish inform refinery vessel loaded lco en ppm high sea need serious buyer products official mou product sent immediate response request high appreciate nb official buyers buyers mandate respond best regards llcrakurs dugieva rosa mustafovna whatsapp skype id livecidbfafcd email dugievallcrakursmailru director ceo,@dugievarosamustafovna529,2020-12-19T16:49:09Z,0,Ugy9tiEcsHR2cMs8Nhd4AaABAg
2kEM0XZf4Bo,UgzVqO8ymv3QT2fjhKd4AaABAg,see said show greatest humanity crisis want give us im trying im sorry kids suffer theyre going without christmas year tree even lights lights headlights cars yeah ive ive lived bridges know like someone help us go look times leave people,@shannoncairo2427,2020-12-16T22:27:48Z,0,
2kEM0XZf4Bo,UgyRLrWxTibHMUvQF6l4AaABAg,tell us pandemic november december could maybe fixed okay support billionaires big companies human beings pay taxes somebody got stick us aoc senator porters okay senator aoc senator porter senator holloway senator sanders dont know indian ladies name cant remember shes super sweet super nice somebody dramatically make change nancy pelosi needs gone feel like biting harris get dont believe anything say nancy pelosi liar,@shannoncairo2427,2020-12-16T22:26:38Z,0,
2kEM0XZf4Bo,Ugz-7e0VbX6wpuaSPeB4AaABAg,theres children families living freeways intense mother depressed set feels guilty cant nothing restaurant closed trying get stuff together started things money gone minute,@shannoncairo2427,2020-12-16T22:25:00Z,0,
2kEM0XZf4Bo,UgyFAQuorQ1-2-iXct14AaABAg,please please dont want cry youre always willing take others channel theyre offering cant take cant asked us stay home told us take care us dont worry itll okay im going go another page,@shannoncairo2427,2020-12-16T22:24:17Z,0,
2kEM0XZf4Bo,UgyUjWzflUnDDbMFwPR4AaABAg,world enough food billionaires step,@MsAlien911,2020-12-16T22:03:23Z,2,
2kEM0XZf4Bo,UgyPY3eRffx5XzZ2A5N4AaABAg,heres live year,@irritatingindiana886,2020-12-16T20:17:09Z,0,
2kEM0XZf4Bo,Ugwj-XjS82S9X-gjkhx4AaABAg,trump doesnt care american deaths trumpcheaterliargrifterloser shame trump fired jail waiting rot,@rogernguyen558,2020-12-16T20:10:03Z,0,
2kEM0XZf4Bo,UgyCaUCQJPuLtaQmUvB4AaABAg,could live land need people look preppers surviving apocalypse trust doesnt take much fr im wealthy means lol average american ready anything always,@sabrinamichaelconn,2020-12-16T04:02:04Z,1,
0BPWtYPkDS4,UgzzF8ua2_VWu9c0Lpl4AaABAg,wear masks matters lives matter mask implement parade lot every door serves public shoes shirt mass service need implement going survive pandemic dont give crap thats socalled president says virus warming hungry please biden keep wearing mask need example need leader need protector need example please wear mask everyone businesses sorts please put window mat shoes shirt mask service lets save lives,@vickyhaynes4509,2020-06-13T13:17:40Z,0,
0BPWtYPkDS4,Ugy-SUTfC1YyTR8f_-R4AaABAg,wonder many deaths cant attend funerals protesters faulted foroh yeah none according liberals,@france1945,2020-06-12T15:24:00Z,0,
0BPWtYPkDS4,Ugy0g8uiqmbrlRPbpJB4AaABAg,brian williams still still job,@diegoalaris,2020-06-12T04:55:33Z,0,
0BPWtYPkDS4,Ugz5K8axz1qa39y_DZd4AaABAg,europe countries coutures around world saying cases decreasing except america,@day-maker3286,2020-06-12T04:51:32Z,0,
0BPWtYPkDS4,UgxcsPtv2HyLBXkUoy14AaABAg,comment section restored faith humanity lets fall order keep biden debate stage kneeling rioters day go debate trump look like dementia patient,@Josephdale69,2020-06-12T04:29:47Z,0,
0BPWtYPkDS4,Ugz-ch3J7SVMi9kCwIx4AaABAg,arent locking period supported riots arent going back normal programming,@Josephdale69,2020-06-12T04:27:05Z,0,
0BPWtYPkDS4,UgzDAUsN0hsVSzlpQd94AaABAg,hahahaha think people actually believe defund msm,@mishaalalquaddoomi159,2020-06-12T00:31:23Z,0,
0BPWtYPkDS4,Ugye6muXhyjo_j1WS1p4AaABAg,one way another going force bs monitor golly want scared mind hide beds coming true lamestream media said wake world scammed,@Eyesofthebeholder214,2020-06-12T00:11:30Z,0,
0BPWtYPkDS4,UgwuoULxfSxgxAcREk14AaABAg,fake news,@travisanderson9094,2020-06-11T23:00:24Z,0,
0BPWtYPkDS4,Ugz5TfFvrg0TTL8ouJx4AaABAg,election year bs msnbc,@bigfatjoe1992,2020-06-11T22:33:54Z,1,
0BPWtYPkDS4,UgyrIG_njbUC57nPVpJ4AaABAg,lock downs didnt work never implemented demonrats fn morons,@robsmith8933,2020-06-11T22:30:55Z,0,
0BPWtYPkDS4,Ugw07R1_Mgl6_lMnUW54AaABAg,never even front us fake news whats ridiculous,@clarkkent5632,2020-06-11T22:24:02Z,0,
0BPWtYPkDS4,UgyHFe-NQk5y3QrDivZ4AaABAg,fear mongers stop crap,@acamaro5648,2020-06-11T22:19:30Z,0,
0BPWtYPkDS4,UgxSbNAgcL4bQjzG7FJ4AaABAg,course stupid ridiculous dangerous reopened things know country cant stay closed fs sakenot places reopened shoulda reopened thats exactly work go home occasional grocery store absolutely,@dreaclark2262,2020-06-11T22:18:20Z,0,
0BPWtYPkDS4,UgybxTMsEKoYWNUzB454AaABAg,basically yall still dont know anything new helpful thanks update ya bunch asshats,@MrAdam-fo6uc,2020-06-11T22:14:38Z,1,
0BPWtYPkDS4,UgyxA7aNoc09LFxON254AaABAg,correct news ridiculous reckless game let flu run society get withim done government overreach,@thatsnice1246,2020-06-11T22:11:37Z,3,
orWhiVs8Kjg,UgzRSZzqcx4XhfXXF0p4AaABAg,dont think herd immunity whether naturally letting damned thing run rampant artificially vaccinations best way deal pandemic viruses starving hosts best way rid pandemics,@constituenta5293,2021-02-02T09:05:42Z,0,
orWhiVs8Kjg,UgyJr7EIvqedyJEwQOJ4AaABAg,stay home watch idiocracy want wear mask social distance wash hands get vaccine problem go hospital catch let everyone want end result everyone catch herd immunity followed rules fewer problems deserve medical care need,@specialpeople9200,2021-02-02T00:45:27Z,0,
orWhiVs8Kjg,UgyXrc4yOQpmNglSQ-F4AaABAg,never answered first daves question,@modricten,2021-02-02T00:38:21Z,1,
orWhiVs8Kjg,Ugy3ypQEotgoUUc8_kB4AaABAg,dear reader holding hands book legends phoenix avtrehlebovthen moment magnificent journey awaits filled fascinating knowledge hidden history world fascinating societal processes ever occur already read dozen books subject still asking questions purpose die book become treasure within library still searching answers age old questions origins life earth origins evolution modern civilization origins different races true history people earth spiritual growth humans universal laws universe book come right time years scientific study nonfiction tractate written simple yet fascinating manner suitable readers phoenix title book ancient russian symbol symbolizing rebirth russia slavic people folk tales written birds rise ashes reborn magical flame appear purer form since history always written benefit current rulers disregarding previous facts knowledge use experience heritage ancestors laid legends phoenix legends phoenix devoted revival ancient million year old culture heritage slavic people information book deep roots slavic vedas dating back hundreds thousands years knowledge yet fully discovered modern civilization consisting two parts first part origin slavicaryans discusses root origins slavic people ancient texts archaeological monuments eon old slavic ancestry beliefs morals commandments answers mysterious wise tales slavs second part called path light discusses connection meaning slavic hindu vedas stages ancient slavic spiritual belief rodoveriye meaning spiritual development paths goals ancient societies wisdom behind stage life get ready create virtuous offspring nature divine demonic entities purpose importance understanding inner self past lives structure energy bodies origins vedas means nondualistic view universe secrets golden path,@VERA_SLAVAN_I_ARIEV,2021-02-01T23:37:24Z,0,
orWhiVs8Kjg,UgwLOk5fjWW1QiGtRxF4AaABAg,whether realize almost certainly coronavirus coronaviruses circulating decades centuries theyre often mild common cold coronavirus world isnt going eliminate coronaviruses particular one known sarscov anytime soon,@elsantobandito1270,2021-02-01T18:16:34Z,0,
orWhiVs8Kjg,UgyBs9rz3zl5cNby6gR4AaABAg,question maga cult wear mask theyre dumb following advice guy told inject bleach dumb cant figure masks work first place,@rgwak,2021-02-01T17:40:56Z,1,
orWhiVs8Kjg,UgwGnh2SW6wVGqag-WV4AaABAg,jenny needs intervention books lol,@tyler6003,2021-02-01T17:39:02Z,0,
orWhiVs8Kjg,UgxLYUhUoFaw0pqDZ6J4AaABAg,flu deaths thanks covid,@jaygibson5057,2021-02-01T16:53:50Z,0,
orWhiVs8Kjg,Ugyt4XraTY03agVr2Z94AaABAg,billionaires behind cruelty forcing media politicians scare public new cruel world plan hour daily cvd manipulated news statistics comical people still believe socalled illness people wake stop believing viruss hysteria trying destroy normal life forcing us live like prisonershttpsyoutube_qzbwvnbeu never world history entire world behaved like unison type disease situations viruses existed forever never world walked around daily weekly monthly wearing dehumanizing masks us sane critical thinkers know truth surrounded controlled insane believing manipulated statistics reports restrictions billionaire men want control live protecting anyone virishttpswwwbitchutecomvideoceegaakqfsn,@adsotbraz,2021-02-01T16:46:11Z,1,
orWhiVs8Kjg,UgxvyRcHVcJrYRFD43Z4AaABAg,httpsnoqreportcomflipflopfaucireversesagainondoublemaskwearing theres one thing thats certain coronavirus dr anthony fauci reserves right change whatever hes said past fit whatever narrative needs push forward present reversals become common almost impossible keep current agenda given moment,@briannave7326,2021-02-01T16:07:04Z,0,
orWhiVs8Kjg,UgyYVoTKAZkq--di3xl4AaABAg,mission universal health program everybody served equal,@jean-claudearsenault224,2021-02-01T16:02:19Z,0,
orWhiVs8Kjg,UgyYVoTKAZkq--di3xl4AaABAg.9JDrg9cTXry9JEHZmYTJio,many people find hard believe us performs poorly measures health compared highincome countries truth study study supports two conclusions us spends health care worse health outcomes comparable countries around globe holds true across age income groups within us unacceptable disparities health race ethnic group county county state state,@jean-claudearsenault224,2021-02-01T19:57:14Z,0,UgyYVoTKAZkq--di3xl4AaABAg
orWhiVs8Kjg,UgyYVoTKAZkq--di3xl4AaABAg.9JDrg9cTXry9JELel5ED5B,caelia silence mean like macdonalds gazillions sold horrible quality,@jean-claudearsenault224,2021-02-01T20:33:00Z,0,UgyYVoTKAZkq--di3xl4AaABAg
orWhiVs8Kjg,UgyYVoTKAZkq--di3xl4AaABAg.9JDrg9cTXry9JEPS-NW1RL,caelia silence oh yes operate universal system called twotier canada medicare canadians privately buy lot medical service provinces canada abroad course usa buy think homeless canada health care im impressed buy hollywood health im impressed every body covered im well well empathy heals,@jean-claudearsenault224,2021-02-01T21:06:05Z,0,UgyYVoTKAZkq--di3xl4AaABAg
orWhiVs8Kjg,UgyYVoTKAZkq--di3xl4AaABAg.9JDrg9cTXry9JEQIljKQZG,caelia silence yesare sure republican propaganda problem removed keep tha whole population covered,@jean-claudearsenault224,2021-02-01T21:13:34Z,0,UgyYVoTKAZkq--di3xl4AaABAg
orWhiVs8Kjg,UgyYVoTKAZkq--di3xl4AaABAg.9JDrg9cTXry9JERN_5VJWa,caelia silence patients crossed border million population thats bad also realise patients funded medicare,@jean-claudearsenault224,2021-02-01T21:22:57Z,0,UgyYVoTKAZkq--di3xl4AaABAg
orWhiVs8Kjg,UgyYVoTKAZkq--di3xl4AaABAg.9JDrg9cTXry9JES4Fo8CsT,caelia silence sister rated number one urologist canada worked chicago also london people dont see borders,@jean-claudearsenault224,2021-02-01T21:29:03Z,0,UgyYVoTKAZkq--di3xl4AaABAg
orWhiVs8Kjg,UgyYVoTKAZkq--di3xl4AaABAg.9JDrg9cTXry9JEXWmzx86Y,caelia silence choice make homeless question million people usa health insurance basic well monetized,@jean-claudearsenault224,2021-02-01T22:16:38Z,0,UgyYVoTKAZkq--di3xl4AaABAg
orWhiVs8Kjg,UgyYVoTKAZkq--di3xl4AaABAg.9JDrg9cTXry9JG9xUoVsMn,caelia silence illegal aliens someone lives works another country legal right many millions work yes work master like antiimmigrant groups maintain flow undocumented immigrants increased estimates show longer period number declined oftenoverlooked fact many illegal immigrants pay payroll taxes sales taxes come rich americans like save labour wrong,@jean-claudearsenault224,2021-02-02T13:29:11Z,0,UgyYVoTKAZkq--di3xl4AaABAg
orWhiVs8Kjg,UgyYVoTKAZkq--di3xl4AaABAg.9JDrg9cTXry9JGIN25FPFm,caelia silence usa alienates read explains everything,@jean-claudearsenault224,2021-02-02T14:42:43Z,0,UgyYVoTKAZkq--di3xl4AaABAg
orWhiVs8Kjg,UgwP8W3FvsgGbFRNbMF4AaABAg.9JDqqfodshA9JDsjS097RK,listen youre ill mother milkman neighbour local priest guru dog,@ericvanhaeren9449,2021-02-01T16:11:30Z,2,UgwP8W3FvsgGbFRNbMF4AaABAg
orWhiVs8Kjg,UgwP8W3FvsgGbFRNbMF4AaABAg.9JDqqfodshA9JDteUZt3Y1,ericvanhaeren anyone chance ever rescue drowning bowl soup suppose one poop eaters believes academics make intelligent rely decades experience science listen brainwashed hillbilly,@elijahmiller912,2021-02-01T16:19:34Z,0,UgwP8W3FvsgGbFRNbMF4AaABAg
orWhiVs8Kjg,UgwP8W3FvsgGbFRNbMF4AaABAg.9JDqqfodshA9JDvN-yB8tR,elijahmiller saying reached legal age drinking alcohol,@ericvanhaeren9449,2021-02-01T16:34:31Z,1,UgwP8W3FvsgGbFRNbMF4AaABAg
orWhiVs8Kjg,UgwP8W3FvsgGbFRNbMF4AaABAg.9JDqqfodshA9JDxXqa_iUK,graduated middle school educated enough understand infuriating example never listen anyone form healthcare ventilator nothing inflate lungs someone cannot nothing peripheral gas exchange covid patients struggle infection damaging alveoli icu mds know see patients breathing talking levels keep getting lower instead putting blood oxygenator like taught instead put coma hook ventilator already hospitals murdering thousands people day massive profits uneducated understand extremely remedial treatments,@elijahmiller912,2021-02-01T16:53:28Z,0,UgwP8W3FvsgGbFRNbMF4AaABAg
orWhiVs8Kjg,UgwP8W3FvsgGbFRNbMF4AaABAg.9JDqqfodshA9JDxoQb6dIF,billionaires behind cruelty forcing media politicians scare public new cruel world plan hour daily cvd manipulated news statistics comical angering people still believe socalled illness people wake stop believing viruss hysteria trying destroy normal life forcing us live like prisonershttpsyoutube_qzbwvnbeu never world history entire world behaved like unison type disease situations viruses existed forever never world walked around daily weekly monthly wearing dehumanizing masks us sane critical thinkers know truth surrounded controlled insane censored cvd cult dictatorship believing manipulated statistics reports restrictions billionaire men want control live protecting anyone virishttpswwwbitchutecomvideobmyqfyvulw,@adsotbraz,2021-02-01T16:55:52Z,1,UgwP8W3FvsgGbFRNbMF4AaABAg
orWhiVs8Kjg,UgwP8W3FvsgGbFRNbMF4AaABAg.9JDqqfodshA9JE4LYd8Aof,elijahmiller trying describe extracorporeal membrane oxygenation ecmo works blood pumped away body via cannula inserted major vein passed membrane tube surrounded flowing oxygen gas become oxygenated returned body cannula either major artery va ecmo vein vv ecmo ecmo shows little usefulness ards around adults ards due covid undergoing ecmo surviving observed many seriously ill covid patients present coagulation abnormalities worsened contact circulating blood cells cannula support ecmo covid patients however large metastudy published schmidt et al examined outcome patients treated number intensive care units found generally positive results estimated probability death around days ecmo initiation comparable success rate ecmo noncovid related severe ards ecmo ever considered cases patient high probability death anyway often indicated result line patients suffering ards causes promising,@ericvanhaeren9449,2021-02-01T18:01:42Z,0,UgwP8W3FvsgGbFRNbMF4AaABAg
orWhiVs8Kjg,UgwP8W3FvsgGbFRNbMF4AaABAg.9JDqqfodshA9JEWNq0OFAA,another huge lie mds scientists positive pcr test proof genetic material virus mean virus viable even like finding dna someones house positive antigen test proof protein virus prove virus viable mucus nasal cavity help filter air breathe captures genetic material proteins viruses even someone find virus possible without electron microscope still proof infection also thing asymptomatic infection symptoms body fighting infection symptoms infected immune system broken going die quickly,@elijahmiller912,2021-02-01T22:06:41Z,0,UgwP8W3FvsgGbFRNbMF4AaABAg
orWhiVs8Kjg,UgwP8W3FvsgGbFRNbMF4AaABAg.9JDqqfodshA9JErXNc3Zd4,pcr indeed invented man called kary b mullis died august author actually quotes dr mullis saying quantitative pcr oxymoron within context testing viral load amount virus present people hiv limitations detecting specific levels virus sample using pcr testing kary mullis stated test cannot used diagnose infectious diseases adamantly opposed test used covid right point death,@adsotbraz,2021-02-02T01:20:13Z,0,UgwP8W3FvsgGbFRNbMF4AaABAg
orWhiVs8Kjg,Ugz8hvhv5Bu-4Bz9HE14AaABAg,vaccines year old mother cant get one,@sueyee6199,2021-02-01T15:42:54Z,4,
orWhiVs8Kjg,Ugz8hvhv5Bu-4Bz9HE14AaABAg.9JDpSsZXcP59JDwx4WJynj,vaccine billionaires behind cruelty forcing media politicians scare public new cruel world plan hour daily cvd manipulated news statistics comical people still believe socalled illness people wake stop believing viruss hysteria trying destroy normal life forcing us live like prisonershttpsyoutube_qzbwvnbeu never world history entire world behaved like unison type disease situations viruses existed forever never world walked around daily weekly monthly wearing dehumanizing masks people sane critical thinkers know truth surrounded controlled insane believing manipulated statistics reports restrictions billionaire men want control live protecting anyone virishttpswwwbitchutecomvideoceegaakqfsn,@adsotbraz,2021-02-01T16:48:19Z,0,Ugz8hvhv5Bu-4Bz9HE14AaABAg
orWhiVs8Kjg,Ugx5MRy-lIYN2FUsqf54AaABAg.9JDpOfZnzxo9JDpc5sQACG,fake news,@richardthomas1743,2021-02-01T15:44:17Z,2,Ugx5MRy-lIYN2FUsqf54AaABAg
orWhiVs8Kjg,Ugx5MRy-lIYN2FUsqf54AaABAg.9JDpOfZnzxo9JDpsGhj36R,richardthomas real know go feelings,@bewniesandals9439,2021-02-01T15:46:30Z,0,Ugx5MRy-lIYN2FUsqf54AaABAg
orWhiVs8Kjg,Ugx5MRy-lIYN2FUsqf54AaABAg.9JDpOfZnzxo9JDqsiZEpCK,bewniesandals go something people something totally foreign called facts something like deal good day,@richardthomas1743,2021-02-01T15:55:18Z,0,Ugx5MRy-lIYN2FUsqf54AaABAg
orWhiVs8Kjg,Ugx5MRy-lIYN2FUsqf54AaABAg.9JDpOfZnzxo9JDwcKmcevC,richardthomas fact trump vaccinating people per day dementia joe see cant tell difference facts feelings dont feel trump vaccinated people mistake fact,@bewniesandals9439,2021-02-01T16:45:29Z,0,Ugx5MRy-lIYN2FUsqf54AaABAg
orWhiVs8Kjg,Ugx5MRy-lIYN2FUsqf54AaABAg.9JDpOfZnzxo9JE3Ojj926N,bewniesandals sorry alternative facts dont make kellyanne,@richardthomas1743,2021-02-01T17:53:24Z,0,Ugx5MRy-lIYN2FUsqf54AaABAg
orWhiVs8Kjg,UgweZ-Ts8Ruf0y95Ca14AaABAg,get control competent leadership could saved hundreds thousands lives,@joeymartin7462,2021-02-01T15:42:05Z,12,
orWhiVs8Kjg,UgwcHW_VM3YrG0QqsPZ4AaABAg,would anybody surprised virus went away ever get fake vaccine distributed mean makes people think theyre going get population ever take vaccine work hospital everyone seen taken arm swells turns red leave hospital miserable pain actually nurses refusing even take vaccine yeah think virus go away vaccine ever becomes issue know ill never take,@billypardew2337,2021-02-01T15:41:02Z,0,
orWhiVs8Kjg,Ugx7pkRiNShXwvXrETB4AaABAg,wonder nursesdoctors dont wear gloves immunize people,@pn3940,2021-02-01T15:40:33Z,2,
orWhiVs8Kjg,Ugx7pkRiNShXwvXrETB4AaABAg.9JDpBk23T0p9JDxKHkXEyl,know cvd,@adsotbraz,2021-02-01T16:51:37Z,0,Ugx7pkRiNShXwvXrETB4AaABAg
orWhiVs8Kjg,Ugw0GKJOFWfmXnJVyAx4AaABAg,trump going held legally accountable willful gross negligence casualties pandemic firing pandemic response team,@michaelkgrantj,2021-02-01T15:40:26Z,9,
orWhiVs8Kjg,Ugw0GKJOFWfmXnJVyAx4AaABAg.9JDpAsniIiB9JDqzC3MRhy,mark evans many crimes list hold breath instead,@michaelkgrantj,2021-02-01T15:56:11Z,2,Ugw0GKJOFWfmXnJVyAx4AaABAg
orWhiVs8Kjg,Ugw0GKJOFWfmXnJVyAx4AaABAg.9JDpAsniIiB9JDzNH6eQGg,right gov cuomo goes prison putting china virus infected people senior homes,@Dick_Interritus,2021-02-01T17:09:30Z,0,Ugw0GKJOFWfmXnJVyAx4AaABAg
orWhiVs8Kjg,Ugw0GKJOFWfmXnJVyAx4AaABAg.9JDpAsniIiB9JEBu5BUxt0,mark evans msnbc say trump going prison sdny ever another story ask democratic terrorist leaders getting locked america hate lose wars jan th attack instructions came trump traitors also said trump office another years,@michaelkgrantj,2021-02-01T19:07:43Z,0,Ugw0GKJOFWfmXnJVyAx4AaABAg
7ajACc7ul4k,Ugz4xSjxP85bGSOuZMt4AaABAg,happy able get rid herpes virus cause much pains discomfort using dr gbenga herbal mixture years sign shingles disease,@charlottelandon4948,2021-06-25T04:48:52Z,0,
7ajACc7ul4k,Ugwwbr9U_Ktf6tWr-I94AaABAg,doctor said herpes virus medical cure virus capable hiding within human cells remains protected immune system herpes isnt special virus immune system tools fight back able lay dormant protected cells immune system unable remove body strong reactive herbal medication capable getting rid virus gradually totally body without damaging cells natural herbs kills virus totally reducing break get natural herbs cure dr akhigbe reach whatsapp,@cathdavis1769,2021-04-24T23:43:06Z,0,
7ajACc7ul4k,UgwuKZsEmNfY0lBvbXN4AaABAg,tedros given peace prize china,@nil472,2020-04-15T06:37:38Z,0,
7ajACc7ul4k,Ugxjfv8c3b7_Qi-B_Ql4AaABAg,coronavirus real trying catch months nothing works real,@Chilling4Shillings,2020-04-10T07:21:29Z,0,
7ajACc7ul4k,Ugxca-NHnwJh8w2NZ9d4AaABAg,whole humanity take responsibility stop ignoring mother natures warnings shes shouting really loud always consequences,@SG-jg3be,2020-04-01T10:18:31Z,0,
7ajACc7ul4k,UgyFLNCkltZtiqU1uUh4AaABAg,aint nobody germany dying like another countries much fear mongering far dead flu kills millions annually plot fear mongering make national global policy humans storm coming people,@suprimacy1,2020-03-21T05:26:36Z,0,
7ajACc7ul4k,UgyFLNCkltZtiqU1uUh4AaABAg.96STwgFemim96Z3R-k_bJZ,germany done extensive testing led early success isolation policies older people hotspot areas resulted infections younger people however infected population increased days country probably weeks behind italy converting hotels hospitals keep noncovid patients away hospitals germany icu beds per countries equivalent cdc still predicting epidemic death toll like seen living memory germany got lucky early disease attacking young people first many caught virus skiing holidays italy,@peterd788,2020-03-23T18:49:38Z,0,UgyFLNCkltZtiqU1uUh4AaABAg
7ajACc7ul4k,Ugw60Pdj2dJvg14mG6F4AaABAg,hang trump said fake news liar,@BD4-ManchesterIsRed,2020-03-20T13:30:37Z,0,
7ajACc7ul4k,UgytyVhgzPZxgmmqN8Z4AaABAg,millions dead keeps spreading people dont care gotta protect people wont listen,@b1praetorian738,2020-03-20T09:15:19Z,0,
7ajACc7ul4k,Ugwv84MVeKaUx0vURcB4AaABAg,im happy never believe happy life working airhoster cabby crew years early year loose job deadly disease called herpes virus hsv never felt sick symptom till workers ask bring doctors report got tested found hsv positive make loose job consider std incurable disease depress thinking committing suicide till explain friend mine always said problem share problem solved directed dr john contacted get medication doctor got cured real went back work also carry test real sure negative please contact doctor herpes positive std diseases email drjohnwillsongmailcom telegram,@laurenadamson7260,2020-03-18T18:31:07Z,0,
7ajACc7ul4k,UgxvxSC3V1nO3ypGBhl4AaABAg,hope everyone reads get coronavirus,@elphiasgilliwater9928,2020-03-18T01:17:34Z,0,
7ajACc7ul4k,Ugx5m3wvsk8Zo3qbwIN4AaABAg,virus police everyone wash hands committing,@livingproof8383,2020-03-17T22:56:38Z,1,
7ajACc7ul4k,UgwV1G4EIX-UNWPyF654AaABAg,stop offering flu shots flu regenerate newer stronger virus rocket science folks,@randygerber8184,2020-03-16T19:32:48Z,0,
7ajACc7ul4k,UgwV1G4EIX-UNWPyF654AaABAg.96H6ny0tuxl96QlndBy2R-,wrong unreal,@BD4-ManchesterIsRed,2020-03-20T13:32:55Z,0,UgwV1G4EIX-UNWPyF654AaABAg
7ajACc7ul4k,Ugw7VEN0a3JKk-1FEUh4AaABAg,trump leadership cure corona invented,@MrRightThinker,2020-03-16T12:37:35Z,0,
7ajACc7ul4k,Ugw7VEN0a3JKk-1FEUh4AaABAg.96GNHt6CdTu96Qls6ZwcXF,said fake news chance reelection lol,@BD4-ManchesterIsRed,2020-03-20T13:33:31Z,0,Ugw7VEN0a3JKk-1FEUh4AaABAg
7ajACc7ul4k,Ugza-SdMCJ2HtpA2bWx4AaABAg,latest deaths count due corona httpwwwyoutubecomwatchvgybxq_kkriactionshare,@Super_momos,2020-03-14T23:05:17Z,0,
7ajACc7ul4k,UgwHUR8UveLCxrCm4G94AaABAg,feel bad people cannot afford medical bills theres candidate wants change call someone lying dog faced pony soldier,@marty8442,2020-03-14T19:22:57Z,0,
UX8fSnWIgvc,UgxPerO01IRwQ5aRROZ4AaABAg,completely agreed test spread control poor positives back work rich negatives stay home china stopped virus point blank never needed testing,@michael511128,2020-05-09T13:27:01Z,0,
UX8fSnWIgvc,UgxFEy1c6FHANbUCPTp4AaABAg,joker woman eliminate virus really already far gone think trump going herd immunity doesnt want completely cripple economy doesnt want say herd immunity strategy people would attack,@faustianhogg6154,2020-05-09T08:46:02Z,0,
UX8fSnWIgvc,UgynVP0jG_37NwvWzkJ4AaABAg,lady intelligentnot rationaland one take anything says seriously,@WoRldLoveNow,2020-05-08T15:31:15Z,0,
UX8fSnWIgvc,UgynVP0jG_37NwvWzkJ4AaABAg.98P9IG7-zur98PM37Hg_zr,yes disregard fellow harvards school public health member council foreign relations pulitzer prize winning journalist say lets listen stable genius wh,@sofisa11,2020-05-08T17:22:47Z,0,UgynVP0jG_37NwvWzkJ4AaABAg
UX8fSnWIgvc,UgyxotKzxQxl8PcwV4F4AaABAg,reasonable solution got bump democrats everyone really screwed,@Discerning007,2020-05-08T00:15:51Z,0,
UX8fSnWIgvc,UgyQvr9Aubi2zdX0kTZ4AaABAg,lying wake people ridiculous killed triple number people covid dr fauci bill gates george soros chinese government thank need remember happened mussolini,@kleigh6784,2020-05-06T19:14:32Z,0,
UX8fSnWIgvc,UgyQvr9Aubi2zdX0kTZ4AaABAg.98KPFrBM2wC98Kz00Besgg,go ride soros sick imbeciles right blaming everything never holding ahole elected still support accountable anything dozens missteps lies american people unspeakable deplorables,@tomvalveede6808,2020-05-07T00:35:41Z,1,UgyQvr9Aubi2zdX0kTZ4AaABAg
UX8fSnWIgvc,UgyQvr9Aubi2zdX0kTZ4AaABAg.98KPFrBM2wC98LDb5pEtU3,tom please get help tom,@lovewillspill4460,2020-05-07T02:51:57Z,0,UgyQvr9Aubi2zdX0kTZ4AaABAg
UX8fSnWIgvc,UgyQvr9Aubi2zdX0kTZ4AaABAg.98KPFrBM2wC98MTAlniYbV,lovewillspill please stick,@tomvalveede6808,2020-05-07T14:27:16Z,0,UgyQvr9Aubi2zdX0kTZ4AaABAg
UX8fSnWIgvc,Ugy0sdbjDEDAlB-UqfJ4AaABAg,translates fundamental lack leadership resulting colossal wreckage,@GaiaMoto,2020-05-06T18:51:52Z,2,
UX8fSnWIgvc,UgxTB8sPOa6mepUbAdZ4AaABAg,horror httpswwwyoutubecomwatchvkmoceigbgts itgets deleted,@katharina6865,2020-05-06T18:03:59Z,0,
UX8fSnWIgvc,UgxlkBzwkwatr3SdyqB4AaABAg,america stop criminal murdering president hes human rights violator european im scared stay strong good luck,@hvankooten6527,2020-05-06T12:24:08Z,3,
UX8fSnWIgvc,UgynSSuCvuV8wn27SkR4AaABAg,strategy trump know way making bad business,@jensrasmussen6814,2020-05-06T12:02:27Z,2,
UX8fSnWIgvc,UgzeqerHTzBKC7GS7-54AaABAg,trump strategy huh whats product goal covid deaths worldwide,@punkybrewster7667,2020-05-06T10:27:03Z,2,
UX8fSnWIgvc,Ugx4Tmt1wIv7bRLPwOJ4AaABAg,ladys using nextel flip phone camera,@c-mo313,2020-05-06T09:53:53Z,2,
UX8fSnWIgvc,UgyrOeGOaX0Mx9dKJwx4AaABAg,trump day trader bankrupts company dumps finds new sugar daddy current company american people instead going bankrupt dying,@mvvpro8688,2020-05-06T07:19:08Z,5,
UX8fSnWIgvc,UgwmcvQZMeTbdxnbvxl4AaABAg.98J1RODawdj98JDXak00Zi,bernie diveley go local hospital volunteer help wear mask fineits hoax fake,@markcampbell8158,2020-05-06T08:12:51Z,2,UgwmcvQZMeTbdxnbvxl4AaABAg
UX8fSnWIgvc,UgwNXKF4g4TUKgNlxsx4AaABAg,hey wait thought fauci birx experts oh thats right couldnt get facts right either msnbc strategy keep death rate high keep panicking thats find new expert,@ibenpishtoff,2020-05-06T06:24:16Z,0,
UX8fSnWIgvc,UgwNXKF4g4TUKgNlxsx4AaABAg.98J16DkNA_e98JCheLKDoG,iben pishtoff hoax gets democratic voters trump voters safe long red hat border wall mexico save us trump rally virus gone amen,@markcampbell8158,2020-05-06T08:05:37Z,0,UgwNXKF4g4TUKgNlxsx4AaABAg
UX8fSnWIgvc,UgwqxkBOKCSOLSRg17d4AaABAg,nobody talking shes literally jokerfied national tv thats expected point,@JennyTomg,2020-05-06T06:14:06Z,1,
UX8fSnWIgvc,UgwqxkBOKCSOLSRg17d4AaABAg.98J-wlviLfb98J2VqfOUrB,looked picture normal looking lady clearly fault msnbcs production team messing hugely everyone commenting everything msnbc invited joker talk coronavirus response definitely spambot cannot convince otherwise,@JennyTomg,2020-05-06T06:36:30Z,0,UgwqxkBOKCSOLSRg17d4AaABAg
UX8fSnWIgvc,Ugye8-Ym39oSMs8LniR4AaABAg,breaking news finally seeing good news httpsyoutubeg_qmpra guys stay safe stay strong,@jonkristopherallena.thehip6390,2020-05-06T06:13:34Z,0,
FFPBePaQKow,UgyxIUlT_zVVE5oRYhN4AaABAg,try scanning people norton avast,@mufferrs,2020-08-11T23:46:14Z,0,
FFPBePaQKow,UgzpJyYZYgofgTGYiUd4AaABAg,httpswwwstraitstimescomasiaeastasiacoronavirusmayreactivateincuredpatientskoreanhealthauthoritysaysxtorcsutm_sourcestiphoneutm_mediumshareutm_termaa,@sinweiy,2020-04-11T01:28:05Z,0,
FFPBePaQKow,UgySAlJ0ncXCwkKk9pR4AaABAg,airborne,@wandawashington1822,2020-04-08T22:00:22Z,0,
FFPBePaQKow,UgwZWaYjATRbV_PNUL14AaABAg,slow man,@stephd479,2020-04-08T20:00:39Z,0,
FFPBePaQKow,UgypS6_fs20dZ_2Pgzp4AaABAg,cannot get course get side tracked focus remember every mistake lie trump led us point causes different chaotic situation daily make people focus least important things easily distracted chaos trump pro knows well else made far actually winning manipulation smh,@bub353,2020-04-08T18:03:25Z,0,
FFPBePaQKow,UgypS6_fs20dZ_2Pgzp4AaABAg.97CArSCfYtq97CtJHTlzMK,funny going since november china democrats rather impeach instead something right fuc facisstcrats,@deathjoker666,2020-04-09T00:40:34Z,0,UgypS6_fs20dZ_2Pgzp4AaABAg
FFPBePaQKow,Ugx7-hWT7-kT2HbA9N14AaABAg,drug strong anti inflammatory medication also acts auto immune drug decrease bodies ability fight virus,@laffing1950,2020-04-08T12:26:18Z,1,
FFPBePaQKow,UgxVCUTJxn48wWr5xQN4AaABAg,dont time signed right try act legal try hopeful treatment,@jasoncouch9825,2020-04-08T11:55:14Z,0,
FFPBePaQKow,Ugwx2hl-qquiCUO3pxN4AaABAg,course big pharma agents wants control manipulate monopolize cure course want pocket big bonuses,@givemespan1,2020-04-08T11:54:01Z,3,
FFPBePaQKow,UgyAX3sjXMZdQiQ2Cox4AaABAg,never worry obwmacare covered didnt one danm thing prevent line pockets plantation healthcare owners large democratic donors,@fredbogdon505,2020-04-08T11:40:14Z,0,
FFPBePaQKow,Ugx_ekulyj1OG4AYFPB4AaABAg,misleading news poison,@DILLIGAF10,2020-04-08T11:22:06Z,5,
FFPBePaQKow,Ugw1_65x78YuUNk5MlF4AaABAg,sick person keeps people dying wrong,@trumpnews8793,2020-04-08T06:44:37Z,3,
FFPBePaQKow,Ugw1_65x78YuUNk5MlF4AaABAg.97AyAmLrOLN97AzKm-90rM,know right feeling mutual,@patrickjohnson5072,2020-04-08T06:54:43Z,2,Ugw1_65x78YuUNk5MlF4AaABAg
FFPBePaQKow,Ugw1_65x78YuUNk5MlF4AaABAg.97AyAmLrOLN97B73SbZuUh,fahim ahmad sick person sixty years,@trumpnews8793,2020-04-08T08:11:00Z,2,Ugw1_65x78YuUNk5MlF4AaABAg
FFPBePaQKow,Ugw1_65x78YuUNk5MlF4AaABAg.97AyAmLrOLN97BV2y8UusD,gavincaesar reallythen stats showing cani guess first come first serve basislike tp eggs milk meat flour yeast beans rice water least forgetit sanitizing agents gloves baby formula diapers wipes food cleaners disinfectant gloves mask gogglesneed go hey needs much rest stick neck yall fight water get early get first would happy continue alasit redundant blessed day happy pray good dayand god bless,@kellycummings9159,2020-04-08T11:40:38Z,0,Ugw1_65x78YuUNk5MlF4AaABAg
FFPBePaQKow,Ugw1_65x78YuUNk5MlF4AaABAg.97AyAmLrOLN97BY82nbjqk,gavincaesar people dying organ failure gates china playing god worked nursing fieldbelieve methere worse things arthritis lupus horriblebut chemo dialysis radiation ms autism systi fibrous etc ironic people didnt problems forgot good planet,@kellycummings9159,2020-04-08T12:07:33Z,1,Ugw1_65x78YuUNk5MlF4AaABAg
FFPBePaQKow,Ugw1_65x78YuUNk5MlF4AaABAg.97AyAmLrOLN97Bvmz2lB21,fahim ahmad call stupid idea going comment people brain would,@patrickjohnson5072,2020-04-08T15:42:59Z,0,Ugw1_65x78YuUNk5MlF4AaABAg
FFPBePaQKow,Ugw1_65x78YuUNk5MlF4AaABAg.97AyAmLrOLN97DIRTDT7js,kellycummings times hard right scary state fact mother inlaw several friends cant get meds need direct result saying,@gavincaesar3999,2020-04-09T04:28:52Z,0,Ugw1_65x78YuUNk5MlF4AaABAg
FFPBePaQKow,Ugw1_65x78YuUNk5MlF4AaABAg.97AyAmLrOLN97DR1Qv7bIC,fahim ahmad get test anywherego clinic ask get test need one meet criteria,@kellycummings9159,2020-04-09T05:43:58Z,0,Ugw1_65x78YuUNk5MlF4AaABAg
FFPBePaQKow,Ugw1_65x78YuUNk5MlF4AaABAg.97AyAmLrOLN97DRqP9ZEaC,gavincaesar mad big pharmathey ones want milk cow pointing cheaper solution problem harder get big pharma gates foundation,@kellycummings9159,2020-04-09T05:51:03Z,0,Ugw1_65x78YuUNk5MlF4AaABAg
FFPBePaQKow,Ugw1_65x78YuUNk5MlF4AaABAg.97AyAmLrOLN97DgniYAIlK,fahim ahmad know recovering anyone arent free,@kellycummings9159,2020-04-09T08:10:30Z,0,Ugw1_65x78YuUNk5MlF4AaABAg
FFPBePaQKow,Ugw1IVPBA09k3uUWMj54AaABAg,covid like trump absolutely love uneducated people uneducated people like trump followers dont believe science facts people air beneath wings give life,@DavidJ222,2020-04-08T06:09:46Z,9,
FFPBePaQKow,Ugw1IVPBA09k3uUWMj54AaABAg.97AuB_awged97AvkPqR2AB,covid becoming air lungs,@mrcookie3385,2020-04-08T06:23:24Z,4,Ugw1IVPBA09k3uUWMj54AaABAg
FFPBePaQKow,Ugw1IVPBA09k3uUWMj54AaABAg.97AuB_awged97Be7g7xiOk,david j ironic since major regions cv hitting hardest historically liberal populations nyc nola detroit la jersey etc,@m2burles1,2020-04-08T13:08:40Z,2,Ugw1IVPBA09k3uUWMj54AaABAg
FFPBePaQKow,Ugw1IVPBA09k3uUWMj54AaABAg.97AuB_awged97HINVKLX80,think people support trump dont think covid real know real support trump speak fool,@Noname-uk9mu,2020-04-10T17:45:18Z,1,Ugw1IVPBA09k3uUWMj54AaABAg
FFPBePaQKow,UgwcKUAKZczIMRj2KmB4AaABAg,trump attacked panel federal watchdogs overseeing implementation trillion coronavirus law panel inspectors general named glenn fine acting pentagon inspector general lead group charged monitoring coronavirus relief effort trump fired fine post another nefarious act trump ongoing war inspector generals friday trump fired michael atkinson whose handling whistleblower report ultimately led trumps impeachment trump also begun attacking health human services inspector general christi grimm following report office described widespread testing delays supply issues nations hospitals inspectors generals serve independent watchdogs responsible investigating wrongdoing within government makes existential threat criminal conman like trump trump going anyone anything poses threat swamp,@DavidJ222,2020-04-08T06:07:04Z,9,
FFPBePaQKow,Ugw8Y9V7u76-BeA7qEl4AaABAg,crucial president forgot read memo january warning would happen crucial firing pandemic response team crucial,@rgwak,2020-04-08T06:03:17Z,4,
_fTHWbm9Kb8,Ugze747l21pWyXiaMUl4AaABAg,isis killing thousands americans per day us would turned middle east sheet glass long time ago,@brianhalligan9268,2020-08-09T22:56:58Z,0,
_fTHWbm9Kb8,Ugw_9No_6d381_YXtA94AaABAg,test fewer people theyre dead guess find fewer deaths said people slow testing downand show vote rig election,@V8SupersQirreL,2020-08-03T03:41:24Z,0,
_fTHWbm9Kb8,UgzaVoi7xHdCAFuOw914AaABAg,risk today slogan tshirt flu seasoning cold season,@nickyc829,2020-08-02T10:03:46Z,0,
_fTHWbm9Kb8,Ugxn9gg_NyOpHovrD954AaABAg,madman bus white house,@ideaquest,2020-08-01T17:56:28Z,0,
_fTHWbm9Kb8,Ugz7Yx_IL2yIyKE4Z9J4AaABAg,stupid example first apples water melons hostages zero choice nd sheeple shouldnt waiting president tell rd biology politics,@SoapinTrucker,2020-07-30T02:33:43Z,0,
_fTHWbm9Kb8,UgyTye_C0SeXoKs3riN4AaABAg,breaking news httpswwwbitchutecomvideovnaxybfncyog,@johnbarrett5229,2020-07-29T22:11:11Z,0,
_fTHWbm9Kb8,UgwrsFm_3ygO0jX7sPR4AaABAg,anyone supports trump must administrations payroll cant really stupidoh,@LEXRAPS,2020-07-29T19:22:10Z,0,
_fTHWbm9Kb8,UgyxIiFhH8xzy4m3MVh4AaABAg,today k people lost unnecessary lives follow everybody waiting election date really nonviolent method stop madness,@stupid4President,2020-07-29T16:17:20Z,0,
_fTHWbm9Kb8,UgyDEdvDFzrLSlxDbIR4AaABAg,thanks blm protests spreading covid everyone people msnbc said wasnt possible,@anonADAM,2020-07-29T06:20:37Z,0,
_fTHWbm9Kb8,Ugyjp_UuOvVpgQAcJL14AaABAg,billion year dhs billion defense knows much cia etc dont know much wasted indeed prevented another much preventing next pandemic talking unemployment insurance like needed week preventing next invasion virus bacterium president dismantled task force probably cost several millions year run prepare plan implemented immediately new threat detected many people died fifty times many counting died due pandemic president mr patrick want dismiss kind collateral damage trump admin response anemic reactive random showing planning come easy something trump knows trump things easy fun learns nothing new much trouble never learned anything new since became adult even real estate business used skills conning bullying charming flattering lying since teenager help fathers company daddy managed daily nuts bolts bankrupted multiple properties got hock nose charge added skills palette since became politician wont cant get deaths new day sun unlike nation seen even best scenario dont even get back pandemic thats sacrifice mr patrick man adores willing make long lives among sacrificed rotten deal president enablers making rest us good piece mr hayes need kind argumentation,@gnirolnamlerf593,2020-07-29T05:55:16Z,0,
_fTHWbm9Kb8,UgwukMxpfbgZCXjo5Cd4AaABAg,uncle louie died yesterday covidhis wife still sick live nythey thought worst live az im rnmy hospital swampedthese people civilians didnt sign war still people dont understand interaction clerk passerby store could cause breathe virus thing stop spread massive testing know isolate people please careful everyone prayers countrywere together,@nickisnyder3450,2020-07-29T05:30:33Z,0,
_fTHWbm9Kb8,Ugyd6J_XhScUgE-uoo54AaABAg,first thought busman see head followed fix,@JB-pu8ik,2020-07-29T05:20:20Z,0,
_fTHWbm9Kb8,UgzYECZJl2ogFG7NDH54AaABAg,give vaccine rfid chip slaves track end game thanks help keep good fight,@crhope5605,2020-07-29T04:20:24Z,0,
_fTHWbm9Kb8,Ugwl_bF7teZm1BShNwh4AaABAg,trump cooking books coronavirus,@shannonfreeman1,2020-07-29T03:36:49Z,0,
_fTHWbm9Kb8,Ugx3BvEEBLi3gMW9eDF4AaABAg,trumpcovidmurders k needlessly dead trumpdelays trumpdenials science,@altitudeillume6729,2020-07-29T03:10:20Z,0,
w1dtEUXsFIk,UgyM_gArPpIogLVIMxR4AaABAg,absolutely many people hospitals nurses doctors time practice httpsyoutubefxlfzsi,@emmanuellebianchin,2020-06-06T14:00:52Z,0,
w1dtEUXsFIk,UgzlUg9P9AC0JWpMVE14AaABAg,ever aired segment fired along actors playing news reporters live count k deaths alone show ridiculous numbers people dying wouldnt trust numbers news outlets,@erokraider1690,2020-05-28T12:01:55Z,0,
w1dtEUXsFIk,UgzlUg9P9AC0JWpMVE14AaABAg.99CHEVKVq9E99COg5ryc5-,numbers arent medias health departments cdc johns hopkins,@bluesbr0ther588,2020-05-28T13:06:59Z,0,UgzlUg9P9AC0JWpMVE14AaABAg
w1dtEUXsFIk,UgzlUg9P9AC0JWpMVE14AaABAg.99CHEVKVq9E99DEPXbBnSy,bluesbrther know getting numbers rolling graphic counting k like happened show also mismanaged every government agency hospital way accurate numbers want talk science rule number control everyone using different tests different reporting using private profit labs standardized trained way tests nation wide control means taking data face value reporting,@erokraider1690,2020-05-28T20:56:27Z,0,UgzlUg9P9AC0JWpMVE14AaABAg
w1dtEUXsFIk,UgyP5_VKA-ShHOb3-fl4AaABAg,think media outlets keep hitting trump little jabs almost insist covid fault irresponsible insensitive people dying actual people died country stop focusing hate trump,@redneckred597,2020-05-28T10:51:46Z,0,
w1dtEUXsFIk,UgzNasqpRrrYNrYUAWt4AaABAg,numbers combined deaths influenza one media reporting statistics number alone us usually k slanted bias fake news media please prove wrong show numbers influenza deaths,@jameskoch7190,2020-05-28T09:37:47Z,0,
w1dtEUXsFIk,UgyeKKQYZXjwvfbivtV4AaABAg,interview judy mikovits oh thats right guys dont push truth,@patriciabicking1628,2020-05-28T09:12:52Z,0,
w1dtEUXsFIk,UgyEmeF0LaaIe7MEIU14AaABAg,mr floyd cause death covid httpswwwforbescomsitestommybeercdcsayspossiblylessthanhalfofpositiveantibodytestsarecorrect,@dolphinitely_bro3944,2020-05-28T08:59:31Z,0,
w1dtEUXsFIk,Ugz7x32IWJ5w_k2uyh14AaABAg,friends dad broke hip yrs oldhe died surgery march called death cert hospital said died covidshe called dr upsethe said absolutely heart failuretheir saying corrected itthats disgusting family mourning,@sweet-cin,2020-05-28T08:44:26Z,0,
w1dtEUXsFIk,UgyqMMV7DO9fsxi5ZQR4AaABAg,numbers lie respond rapidly cant provide accurate test httpswwwforbescomsitestommybeercdcsayspossiblylessthanhalfofpositiveantibodytestsarecorrect,@dolphinitely_bro3944,2020-05-28T08:17:04Z,0,
w1dtEUXsFIk,UgyqMMV7DO9fsxi5ZQR4AaABAg.99BsVjF84fh99zp7pbkHf3,even know antibodies,@bluesbr0ther588,2020-06-17T03:08:52Z,0,UgyqMMV7DO9fsxi5ZQR4AaABAg
w1dtEUXsFIk,UgyqMMV7DO9fsxi5ZQR4AaABAg.99BsVjF84fh99ztiVcWrO0,bluesbrther know pcr test,@dolphinitely_bro3944,2020-06-17T03:48:57Z,0,UgyqMMV7DO9fsxi5ZQR4AaABAg
w1dtEUXsFIk,UgyqMMV7DO9fsxi5ZQR4AaABAg.99BsVjF84fh9A-gZ40EZkb,knew antibody test would reason write crap would known antibody tests nothing infection numbers show,@bluesbr0ther588,2020-06-17T11:13:11Z,0,UgyqMMV7DO9fsxi5ZQR4AaABAg
w1dtEUXsFIk,UgyqMMV7DO9fsxi5ZQR4AaABAg.99BsVjF84fh9A-i0Oa5rb1,bluesbrther know actually use pcr testing also inaccurate antibody testing also false body releases similar antibodies many illnesses common cold testing covid amount kovi present body antibodies consider reactive virus inaccurate bring control surveillance riots god bless brother new global reset leaders able achieve current events usher antichrist system,@dolphinitely_bro3944,2020-06-17T11:25:55Z,0,UgyqMMV7DO9fsxi5ZQR4AaABAg
w1dtEUXsFIk,UgyqMMV7DO9fsxi5ZQR4AaABAg.99BsVjF84fh9A-pZKNgwlq,link antibody article prove testing numbers arent accurate even though nothing testing numbers made sense head guess,@bluesbr0ther588,2020-06-17T12:31:51Z,0,UgyqMMV7DO9fsxi5ZQR4AaABAg
w1dtEUXsFIk,UgyqMMV7DO9fsxi5ZQR4AaABAg.99BsVjF84fh9A08TjTrFyM,bluesbrther called planting seed articles coming personally questioning authenticity virus let stepping stone research ever makes feel superior brother entitled opinion,@dolphinitely_bro3944,2020-06-17T15:25:51Z,0,UgyqMMV7DO9fsxi5ZQR4AaABAg
w1dtEUXsFIk,UgyqMMV7DO9fsxi5ZQR4AaABAg.99BsVjF84fh9A0DkbB3Gmo,saying use random articles relevance try get people look truth,@bluesbr0ther588,2020-06-17T16:11:59Z,0,UgyqMMV7DO9fsxi5ZQR4AaABAg
w1dtEUXsFIk,UgyqMMV7DO9fsxi5ZQR4AaABAg.99BsVjF84fh9A0F88bUEO5,bluesbrther read article written double speak forbes known promote un agenda point trying get bot want something like httpswwwmedicinenetcomscriptmainartasparticlekey,@dolphinitely_bro3944,2020-06-17T16:24:04Z,0,UgyqMMV7DO9fsxi5ZQR4AaABAg
w1dtEUXsFIk,UgyqMMV7DO9fsxi5ZQR4AaABAg.99BsVjF84fh9A0HgHxWdXI,point merely antibodies something test infection gone used determine far away country herd immunity safe open schools nothing actual numbers infected people found molecular diagnostic test,@bluesbr0ther588,2020-06-17T16:46:21Z,0,UgyqMMV7DO9fsxi5ZQR4AaABAg
w1dtEUXsFIk,UgyqMMV7DO9fsxi5ZQR4AaABAg.99BsVjF84fh9A0JIBqSPFs,bluesbrther molecular diagnostic tests commonly used testing covid pcr common test yet count every case positive even though inaccurate antibody manipulated brother herd immunity oxymoronic given current regulations local authorities enforced,@dolphinitely_bro3944,2020-06-17T17:00:24Z,0,UgyqMMV7DO9fsxi5ZQR4AaABAg
w1dtEUXsFIk,UgyqMMV7DO9fsxi5ZQR4AaABAg.99BsVjF84fh9A0MJEMXLhC,pcr mentioned article linked used test antibodies still clue trying say perhaps whole point ramblings,@bluesbr0ther588,2020-06-17T17:26:45Z,0,UgyqMMV7DO9fsxi5ZQR4AaABAg
w1dtEUXsFIk,UgyKxv6zDTVyRmJbXFV4AaABAg,numbers climb cant get accurate test httpswwwforbescomsitestommybeercdcsayspossiblylessthanhalfofpositiveantibodytestsarecorrect,@dolphinitely_bro3944,2020-05-28T08:16:28Z,0,
w1dtEUXsFIk,Ugyp96dG4Tw0RtDkwwB4AaABAg,trumps career matter including presidency,@daynonweaver292,2020-05-28T08:12:12Z,0,
w1dtEUXsFIk,UgyQL0kV3f9eEBeqyJJ4AaABAg,looks digging find person willing spew narrative noose getting tighter,@PandaArmy-fy5zh,2020-05-28T08:06:40Z,0,
w1dtEUXsFIk,Ugz4zMnF4S_QgcGzVw94AaABAg,want see crush bro wtf,@tehnecis,2020-05-28T07:59:45Z,1,
w1dtEUXsFIk,UgxmyDbS6ZfMB_v9NB94AaABAg,know coronavirus cryoresistance dont care donnie working vlad knows virus meat sic,@peterphil9686,2020-05-28T07:46:25Z,0,
w1dtEUXsFIk,UgzS-og4gxmv5iRipSN4AaABAg,finally winning something dump trump,@jflow5601,2020-05-28T07:33:01Z,0,
w1dtEUXsFIk,UgwevOpQPIO3VvhVpfh4AaABAg,trump deaths believe yes,@AugustAPC,2020-05-28T06:58:51Z,0,
w1dtEUXsFIk,UgyZcrffO5a1t83anGR4AaABAg,sheeshlets see million usa population thats even crying loud,@lcw1980,2020-05-28T06:39:42Z,0,
w1dtEUXsFIk,Ugxr1og2k8zRH9OvUsp4AaABAg,get httpswwwyoutubecomwatchvcocbtyxhz,@healingmusicandmantrasinc8306,2020-05-28T05:38:25Z,0,
LwJTTpHNXlE,UgyTs51cYg9o1J69EDV4AaABAg,address youtube censoring equally credible differing scientists fauci expert one successful way forward lets hear differing viewpoints deciding best one,@michelleyb8536,2020-05-15T08:28:19Z,1,
LwJTTpHNXlE,Ugx9WcHzl5LBgTXO43l4AaABAg,trump responsible getting nation turn things needed wwii would speaking german wanted considered wartime president period absolutely nothing use federal gov coordinate needed win fight,@paulinedawes4727,2020-04-27T15:39:18Z,0,
LwJTTpHNXlE,UgxYvLAcALOlcHfSz-x4AaABAg,drink gallon water offer neighbor pp im offensive one _,@MrOneNye,2020-04-25T14:40:20Z,0,
LwJTTpHNXlE,UgxzzQKizwsgwt7MW2p4AaABAg,sure contact tracing work point good luck time finish tracing well positive,@theropesofrenovation,2020-04-22T18:58:44Z,0,
LwJTTpHNXlE,UgwVgm35dQwAwxaphkt4AaABAg,ive watching msnbc cnn nbc weeks still dont understand hatred keep looking something positive uplifting sort solution far nothing complaints,@theropesofrenovation,2020-04-22T18:55:04Z,2,
LwJTTpHNXlE,UgxaBk2zwEg69sGuX7R4AaABAg,dumbasses national clown wants bidding else corporates legitimally get taxmoney accounts im watching europe see lemmings watching national clown things clear,@DaBosster,2020-04-22T14:12:13Z,0,
LwJTTpHNXlE,UgyxhAasI4NuuPYuIbh4AaABAg,late december early january dozens cases covid infections wuhan world health organisation really think human transmission infected persons infected eating bats furthermore genome sequence found january almost identical sars still could work human human transmission obvious,@michaelhartley9527,2020-04-22T09:49:59Z,0,
LwJTTpHNXlE,UgzkmjSGhuaohWxee5d4AaABAg,please check contribution curb pandemic search team mhrd mega challenge please watch like,@anjanaashokkumar1994,2020-04-22T05:36:47Z,0,
LwJTTpHNXlE,Ugxm0HBgQH9kNeNz8pR4AaABAg,know sew sewing machine help joanns cutting max public pick together drop back hospital pick joanns,@studiosandi,2020-04-22T02:57:47Z,0,
LwJTTpHNXlE,Ugyj04SJgSfCYYrGfJ14AaABAg,love seeing frontline folks shows still people integrity love,@jgilmo3939,2020-04-21T23:27:47Z,0,
LwJTTpHNXlE,Ugz4P9sXRKQmp71sHXl4AaABAg,bet last dollar trump loses nov incite base towards violence also scream rafters election rigged carry trump white house straight jacket,@albertlee5272,2020-04-21T22:38:35Z,0,
LwJTTpHNXlE,Ugxk4h02C0FMYKW1r5t4AaABAg,us fail much republicanism many born agains world needs less round,@imisstoronto3121,2020-04-21T21:44:36Z,0,
LwJTTpHNXlE,UgzzHJXiNm9fhAI9Wwx4AaABAg,msnbc fake news,@eugenelayton5231,2020-04-21T19:20:16Z,0,
LwJTTpHNXlE,UgzzHJXiNm9fhAI9Wwx4AaABAg.97imzjTxbMR97j259N1Fwc,nothing fake,@imisstoronto3121,2020-04-21T21:40:57Z,0,UgzzHJXiNm9fhAI9Wwx4AaABAg
LwJTTpHNXlE,UgwF-BLAdnJSq8J0OsR4AaABAg,againfailure national level trump makes everything worse,@stasiaspade1169,2020-04-21T17:17:03Z,2,
LwJTTpHNXlE,UgzXg9DSmwuMPKYT3pV4AaABAg,impeached trump chance blame senate,@baxtar1963,2020-04-21T16:33:15Z,2,
LwJTTpHNXlE,UgywDXu-XLZQuRNEV9B4AaABAg,trump barely mentions healthcare workers firing line trumps incompetence made far worse,@johnswof,2020-04-21T16:17:23Z,0,
LwJTTpHNXlE,UgzwrdKqfiv70lla-494AaABAg,wonderful yet makes feel live third world country supposed super power,@TheQueenRulesAll,2020-04-21T15:17:54Z,2,
LwJTTpHNXlE,UgzgWQabsXcvaGk33Ap4AaABAg,none wearing gloves masks,@jessykapop,2020-04-21T14:20:02Z,0,
c8TltWFwKuA,UgwGhyoBovocnbRfDV94AaABAg,bite hand feeds get fed cuomo gets money see true character,@sicktired8857,2020-03-19T00:22:21Z,0,
c8TltWFwKuA,Ugx-vZjQwDVyPOSDtqp4AaABAg,times day come back clip give strength isolated since last week believe job peril life changing rapidly need remember best still kind people,@shmo_de,2020-03-18T17:11:34Z,0,
c8TltWFwKuA,Ugz1ekUXVfzv1pw3q3d4AaABAg,brother big chicken,@Barneyjo,2020-03-18T14:28:53Z,0,
c8TltWFwKuA,Ugx9LHSJ9uZzla2xccZ4AaABAg,cuomo showed leadership leader communicate people trump follow lead,@matlew1960,2020-03-18T10:31:47Z,1,
c8TltWFwKuA,Ugy_ers_CC4i91yV6nB4AaABAg,think adorable politicians put baseball hat walk affected area really makes everyone feel like theyre one us together ahhh magical baseball hat,@bongofury5924,2020-03-18T08:30:49Z,1,
c8TltWFwKuA,UgwfE2PTfK_gGre-Cax4AaABAg,gov cuomo quite impressive crisis lets give credit due good job governor think americans first,@patszer8314,2020-03-18T07:53:16Z,0,
c8TltWFwKuA,Ugx5yBeHZHLSMe8jpf94AaABAg,gave credit president said need put partisan politics aside work together big fan cuomo acted sounded today like governor large state providing leadership exactly needed time ideas regarding providing icu beds etc spot salute,@jonathandough7251,2020-03-18T03:55:22Z,0,
c8TltWFwKuA,Ugwo-0P-8BUL3ykSnV14AaABAg,people best shut mouths experts,@calcal5135,2020-03-18T00:47:36Z,0,
c8TltWFwKuA,UgzJPgDW8vjlHYVcsaV4AaABAg,going go history books creating complete total global financial meltdown nothing glorified flu anyone actually dumb enough scared corona virus media creating frenzy politicians following suit,@ShowMeWhatINeedToKnow,2020-03-17T23:33:41Z,0,
c8TltWFwKuA,UgyNG6LHU5XZzodsGfl4AaABAg,true thats people need stay calm would nice cure,@saunsiaraybroussard9967,2020-03-17T23:09:58Z,1,
c8TltWFwKuA,Ugy3TkDR0jD3W5EL4iV4AaABAg,since trump gives like americans died puerto rico wonder start throwing paper towels us toilet paper case,@elainejohnson6955,2020-03-17T22:43:03Z,0,
c8TltWFwKuA,UgxzIb_dCNIcOhAmQHB4AaABAg,hes governor,@Ian.Valerio,2020-03-17T22:28:59Z,0,
c8TltWFwKuA,UgxseAeKyn_E1a2cSQt4AaABAg,sad say happens world embraces celebrates sexual immorality murder babies name convenience turn jesus repent god loves love mercy,@gabzgroove3088,2020-03-17T22:28:45Z,0,
c8TltWFwKuA,UgwWP-VlcdGu0tAtyCJ4AaABAg,looking future president well trained politician cuomo knows say say look presidential see future presidential candidate resident western new york part ny state really doesnt exist cuomo albany state capital cuomo pulled counter bs right open believe probably best political beast new york city politicians produced recent years wait president democrats golden boy,@josephchilano2195,2020-03-17T22:04:42Z,0,
c8TltWFwKuA,Ugz4cn0lLOsnMx0tKWp4AaABAg,democrats hate president trump hope celebrate november democrats use power congress media stop president trump effectively containing spread deadly disease heading reelection trump sees coronavirus attacking two significant assets growing economy approval older americans whose lives disproportionately threatened coronavirus nbc news,@joealonzo536,2020-03-17T22:02:26Z,0,
c8TltWFwKuA,Ugzq3GjR-zkBp-v6XM54AaABAg,depopulation way one world government,@snipe4lllife,2020-03-17T21:20:38Z,0,
yOFXVdIwH6s,UgyssJT82YmZYzW4Nyt4AaABAg,emergency planning includes scenario enactments allow rehearsal planning practice rehearsal failure include pandemic responses list ish worry policy failure,@BuildingCenter,2020-04-12T13:34:17Z,0,
yOFXVdIwH6s,UgzHJiVm2Ne4OaxfacZ4AaABAg,americans get justice hoax fraud networks msm pay bankrupt,@annahardina1831,2020-04-10T16:46:41Z,1,
yOFXVdIwH6s,UgzzfUsXGMsHrrEAaaB4AaABAg,australia deaths new zealand death usa third world healthcare system incompetent leaders,@rogerthat5459,2020-04-10T05:36:25Z,10,
yOFXVdIwH6s,UgzzfUsXGMsHrrEAaaB4AaABAg.97Fzy-C2DHD97G1uUvnaeX,facts im nyc told us wear masks fine go theres enough police enforce mandatory lock self centered residents freaking visiting girlfriends going back home pod infecting new households spreading c everywhere,@birdshit7117,2020-04-10T06:02:09Z,1,UgzzfUsXGMsHrrEAaaB4AaABAg
yOFXVdIwH6s,UgyjY0blgv5FyiMECCV4AaABAg,hundred year event cant prepare hope country doesnt incompetent running,@trueconsumer6,2020-04-10T05:08:51Z,4,
yOFXVdIwH6s,UgyjY0blgv5FyiMECCV4AaABAg.97Fwo6JkgxK97G3E9uNN4a,prepare go hard fast unfortunately usa let much time go control,@icebergrose8955,2020-04-10T06:13:42Z,1,UgyjY0blgv5FyiMECCV4AaABAg
yOFXVdIwH6s,UgyjY0blgv5FyiMECCV4AaABAg.97Fwo6JkgxK97G3EoioCP8,prepare go hard fast unfortunately usa let much time go control,@icebergrose8955,2020-04-10T06:13:47Z,0,UgyjY0blgv5FyiMECCV4AaABAg
yOFXVdIwH6s,UgxrGWrKYdj17YfDiFd4AaABAg,keep eye south dakota lockdown kind interested see happens,@buffysmith4278,2020-04-10T05:02:33Z,2,
yOFXVdIwH6s,Ugw0Bj8qugh4Cv_mfPl4AaABAg,libs concerned happen melting pot every one welcome viruses dumb libs,@ronaldhagadorn5512,2020-04-10T04:55:09Z,0,
yOFXVdIwH6s,Ugw0Bj8qugh4Cv_mfPl4AaABAg.97FvEqNillS97FvVt6fLkC,virus arrived via travelers crybaby,@christine_8647,2020-04-10T04:57:29Z,0,Ugw0Bj8qugh4Cv_mfPl4AaABAg
yOFXVdIwH6s,UgwVM-D2UyxbO7cPHSh4AaABAg,past hours americans died covid thats every seconds yes fox news worse flu liberal hoax,@rgwak,2020-04-10T04:34:44Z,8,
yOFXVdIwH6s,UgwVM-D2UyxbO7cPHSh4AaABAg.97FsuFedlNp97FvVFPVYkb,ro g thats addition flu,@lilesmw,2020-04-10T04:57:24Z,1,UgwVM-D2UyxbO7cPHSh4AaABAg
yOFXVdIwH6s,UgwVM-D2UyxbO7cPHSh4AaABAg.97FsuFedlNp97FwsRkx31V,lilesmw another racist dump supporter hahah clown coward house great job ignoring blocking bills benefit elections dump supporters hold heads shame nothing lies cover ups corruptions course cheating elections,@DELTAALPHA313,2020-04-10T05:09:26Z,3,UgwVM-D2UyxbO7cPHSh4AaABAg
yobnaFCOR7g,UgwWoNOXvvd6uVpdZkV4AaABAg,mike get done lol meanwhile russia send us supplies go back shopping walmart sams club,@wooferblitz64,2020-04-02T04:51:58Z,0,
yobnaFCOR7g,Ugx9Z71mubEMiSeCOo14AaABAg,watching russia thank jesus live hereespecially,@ZeroDi,2020-04-01T03:36:17Z,0,
yobnaFCOR7g,UgyGpQLje6TDn-8IDBB4AaABAg,well done dahlia make us kcom alum proud god bless,@alpersarihan348,2020-03-31T17:36:23Z,0,
yobnaFCOR7g,UgzcPbN0VdiRdnEHYz14AaABAg,please panicthe game httpjdmichelblogtdgcharchivecovidthegameisoverhtmlfbclidiwarllheuofxetjwkqrzwcbfdixlugaqjokdicrzygopavmjwjnahyva,@elenabogoslovova2649,2020-03-31T17:17:49Z,0,
yobnaFCOR7g,Ugwy4mZKpgdcu-3nZoJ4AaABAg,tsunami indeed president instead listening scientists start trying stop sandbags,@kemosabe6693,2020-03-31T16:54:38Z,0,
yobnaFCOR7g,Ugwy4mZKpgdcu-3nZoJ4AaABAg.96sSciYW0nn96xx-NcshpL,done shut borders thought waycist libs condemnation finger pointing answers insight get bent,@rdubayoo,2020-04-02T20:04:57Z,0,Ugwy4mZKpgdcu-3nZoJ4AaABAg
yobnaFCOR7g,UgxHINAd_uX2Qe9oauF4AaABAg,fake news madcow said ship would never come ny,@renasdupont2806,2020-03-31T16:03:23Z,0,
yobnaFCOR7g,Ugxm_1GUq31tzfNOOqR4AaABAg,trump doesnt want hurt election national intervention necessary right nowwhat see republican strategy,@cecilepovich3861,2020-03-31T14:55:28Z,0,
yobnaFCOR7g,Ugxm_1GUq31tzfNOOqR4AaABAg.96sEzwxCqdX96sN0cTjNa4,rep counter strategy,@renasdupont2806,2020-03-31T16:05:36Z,0,Ugxm_1GUq31tzfNOOqR4AaABAg
yobnaFCOR7g,Ugz0LAdUipTwmiLuIWV4AaABAg,paid troll media covering daily white house briefings want hide seeing okay deception okay lies lie waiting free mind see truth cant make free lies,@roundrock63,2020-03-31T13:12:56Z,1,
yobnaFCOR7g,Ugy3pA6cLFvcv0P6vQN4AaABAg,coronavirus domino effect explained httpsyoutubeaac_cvfoa,@LoveWhatYouDo,2020-03-31T12:24:25Z,0,
yobnaFCOR7g,UgyR2Rl7rmeBY5HkXYh4AaABAg,learned nothing yet patriots n control qanon qmappub xreports prayingmedic inpursuitoftruth thepatriothour truth greatawakening wwgwga bondwantshissuitback false itshappening iknownoone ffearnot greatawakening wakeupamerica flag unitednotdivided gotpopcorn enjoytheshow,@theeaglehaslanded3305,2020-03-31T10:49:10Z,0,
yobnaFCOR7g,UgwptIm3GWE75zpg-cx4AaABAg,public still wearing masks ny day quarantine virus spread show symptoms masks enforcedkorea singapore hong kong china chec republic vietnam others flattened curve making everyone wear maskyou need ask question government stupid cannot see use masks common denominator want get sick,@darrenloveday69,2020-03-31T09:56:54Z,0,
yobnaFCOR7g,UgxHZqQwCSkGbePWmJ94AaABAg,going hit us inbound destroyer planetxnibiru april may nothing really else,@dimitriosmargaroff8155,2020-03-31T07:17:31Z,0,
yobnaFCOR7g,UgwBh6DiPDdFOPkw79N4AaABAg,dahlia rizk real name fantastic sounds like bond girl looks like bond girl,@jackielittle1077,2020-03-31T06:48:04Z,0,
yobnaFCOR7g,Ugz0Cw5ACPUO6-dRhV94AaABAg,heart hurts first response people thank dedication,@jantruitt9241,2020-03-31T06:47:16Z,3,
yobnaFCOR7g,UgyFfrjauPHDeX1cpbJ4AaABAg,thanks,@jackielittle1077,2020-03-31T06:46:05Z,0,
yobnaFCOR7g,UgzkYdpC7l7Bp_Uc9Y54AaABAg,impeached trump failing americans dying trump worried,@makeracistsafraidagain,2020-03-31T06:40:18Z,1,
yobnaFCOR7g,UgzkYdpC7l7Bp_Uc9Y54AaABAg.96rMKCs1iVe96rN7IypCOO,trump incompetent commander chief ever proves everytime opens mouth cant wait cast final vote majority us americans embarrassed fact hes president,@1997Roscoe,2020-03-31T06:47:17Z,0,UgzkYdpC7l7Bp_Uc9Y54AaABAg
yobnaFCOR7g,UgzkYdpC7l7Bp_Uc9Y54AaABAg.96rMKCs1iVe96tCGONe-PS,renasdupont currently,@1997Roscoe,2020-03-31T23:50:53Z,0,UgzkYdpC7l7Bp_Uc9Y54AaABAg
yobnaFCOR7g,UgwVVI75W0XCVEFQtlt4AaABAg,found blackseed seeds nigella flower mixed honey good vaccin corona,@karim271,2020-03-31T06:29:07Z,0,
yobnaFCOR7g,UgwVVI75W0XCVEFQtlt4AaABAg.96rL2Iaifj296rPI-2Ulxe,make racists afraid time mean netherlands,@karim271,2020-03-31T07:06:13Z,0,UgwVVI75W0XCVEFQtlt4AaABAg
5QQBUqzU5II,UgzRCd3-0ikJiQooNg54AaABAg,looking back months ago trump stupid,@garrettq1977,2020-07-03T01:48:01Z,0,
5QQBUqzU5II,UgxSJbNmS7K4vNBytal4AaABAg,annoying fact trump coming news saying coronavirus ending stupid hes doctor hes f white president doesnt care anybody coronavirus ending guess dont watch news,@Noh3my1991,2020-06-19T11:05:45Z,0,
5QQBUqzU5II,UgxjDAiioeGf34Y69Z94AaABAg,trump needs shut mouth dont know going talking doctor never went medical school leave corniaviris health care workers,@monamartinez7897,2020-06-16T22:03:30Z,0,
5QQBUqzU5II,UgyU16XzemThRKbcou14AaABAg,trump needs leave domt know talking president stay coronavirus business mind business,@monamartinez7897,2020-05-31T04:49:20Z,0,
5QQBUqzU5II,UgwEQVyv5KxDeg1S8gB4AaABAg,definitely good ideawe need stay inside vaccine completely done already doctor officeseven better doctors come us vaccines dont spread going get itwe wait almost states said people gotten vaccine allowed outyes expensive better people dying give little tax money help pay,@bubblegum_yummm7466,2020-05-02T03:43:32Z,0,
5QQBUqzU5II,Ugx22ut8GtYpUsExqFp4AaABAg,big huge mistake lift restrictions cure nothing fix cure virus yet virus flared higher stage god help us,@romygime5822,2020-04-30T07:27:28Z,0,
5QQBUqzU5II,Ugz_ZJzkhGS9Xu29yGN4AaABAg,birthday months birthday ruined,@judithcastro9435,2020-04-13T06:07:01Z,0,
5QQBUqzU5II,UgxFXv8dnSlazD6yBu54AaABAg,governments unloaded everything virus still around cant get another billion keep everybody home happens governments say safe go back work need better economic system allows shocks,@wolfvale7863,2020-04-08T10:35:41Z,0,
5QQBUqzU5II,UgxFXv8dnSlazD6yBu54AaABAg.97BNcCwPyxW97qVYfvjbGK,wolfvale safe tell everyone get back work yes federal government lot un needed services refuse shutdown keep workers home,@Darkmattermonkey77,2020-04-24T19:13:04Z,0,UgxFXv8dnSlazD6yBu54AaABAg
5QQBUqzU5II,Ugy1Ua7BjiOLPY2rIyF4AaABAg,hes lying faces right states going stay like forever knows governors state government dont wanna tell truth like movie called flowers attic kids mother name corrine told children going live attic couple weeks end almost three years plus cory died years later cory twin sister died,@sweetemogi8896,2020-04-06T18:40:59Z,0,
5QQBUqzU5II,UgwhW2bkYsHJSDBfO5V4AaABAg,wow people die suicide cant go work die virus trump said whole world watching,@ricotsuave9419,2020-04-06T11:02:39Z,0,
5QQBUqzU5II,UgzLeD06Wx2xB9Z9-hV4AaABAg,want go back work simple,@lavondaharwell9780,2020-04-03T19:18:42Z,0,
5QQBUqzU5II,UgyYEbnn6mk24Rk_s714AaABAg,watching week later sarcastic disrespectful brian mortality rates saying things like back real world looks smug superiornow back real world weeks weeks nbc coverage saying back real world journos like speak like thishow bout thatyour spite glib approach turning lifelong democrats trump supportersboomway read roomsmh,@mimzy8beeps,2020-04-03T01:25:05Z,0,
5QQBUqzU5II,UgxEldmYLtxpfvIzHwB4AaABAg,government stands side side worries secret serum even defeats cancer,@stevekatz9986,2020-03-30T00:37:03Z,0,
5QQBUqzU5II,UgyOwQ3mhB91zu-aFWp4AaABAg,designed created two fold vac everyone mandatory yearly basis trump save us get reelected thousands die every year common fluquestion everything,@stevekatz9986,2020-03-30T00:34:36Z,0,
5QQBUqzU5II,UgxP49KuWwsu-nTpyZt4AaABAg,sacrfices made bring balance universe,@alexandreroy2317,2020-03-28T04:09:36Z,0,
5QQBUqzU5II,UgzgD00tlPvtQ7kaC5V4AaABAg,may decide silly paying million thouthands silly football sports players ones without social value work instead sustain heath ministers health world countries science peoples searching humanity even dieing povertythats silly stupids even lousy masks glovessterile costumes medical stuff worldlonggggg talkinggg reset real values everything value pyramid upside,@rainbowlapaglia9318,2020-03-27T23:16:32Z,0,
5QQBUqzU5II,UgyRkZWSRrKkJ6Ib9o14AaABAg,moronand biden lead pipe certainty win second term,@desdemonaspal6281,2020-03-27T22:31:40Z,0,
5QQBUqzU5II,Ugz8dVEDPO86w2QjaKV4AaABAg,httpswwwyoutubecomwatchvicfsqi_tngts,@solomisterio,2020-03-27T18:23:41Z,0,
5QQBUqzU5II,UgxTciIlw2FQ-Q2HAXx4AaABAg,russia america britain israel france italy germany countries killed babies pregnant women syria countries brutal justice god,@enginulusoy9204,2020-03-27T12:59:15Z,0,
etYI26qA1Cs,UgxJJJEr9t3b0_9kzCd4AaABAg,advice stay home dont go work cancel everything cancel flights cancel schools stay lockdown least months lot food lot water dont touch nothing wash hands seconds warm water hunkered youll okay problem solved right end story,@southerncaliforniafreedom7927,2020-03-15T02:06:11Z,0,
etYI26qA1Cs,UgxJJJEr9t3b0_9kzCd4AaABAg.96CfESn5JAf96GYnZl9dW-,rated talking thats best advice home thats safest place,@southerncaliforniafreedom7927,2020-03-16T14:18:10Z,0,UgxJJJEr9t3b0_9kzCd4AaABAg
etYI26qA1Cs,UgzTQ8DEqaHjqjb0rKx4AaABAg,shameful display incompetence denial abundantly inept leadership us must part protect inaction appreciate effort thank rep porter,@jjrr2273,2020-03-14T15:55:53Z,0,
etYI26qA1Cs,UgyobLwEYXm4fFWR3W94AaABAg,question changed get infected infect someone else,@ruthdepew7212,2020-03-13T09:04:29Z,3,
etYI26qA1Cs,UgyXDiRzquUj5CyrYbV4AaABAg,sooooo answers none question helps public understand zero great,@ottebya,2020-03-13T07:42:11Z,0,
etYI26qA1Cs,UgzbNLvEjmrq7T6KQVR4AaABAg,im baffled whitehouse knew virus back december chose drag heals next,@heatherremlin8607,2020-03-13T05:14:03Z,7,
etYI26qA1Cs,UgwOIiSlcsh-1McLvJJ4AaABAg,obvious lies youtube video httpswwwyoutubecomwatchvnknytlovaqlistlltcw_ucgxkswlroxwutygqindexts,@hayesdabney,2020-03-13T05:10:11Z,0,
etYI26qA1Cs,UgydoeacRBsIzECTHC54AaABAg,greatly flow saves lives people fly,@LyndaMackrous-wi6fv,2020-03-13T04:59:57Z,0,
etYI26qA1Cs,UgxSnTEJssiH7n_fdWB4AaABAg,heart goes people exposed coronavirus part jobs,@nathanjamesbaker,2020-03-13T04:54:24Z,5,
etYI26qA1Cs,UgxSnTEJssiH7n_fdWB4AaABAg.967otmHCrGt967sptl12OL,collect blood tomorrow closely exposed people,@aprilnessk1408,2020-03-13T05:28:49Z,1,UgxSnTEJssiH7n_fdWB4AaABAg
etYI26qA1Cs,Ugzm1xRbrGXxq3SUscx4AaABAg,stay f home flying could someone elses dying,@mindfuless674,2020-03-13T04:47:39Z,3,
etYI26qA1Cs,UgxdgLOLlqPXS52nUul4AaABAg,still fly clearly considered disposable employers,@Vondarkstar,2020-03-13T04:39:29Z,14,
etYI26qA1Cs,UgysWXyMgNiCj4LjODZ4AaABAg,please start properly calling covid people quit dismissing normal coronavirus,@civil_villain,2020-03-13T04:23:43Z,12,
etYI26qA1Cs,UgysWXyMgNiCj4LjODZ4AaABAg.967lO5OKibw96JcsZGtTGm,ill call wuhan virus since ot originated wuhan kind like call certain virus ebola virus,@WalkWithJeff,2020-03-17T19:00:15Z,1,UgysWXyMgNiCj4LjODZ4AaABAg
FOr1neUb5QI,UgyXcsT6MzfQireKg_Z4AaABAg,thats even minute vid thing took disconnected reality,@LucaVespa99,2020-05-01T12:03:25Z,0,
FOr1neUb5QI,Ugx61jEU9hIZUsaFUiZ4AaABAg,kind true though look population us population us many died combine cases coronavirus cases people coronavirus people died coronavirus still us population completely unaffected thats us tho coronavirus still rapidly spread thing keeping us safe population coronavirus affect people likely become actual pandemic however still dont know much still likely risk adapt dont survive,@orin1949,2020-04-25T07:08:32Z,0,
FOr1neUb5QI,UgwSgqqeoqT3XXOgrht4AaABAg,warning every muslim follow fatwa atheists naming allahs chastisement natural disasters announce successive signs chastisement muslims disbelievers turn away httpwwwnasseryamanicomshowthreadphp,@هلالهالأهدل,2020-04-22T23:49:37Z,0,
FOr1neUb5QI,UgxYQmrdOEYkkkWahcZ4AaABAg,im shocked lies running rampant stopped dont want deaths,@debraa.155,2020-04-20T20:40:00Z,1,
FOr1neUb5QI,UgzGghqT1vpAW_q3xrh4AaABAg,wow comparing disease nocure car accidents car accidents exponentially spread tiny spit drops expelled speaking hint,@haruruben,2020-04-20T02:01:29Z,0,
FOr1neUb5QI,Ugyp0j1YUqFYke8WLJB4AaABAg,whaaaaa reason models acted,@haruruben,2020-04-20T01:59:56Z,1,
FOr1neUb5QI,Ugwc18pu_6fYteE1u_54AaABAg,lmao bill gates vaccineill stay disconnected nwo reality,@hunger4thetruth951,2020-04-19T19:34:20Z,0,
FOr1neUb5QI,UgzIgINUdfY357jhx-94AaABAg,believe thing news station says point keep pushing agenda disconnected reality truth facts funny amp mind programming masses bought garbage like news men women,@hunger4thetruth951,2020-04-19T19:32:14Z,0,
FOr1neUb5QI,UgykirAyKzRUy4wDaD54AaABAg,dr oz long recognized anyone brains con artist huckster recent comments reveal hes also immoral pos us currently million children schools k according dr quack loss children covid tradeoff folks presumably including would consider unfortunately age trump sort thing doesnt even surprise anymore,@pcbacklash_3261,2020-04-19T15:37:11Z,0,
FOr1neUb5QI,UgzxPjVqlqirEqxZvfZ4AaABAg,fear biggest factor deaths sickness,@JennSunMoonStars,2020-04-19T12:59:05Z,0,
FOr1neUb5QI,UgzAntIQfbTOKsDvVnl4AaABAg,must new norm six feet apart six feet,@tech45,2020-04-19T11:10:22Z,0,
FOr1neUb5QI,Ugz6Cfspw_89xt6LXol4AaABAg,usa world tv show psychiatrist giving medical advice pandemichahahahaha,@Hellohallo,2020-04-19T09:58:32Z,0,
FOr1neUb5QI,Ugzx8_ydICkPVSkIibB4AaABAg,reopen know soon really pandemic think death rest world joke,@sgjohnlim,2020-04-19T08:15:19Z,0,
FOr1neUb5QI,UgyF0JdIuDzWMnkUwlV4AaABAg,texas nursing home galveston county using hydroxychlorioquine results elderly patients signed test recovered success rate,@sumhavefun,2020-04-19T06:57:43Z,0,
R_CLY5SnS5o,Ugyp7CtxVQUgjGqOuPN4AaABAg,guy lied joe rogan saying cov virus could possibly manmade despite numbers studies suggesting otherwise totally trustful point,@TheMarotron,2020-05-05T19:17:20Z,0,
R_CLY5SnS5o,Ugyp7CtxVQUgjGqOuPN4AaABAg.98HpmVCVMcF98K_ww_DSe8,gtm httpsjournalsphysiologyorgdoifullphysrev httpswwwtandfonlinecomdoifull httpswwwncbinlmnihgovnuccoremh httpswwwbiorxivorgcontentvfull among others article analyses topic well sources httpsmediumcomyurideiginlabmadecovgenealogythroughthelensofgainoffunctionresearchfdd clear saying manmade could find strong evidence however could find many studies suggesting likely manmade created nature nevertheless claiming possible quite misleading especially considered expert field could say think evolved naturally however need data confirm thesis didnt maybe knows something missi could wrong,@TheMarotron,2020-05-06T20:56:40Z,0,Ugyp7CtxVQUgjGqOuPN4AaABAg
R_CLY5SnS5o,Ugyp7CtxVQUgjGqOuPN4AaABAg.98HpmVCVMcF98Keo5soFfP,themarotron thanks links,@gtm5650,2020-05-06T21:39:09Z,0,Ugyp7CtxVQUgjGqOuPN4AaABAg
R_CLY5SnS5o,UgzGsBwuFKy3PcDD14x4AaABAg,guy knew intelligent voice discussion president others need informed advised,@FS-td3og,2020-05-02T09:25:14Z,24,
R_CLY5SnS5o,UgxcO8_sSZOPgEp7iCB4AaABAg,im good shape underlying illnesses hit coronavirus sweat chill hallucinate recover develop antibodies protect yearold father weak lungs fragile health general refused work health years thats baby boomer man problem covid problem,@squamish4244,2020-05-02T08:01:52Z,0,
R_CLY5SnS5o,UgxcO8_sSZOPgEp7iCB4AaABAg.988u5_bUX0b98AeB9UAFvd,valar dont get man antibodies protect dad underlying conditions medical risk covid grim reaper come fir healthy people depends viral load u catch repeated amounts high concentrations hence need social distance,@mondachewon2873,2020-05-03T00:21:18Z,1,UgxcO8_sSZOPgEp7iCB4AaABAg
R_CLY5SnS5o,Ugz_O9NHbMRyFXl76a54AaABAg,time goes people getting lax coronavirus precisions thats coronavirus come storming back keep safe use interventions combat coronavirus save lives,@patrickmartin890,2020-05-01T18:25:22Z,5,
R_CLY5SnS5o,UgxHJe0eOvVoOVh67KN4AaABAg,please people take care family lets stop virus wish country best dont believe trump take care please god bless,@yolandaramirez9138,2020-05-01T08:36:32Z,14,
R_CLY5SnS5o,UgxHJe0eOvVoOVh67KN4AaABAg.986OGaquCfp987gF5VDpcn,ccsn load unadulterated crap spout research dare happened australia countrys handling virus including result lockdown current infection rate see strong leadership willing population understands isolation key controlling airborne infection pandemic way mess,@robertgilleland3114,2020-05-01T20:41:35Z,2,UgxHJe0eOvVoOVh67KN4AaABAg
R_CLY5SnS5o,UgzOQo7PJhrn6OexbB14AaABAg,january putin medvedev rest st petersburg gang first jump bunker coronavirus vector spreading russia causes generalized viral pneumonia determined tests wuhan sarscov launched special services later hide accident novosibirsk similarly novice site infection new coronavirus also appeared next research laboratory intermediate links mutations animals humans,@statistic1382,2020-05-01T07:46:30Z,0,
R_CLY5SnS5o,Ugxv7xiSLPB0QceNGD94AaABAg,nd wave arrive weeks time sooner,@dodgytrump9868,2020-05-01T06:08:02Z,13,
R_CLY5SnS5o,UgzQghFx1Ya3RUAzbzt4AaABAg,devastation brought xi jinping ever come end,@highvoltge422,2020-05-01T06:01:18Z,4,
R_CLY5SnS5o,UgzQghFx1Ya3RUAzbzt4AaABAg.9866Vf_xzFG986CvYAyeoT,yes one brought covidiot wontbuckle buddy going get lot worse yet,@LOUEBLACK,2020-05-01T06:57:23Z,2,UgzQghFx1Ya3RUAzbzt4AaABAg
R_CLY5SnS5o,UgzQghFx1Ya3RUAzbzt4AaABAg.9866Vf_xzFG988uP73pzsV,xi trump forgot second guy,@squamish4244,2020-05-02T08:04:32Z,1,UgzQghFx1Ya3RUAzbzt4AaABAg
R_CLY5SnS5o,UgzQghFx1Ya3RUAzbzt4AaABAg.9866Vf_xzFG98A9zaQsivj,loueblack insignificant wuhan institute virology published research capable infecting human cells nonhuman infecting caronavirus httpswwwnaturecomnewsengineeredbatvirusstirsdebateoverriskyresearch also insignificant chinese government postponed emergency response feared disruption lunar new year celebrations httpsapnewscomaebdeffcacddcf also possible capable ad hominem replies,@highvoltge422,2020-05-02T19:48:42Z,0,UgzQghFx1Ya3RUAzbzt4AaABAg
R_CLY5SnS5o,UgzQghFx1Ya3RUAzbzt4AaABAg.9866Vf_xzFG98AA6Fjs3iB,squamish see reply oska,@highvoltge422,2020-05-02T19:49:44Z,0,UgzQghFx1Ya3RUAzbzt4AaABAg
R_CLY5SnS5o,UgwkbUApcKd-GR7ziNR4AaABAg,goodness sake trump go one decent thing train wreck call life go irreparable damage others environment go,@johnmartin2470,2020-05-01T06:01:02Z,11,
R_CLY5SnS5o,UgwkbUApcKd-GR7ziNR4AaABAg.9866Tleke4R986DMS84wJU,train wreck life successful businessman husband father president united states pretty sure youre projecting like democrats,@Themightyfrogg,2020-05-01T07:01:12Z,1,UgwkbUApcKd-GR7ziNR4AaABAg
R_CLY5SnS5o,UgwkbUApcKd-GR7ziNR4AaABAg.9866Tleke4R986SuC2WFjd,themightyfrogg times bankrupt draft dodging serial cheat,@grayshus6706,2020-05-01T09:17:01Z,7,UgwkbUApcKd-GR7ziNR4AaABAg
R_CLY5SnS5o,UgwkbUApcKd-GR7ziNR4AaABAg.9866Tleke4R987D9sAZNF7,rock last four months willfully ignorant truly bring country knees sympathy amerikans got big surprise coming way amerika stands alone bankruptcy massive unemployment pathological liar con man president like first depression republicans hoover nothing help people thank goodness roosevelt democrats overhauled entire capitalism time republicans become repugnant memory happy may day,@johnmartin2470,2020-05-01T16:18:44Z,1,UgwkbUApcKd-GR7ziNR4AaABAg
R_CLY5SnS5o,UgwkbUApcKd-GR7ziNR4AaABAg.9866Tleke4R98FajyxScMo,jon true trump potus buck stops himor least used response virus massive disaster,@DonVito591,2020-05-04T22:27:26Z,0,UgwkbUApcKd-GR7ziNR4AaABAg
R_CLY5SnS5o,Ugwh8HHtqVKwJD0Ez694AaABAg,maga crowds aware word asymptomatic person flu usually avoids going nursing homes aware symptoms problem failed understand covid flu,@nandy1256,2020-05-01T05:24:00Z,8,
R_CLY5SnS5o,Ugwh8HHtqVKwJD0Ez694AaABAg.9862EVb-GFV9862lNOZo49,wouldnt say theyre aware much,@earthrider700,2020-05-01T05:28:37Z,3,Ugwh8HHtqVKwJD0Ez694AaABAg
R_CLY5SnS5o,Ugwh8HHtqVKwJD0Ez694AaABAg.9862EVb-GFV98631mI9WnZ,nand nicarrabla main problem tangerine toddler chief doesnt understand meaning asymptomatic thats maga gets information,@2keyblades,2020-05-01T05:31:00Z,2,Ugwh8HHtqVKwJD0Ez694AaABAg
R_CLY5SnS5o,Ugwh8HHtqVKwJD0Ez694AaABAg.9862EVb-GFV986EEf39jxi,theyre bright also great sense entitlement selfish despicable people,@BachataDeVerdad,2020-05-01T07:08:53Z,2,Ugwh8HHtqVKwJD0Ez694AaABAg
R_CLY5SnS5o,Ugw_sbTCNOxlwze6gM54AaABAg,sweden right way isolate vulnerable healthy,@34ccsn,2020-05-01T05:21:02Z,3,
R_CLY5SnS5o,Ugw_sbTCNOxlwze6gM54AaABAg.9861tjw06TV9862UUL1tCS,skalgar iceland better model relied testing tracking knew quarantine,@annepeasley5472,2020-05-01T05:26:11Z,2,Ugw_sbTCNOxlwze6gM54AaABAg
R_CLY5SnS5o,Ugw_sbTCNOxlwze6gM54AaABAg.9861tjw06TV986DvhheeO8,skalgar sweden high mortality rate allowed virus decimate elderly population care facilities shameful,@BachataDeVerdad,2020-05-01T07:06:09Z,7,Ugw_sbTCNOxlwze6gM54AaABAg
R_CLY5SnS5o,Ugw_sbTCNOxlwze6gM54AaABAg.9861tjw06TV986SjGgfT3H,healthy vulnerable situation sweden deteriorating badly,@grayshus6706,2020-05-01T09:15:32Z,2,Ugw_sbTCNOxlwze6gM54AaABAg
R_CLY5SnS5o,Ugw_sbTCNOxlwze6gM54AaABAg.9861tjw06TV986ZdUnq6Tm,thats testing genius find vulnerable order isolate duh,@fibiandcuphead850,2020-05-01T10:15:54Z,0,Ugw_sbTCNOxlwze6gM54AaABAg
R_CLY5SnS5o,Ugw_sbTCNOxlwze6gM54AaABAg.9861tjw06TV986erDrg4zA,fibiandcuphead plus percent dead preexisting condition vulnerable diabetes copd cancer advanced age testing needed know isolate known vulnerable healthy need anything else explained feel free ask,@34ccsn,2020-05-01T11:10:13Z,1,Ugw_sbTCNOxlwze6gM54AaABAg
R_CLY5SnS5o,Ugw_sbTCNOxlwze6gM54AaABAg.9861tjw06TV986mV5lD4Sr,ccsn isolate die u kevorkian way already rest homes stacking bodies back rooms uncounted trump mass burials dark night say anyone years unproductive using trump model suppose would considered destructive hardly recognize country use since us exist,@subliminal2244,2020-05-01T12:16:58Z,1,Ugw_sbTCNOxlwze6gM54AaABAg
R_CLY5SnS5o,Ugw_sbTCNOxlwze6gM54AaABAg.9861tjw06TV987Aem-TYt4,subliminal dont destroy economy isolating statistically vulnerable maybe protect definitely threw country depression many due cant afford medicine used able afford die hunger depression hard times last still inflicted,@34ccsn,2020-05-01T15:56:52Z,0,Ugw_sbTCNOxlwze6gM54AaABAg
R_CLY5SnS5o,Ugw_sbTCNOxlwze6gM54AaABAg.9861tjw06TV987p_uPe0dF,ccsn trust dr osterholm make nonpartisan evidencebased sound policy decisions wannabe infectious disease experts wannabe epidemiologists,@BachataDeVerdad,2020-05-01T22:03:12Z,1,Ugw_sbTCNOxlwze6gM54AaABAg
R_CLY5SnS5o,Ugw_sbTCNOxlwze6gM54AaABAg.9861tjw06TV988vERlwlG2,sweden low population density half population living singleperson households good healthcare system still high death rate model cant replicated countries like,@squamish4244,2020-05-02T08:11:49Z,1,Ugw_sbTCNOxlwze6gM54AaABAg
R_CLY5SnS5o,UgzYGO40ODIRpvOrwC94AaABAg,complicated futility incompetence,@unworthy42,2020-05-01T05:20:16Z,8,
R_CLY5SnS5o,UgxEfy_X71gWcvOXBNB4AaABAg,second wwve first left people still laying lungs dr know,@subliminal2244,2020-05-01T05:15:53Z,4,
R_CLY5SnS5o,UgxEfy_X71gWcvOXBNB4AaABAg.9861IzYkVLz986IBLrgaP9,western zoos nothing crack houses huh,@Shelmerdine745,2020-05-01T07:43:23Z,0,UgxEfy_X71gWcvOXBNB4AaABAg
R_CLY5SnS5o,UgxEfy_X71gWcvOXBNB4AaABAg.9861IzYkVLz988uYxyNHYW,second wave take two weeks show states lifted restrictions like georgia fall school starts seasonal flu hits time,@squamish4244,2020-05-02T08:05:52Z,0,UgxEfy_X71gWcvOXBNB4AaABAg
R_CLY5SnS5o,UgxEfy_X71gWcvOXBNB4AaABAg.9861IzYkVLz98KTUiwz6dM,last pandemics worse second wave thats usually months first,@gtm5650,2020-05-06T19:51:31Z,0,UgxEfy_X71gWcvOXBNB4AaABAg
7llEqsZSY6g,UgzBkxQFxrZVIXOTd0h4AaABAg,funny thing nbc used love dr fauci happened,@franks3509,2020-03-21T05:58:37Z,0,
7llEqsZSY6g,Ugz5UZ_JZKwUAAY9M1B4AaABAg,millennials literally small families,@jerryesque3747,2020-03-21T00:04:20Z,0,
7llEqsZSY6g,UgzqLx4beVBA2dHzJLV4AaABAg,listen around creepy clearly hear child scream background rooms,@jimmysalas8354,2020-03-20T12:28:01Z,1,
7llEqsZSY6g,UgzQQcHrdaSGMr1oObB4AaABAg,self absorbed self centered called millennia morons going reason martial law going put place,@clearmind3022,2020-03-19T11:30:30Z,0,
7llEqsZSY6g,Ugz4aGmQdSGX0iWJNNd4AaABAg,obama saved america trump killed us united states answers especially worrying government intentionally rendered incapable trump administration fired governments entire pandemic response chain command including white house management infrastructure httpsyoutubejukslizi obama built greatest wall history trump tore ironic trump devil,@avirtualworld4U,2020-03-19T10:51:01Z,0,
7llEqsZSY6g,UgxPETzd8PJ9hOZte0B4AaABAg,sorry chuck todd hardly guy viewed trustworthy topic smear bernie smear young people smear trump supportersyour running people chuck finger pointed corporate media paymasters chuck,@kevinmackfurniture,2020-03-19T10:44:00Z,0,
7llEqsZSY6g,UgwROWvNDTaX9KWV2vx4AaABAg,fine like theyre italy find anyone street,@debim8686,2020-03-19T09:02:31Z,0,
7llEqsZSY6g,Ugxnbp87CiFw8cDOhpt4AaABAg,well like message originally hadafter weeks telling people big deal expect,@thataxx1534,2020-03-19T05:36:06Z,0,
7llEqsZSY6g,UgwiLApgzwQdEhEEuXd4AaABAg,little late ffs trump told big deal ugh,@JustMeELC,2020-03-19T04:49:09Z,1,
7llEqsZSY6g,UgwFBCtXfUDoo8iIcjd4AaABAg,yeah watch clips distorted context failed comedian clowns instead watching whole clip,@andrewwyndham2179,2020-03-19T04:19:33Z,0,
7llEqsZSY6g,UgyMTbx5Milu_srsr5Z4AaABAg,sorry network become cynical cant listen,@richardrockie5475,2020-03-19T04:11:05Z,2,
7llEqsZSY6g,UgzYvrjGJkgSt-ZbCyR4AaABAg,heres deal well take coronavirus seriously boomers treat climate change treat people way want treated right,@johngleason1776,2020-03-19T02:31:43Z,0,
7llEqsZSY6g,UgyzNiGvbbC2DJfklkd4AaABAg,seen beaches spring break full,@peacheswilliams4539,2020-03-19T01:35:23Z,0,
7llEqsZSY6g,UgyzNiGvbbC2DJfklkd4AaABAg.96MutPqiJGM96RSOxh_eA1,jane dough stupidity ignorance fed boomers dont care happens either way,@gerttopmuller,2020-03-20T19:53:53Z,0,UgyzNiGvbbC2DJfklkd4AaABAg
7llEqsZSY6g,UgyzNiGvbbC2DJfklkd4AaABAg.96MutPqiJGM96RUWJukyA7,jane dough sure however believe earth inhabitable bc climate change deniers places rigged system college debt healthcare could legitimizing ive seen rhetoric appear lately manner,@gerttopmuller,2020-03-20T20:12:22Z,0,UgyzNiGvbbC2DJfklkd4AaABAg
szORuX9KVc4,UgzhGa7J2bHMiRnCSbV4AaABAg,gaawed many victima cnn still actually able believe garbage never provide evidence since cant world wrong theae people dont even try verify whether thia rot ia true true somebody said means nothing need evidence anybody got updates know suppoded evenb tryimg help ones hopeless let know qanon,@hannahhowland4421,2020-05-30T22:02:08Z,0,
szORuX9KVc4,UgyoR-n_FAUk9eV459l4AaABAg,brian williams crotch dt honestly look forward,@mk202,2020-04-22T13:57:29Z,0,
szORuX9KVc4,Ugx8e_Gztf0WMhJBvi94AaABAg,wish obama still president,@donny041280,2020-04-22T01:57:21Z,0,
szORuX9KVc4,UgzG05Lb7M5UNTv9g994AaABAg,islam revealed master muhammad messenger god peace blessings upon mercy worlds america armies killed many muslims injustice injustice orphans widows deserted tents deal century enjoy gods punishment weakest creatures god destroy day day oppressed call responsive know power god rockets tanks weakest creatures god support oppressed east maghreb muslims go back creator krona gone,@bahi0271,2020-04-20T22:46:17Z,0,
szORuX9KVc4,UgyHRQphAtEO6leJko14AaABAg,corona virus prevented listen httpsyoutubeqkrjsucihtc,@NICHOLS-br7qz,2020-04-20T20:57:40Z,0,
szORuX9KVc4,UgzCGu3CVvTtxJ5U1Qx4AaABAg,smithfield way china owned company,@barbaravick5634,2020-04-20T17:07:16Z,0,
szORuX9KVc4,UgzjUfE-VUk1iBL2Qg94AaABAg,hilarious clinton would saved world,@gogoi8091,2020-04-20T03:56:29Z,0,
szORuX9KVc4,UgxK23VJ-wYiYG9NQfB4AaABAg,remember better stay six feet apart six feet,@MartinSmith,2020-04-20T03:33:03Z,0,
szORuX9KVc4,UgwsT0lhj2ZN0dNBLgl4AaABAg,usa proud new member third world counties group,@Firm04,2020-04-19T18:38:56Z,0,
szORuX9KVc4,Ugyejc1y4ZhXK_QJz094AaABAg,whole world lockdown,@jayatissa6028,2020-04-19T16:56:47Z,0,
szORuX9KVc4,UgwRngMNr93iHmK1ebd4AaABAg,ummm sorry potus election year appointments made,@confusiondelusion4569,2020-04-19T14:26:19Z,0,
szORuX9KVc4,UgxCyNmVSAVwx3d9aQJ4AaABAg,jesus christ appeared many times saint faustina told first sunday easter feast divine mercy lifeline opportunity sinners turn receive full forgiveness anyone turns jesus today humble repentance receives abundance grace mercy,@j-pdebeer6747,2020-04-19T13:42:59Z,0,
szORuX9KVc4,UgxlUcVHEtKoHppq65l4AaABAg,trump take walk around hospitals hug infected people theyll appreciate,@sharonlo1958,2020-04-19T09:43:27Z,0,
szORuX9KVc4,Ugyuevv5hieRAlkxrYJ4AaABAg,chinas covid us covid china send carriers usis really natural virus many possibilities fbi must investigate thisprevious us government put people monitor chinas virology lab activity trump dum withdrawn see price people pay,@aletheiachannel4391,2020-04-19T07:59:54Z,0,
szORuX9KVc4,Ugwr7thEjYA_SiyCr3B4AaABAg,felex u crook associates prison crap bring water bridge forget trump regime bring us cult membership may give something hang onto old age like remembering dumb,@tomvalveede6808,2020-04-19T04:00:00Z,1,
szORuX9KVc4,UgyGUIaeJS6WNLrzcmB4AaABAg,know china lying china know lying china know know lying know know know china lying ccp still lying whole world know china lying,@zhoujun614,2020-04-18T20:01:42Z,0,
3x5-AbdB-Bk,UgxWud2D9UIjMnFPY7l4AaABAg,remember lgbtq vacation series met young congressman name bolsannaro ahole even greater one saw woman bangladesh saying water children wash hands wondering would dry shampoo stuff work sending cases stuff orange turd turdees must go,@nazzme6181,2020-04-11T00:21:50Z,0,
3x5-AbdB-Bk,UgzHTslc5F56R3RtfT54AaABAg,oh gosh trump era destroy everything make big buck news soooooooooo surprising anything trump touches destroys true,@sad2379,2020-04-09T13:49:59Z,0,
3x5-AbdB-Bk,UgwasTEdNhVQz0D1Rph4AaABAg,pat comerford seen evidence fish returning canals venice seen sure youre propagating social media bs httpswwwnationalgeographiccomanimalscoronaviruspandemicfakeanimalviralsocialmediaposts,@larrysmac,2020-04-06T19:36:31Z,0,
3x5-AbdB-Bk,Ugwz6kvBUtDcvepIVGZ4AaABAg,see subliminal message seconds,@cavramau,2020-04-01T04:38:07Z,0,
3x5-AbdB-Bk,UgwnqZo8G8ODsiwJ4uF4AaABAg,huh forget appalachia go figure,@tball3198,2020-03-31T17:24:22Z,1,
3x5-AbdB-Bk,UgwndkNrouU2RTFDs_B4AaABAg,wtf chris h outro always appropriate recording ari compute,@MagnusWurzer,2020-03-31T16:59:27Z,0,
3x5-AbdB-Bk,Ugwn-P21l1DOlHL_lE14AaABAg,msnbc ccp mouth piece talk chinas cover news outlet joke,@teerumbott,2020-03-31T11:37:16Z,0,
3x5-AbdB-Bk,Ugx3NYt3QmX_bjAXI154AaABAg,fires floods locusts plaque think need wake save planet,@clacton17,2020-03-31T11:36:00Z,4,
3x5-AbdB-Bk,UgzUyMoYlh5hLHLiXSl4AaABAg,money politics buys,@quinto34,2020-03-31T11:33:04Z,0,
3x5-AbdB-Bk,UgzPi98OjMAabRZGXlV4AaABAg,tiger king completely ignored whole point,@shanthompson5076,2020-03-31T11:31:26Z,3,
3x5-AbdB-Bk,Ugx_sYWkS78QT74k2PZ4AaABAg,seen fish returned canals venice italy since social distancing,@patcomerford-j5g,2020-03-31T10:25:22Z,0,
3x5-AbdB-Bk,Ugysjhbqan0DgNdIO7p4AaABAg,communities north america dont access clean water,@louielovesgrits,2020-03-31T09:40:36Z,1,
3x5-AbdB-Bk,UgyrialVk7OGz6k2VSJ4AaABAg,usa always destroying people disproportionate rich theres numerous americans tossed aside years trump done round brought side detrimental families livelihood heart hurts,@jantruitt9241,2020-03-31T08:11:51Z,0,
3x5-AbdB-Bk,UgyF_Oq08hbsoKWYAEh4AaABAg,omg lot russian trolls trump idiots comment section,@MisaoM,2020-03-31T06:54:22Z,1,
3x5-AbdB-Bk,UgwVG38hlP1lckT0jfV4AaABAg,air pollution intelligence jamaicans need wear n masks httpsmythoughtsontechnologyandjamaicablogspotcomairpollutionandintelligencehtml,@horatiodeer9767,2020-03-31T06:35:58Z,0,
3x5-AbdB-Bk,Ugz5nK_X73fXHh3TeAt4AaABAg,like virus right wing calls people fight clean air water fanatic tree huggers hits town community disappear like cowards consequences ignoring nations health care consequences ignoring environment,@nolimitsamputee5219,2020-03-31T06:25:23Z,1,
3x5-AbdB-Bk,Ugyb8wN3xF-QgrQ61714AaABAg,adore ellen page uses platform well,@KCsFunHouse,2020-03-31T06:13:27Z,1,
KTaMiWm6Mdk,Ugy8g7Ow3XmGvS7Sk5h4AaABAg,ruby gets horrifying sludge cry uhm cries acid,@Cakinto,2024-10-15T01:59:59Z,0,
KTaMiWm6Mdk,Ugze1NLWtYazj2-qDcJ4AaABAg,like obma care trump virus needs become household name pass,@s.e.hebert7307,2020-08-12T06:20:48Z,0,
KTaMiWm6Mdk,UgxI0uuptR9LjcBq1fR4AaABAg,meanwhile virus evolving knows fight life,@mickcostigan8042,2020-07-15T11:21:42Z,0,
KTaMiWm6Mdk,UgzbMqbLy5KvfvtH9iB4AaABAg,oh gee hope legislators okay sound sarcastic enough,@debbie5128,2020-07-13T20:01:29Z,0,
KTaMiWm6Mdk,UgxfhKsARdDY_2G2Nzt4AaABAg,day late dollar short ones tested two weeks exposure ones showing symptoms yet,@tm13tube,2020-07-13T17:19:55Z,0,
KTaMiWm6Mdk,UgxHsZZCc9tDPsCQHdB4AaABAg,sorry sorry ye sow shall ye reap,@ladyjatheist2763,2020-07-13T13:13:39Z,0,
KTaMiWm6Mdk,UgzdjC2wTDKWhaW3tIZ4AaABAg,cant wear mask asthma social distance wash hands regularly,@chrisromero5302,2020-07-13T00:21:36Z,0,
KTaMiWm6Mdk,UgzsgVs1D6jB1nSb65h4AaABAg,wasnt oath im sure doctors would love refuse ventilation anyone refusing masks,@BluefyreSage,2020-07-12T23:57:22Z,0,
KTaMiWm6Mdk,Ugz1rOUlU-J8m8iD0At4AaABAg,younger john conners terminator upon finding car keys visor oh yeah learning yet,@francisdavis1271,2020-07-12T20:36:50Z,0,
KTaMiWm6Mdk,Ugz2mxVQH3v6QJjy3d14AaABAg,good need senators useless people call leaders test positive need gone everyone one gone senate congress useless us care money make people supposed represent,@yabbo5138,2020-07-12T19:07:53Z,0,
KTaMiWm6Mdk,Ugx0OZZdx-iTNAcTY3d4AaABAg,white r evangelicals worship false profit slander maybe im blessed know christian really aint trumpster,@BonerMaroner,2020-07-12T16:19:31Z,0,
KTaMiWm6Mdk,UgwfgP6y_W0Sj3bEJM94AaABAg,story shock covid deniers much jaws hit ground,@RCmack,2020-07-12T16:10:55Z,0,
KTaMiWm6Mdk,UgwJ2TOb9K171QHyIq14AaABAg,youre gonna dumb got tough,@EarlBritt,2020-07-12T16:04:33Z,0,
qlxsHz1YfMA,Ugys8U_GdU8Dp0ubq3J4AaABAg,lord help kids get sick measures nothing stop covid,@SOUTHERNECONOMIST,2020-07-05T17:59:32Z,0,
qlxsHz1YfMA,UgzCWusmgEohxLduTSZ4AaABAg,motherinlaw made conscious decision reopen daycare guidelines fail take account nature children comes play socializing theres matter parents knowingly bring sick child daycare even though know course theres way monitor going outside daycare setting theres chance child may exposed asymptomatic unlicenced daycare operations facilities wont follow guidelines going good,@mrmajestic3588,2020-06-13T17:58:34Z,0,
qlxsHz1YfMA,UgxcPdEDMQxMurQQkn14AaABAg,httpsyoutubeuctago,@jojoc9240,2020-06-13T07:15:32Z,0,
qlxsHz1YfMA,UgzDejobZbxettg9VRR4AaABAg,worked daycare years couldnt imagine working daycare pandemic good daycares already understaffed spending huge amount time cleaning rather teaching kids people think daycare workers glorified babysitters least canada go school work daycare classified teacher learn lesson planning programs kids every age group working daycare extremely hard work extremely paid amount work kids daycare thank kids daycare staff truly love children else must incredibly hard pandemic show love everyday really deserve,@ShyLuna44,2020-06-13T06:12:00Z,0,
qlxsHz1YfMA,UgzDejobZbxettg9VRR4AaABAg.99pqugaAu-o9A0VXc929yn,glad l dont taking care children,@ErikaWelindt-cs6uz,2020-06-17T18:47:22Z,0,UgzDejobZbxettg9VRR4AaABAg
qlxsHz1YfMA,Ugy0MZVn0YH4lT3VfE54AaABAg,lol fake news nbcmsnbc liberal hypocrite reporters return chinese coronavirus panic coverage oh forgot rioting thugs blk protestors pandemic rules dont apply reporting bias joke trump gets conservative democrat vote november face joe biden senile incompetent career politician needs retire biden fit run koolaide stand,@drstone1167,2020-06-12T23:12:34Z,2,
qlxsHz1YfMA,Ugx3m3Bxii9SWUKdHZN4AaABAg,aw really going try killing children,@D11Dozer,2020-06-12T23:10:09Z,1,
qlxsHz1YfMA,UgxxN62HuAQ447JtuvB4AaABAg,scary,@bonita9444,2020-06-12T22:56:59Z,1,
qlxsHz1YfMA,UgxdsI1__a3PLXcZfkR4AaABAg,parental leave min wage reform living wage jobs many solutions taxes could used instead tax cut super rich trickle work lets try trickle change must say tonight riot language unheard america failed hear failed hear promises freedom justice met failed hear large segments white society concerned tranquility status quo justice humanity martin luther king,@FM-kl3iu,2020-06-12T21:37:49Z,0,
qlxsHz1YfMA,UgwQ4An5DZgR0hhzN8J4AaABAg,children little vectors contagion whether head lice common cold children spread things like wildfire avoid like well plague,@janne639,2020-06-12T21:10:57Z,2,
qlxsHz1YfMA,UgxCy5hpn22MUWv01BV4AaABAg,people go old school family members move roof someone stays home babysitter without charge exchange money goes towards rent mortgage everyone supports everyone benefits,@thebastardgift,2020-06-12T20:57:11Z,1,
qlxsHz1YfMA,UgxXH5IKcxfqKrAx_kp4AaABAg.99okn-1QyXy99oo0DUGOwN,must breakfast time country narrative defender shift taking,@DavidM..832,2020-06-12T20:27:26Z,1,UgxXH5IKcxfqKrAx_kp4AaABAg
qlxsHz1YfMA,Ugx8tcvrSorjN3cHL954AaABAg,plandemic another flu facts arent reported msnbs conveniently,@DavidM..832,2020-06-12T19:38:09Z,1,
qlxsHz1YfMA,Ugx8tcvrSorjN3cHL954AaABAg.99oiNEwS2c699olNZNfR7w,uncle ed watch yes knew years ago,@DavidM..832,2020-06-12T20:04:25Z,1,Ugx8tcvrSorjN3cHL954AaABAg
qlxsHz1YfMA,Ugx8tcvrSorjN3cHL954AaABAg.99oiNEwS2c699ookW_QWcn,cyrs saw fake news numbers thanks,@DavidM..832,2020-06-12T20:33:54Z,0,Ugx8tcvrSorjN3cHL954AaABAg
qlxsHz1YfMA,Ugxp6eDMS1h9lJ1QOXh4AaABAg,wont millions die hollywood actors commercials saying stay home unless rioting see planned uptick restrictions coming watch,@DavidM..832,2020-06-12T19:30:34Z,1,
qlxsHz1YfMA,Ugz2LqT6FzMU9MO0i7N4AaABAg,israel one best responses covid despite many frail holocaust survivors one lowest mortality rates per capita parents going mad trying home school tiny apartments schools reopened reopening schools may coincided unexpected heat wave f higher parents complained masks much children stand heat central air conditioning shown spread virus kept israel seeing rise covid cases outbreaks centered schools parents stopped complaining masks strictly enforced late,@deborahfreedman613,2020-06-12T19:22:22Z,0,
qlxsHz1YfMA,Ugw29IWJjZ3TIJisEPt4AaABAg,priorities trump eliminated independent oversight stimulus packages big businesses financial legal problems small businesses got bail money mcconnell blocking unemployment benefits people work pay bills priorities screwed priorities,@PCtransplant,2020-06-12T19:14:35Z,1,
qlxsHz1YfMA,Ugw29IWJjZ3TIJisEPt4AaABAg.99offY6exKB99ogjc6vUwK,get back work liberals posting childish insults whining youtube help economy,@frictionRx9,2020-06-12T19:23:52Z,1,Ugw29IWJjZ3TIJisEPt4AaABAg
qlxsHz1YfMA,Ugw29IWJjZ3TIJisEPt4AaABAg.99offY6exKB99ogrg5_Inh,frictionrx go away ignorant troll,@PCtransplant,2020-06-12T19:24:58Z,0,Ugw29IWJjZ3TIJisEPt4AaABAg
qlxsHz1YfMA,Ugw29IWJjZ3TIJisEPt4AaABAg.99offY6exKB99okNgbKMjY,pctransplant geez narrative defender many times day repeat getting really obvious youre paid ive spotted least always pop saying thing must work msnbs im sure,@DavidM..832,2020-06-12T19:55:41Z,1,Ugw29IWJjZ3TIJisEPt4AaABAg
qlxsHz1YfMA,UgwR81iZzViGIPJybzR4AaABAg,sedate children put drawers go work,@frictionRx9,2020-06-12T19:06:09Z,1,
qlxsHz1YfMA,UgwR81iZzViGIPJybzR4AaABAg.99oehnFALlx99og3s1Xndr,another day salt mine hello,@frictionRx9,2020-06-12T19:18:02Z,0,UgwR81iZzViGIPJybzR4AaABAg
qlxsHz1YfMA,UgwR81iZzViGIPJybzR4AaABAg.99oehnFALlx99oge6s8t96,pray children,@cindeek9960,2020-06-12T19:23:07Z,1,UgwR81iZzViGIPJybzR4AaABAg
qlxsHz1YfMA,UgwR81iZzViGIPJybzR4AaABAg.99oehnFALlx99oh5dUC8s5,frictionrx go away ignorant troll,@PCtransplant,2020-06-12T19:27:01Z,0,UgwR81iZzViGIPJybzR4AaABAg
qlxsHz1YfMA,UgwR81iZzViGIPJybzR4AaABAg.99oehnFALlx99ojV6XaSEr,another day salt mine narrative defenders list responses ai artificial ignorance,@DavidM..832,2020-06-12T19:47:58Z,0,UgwR81iZzViGIPJybzR4AaABAg
qlxsHz1YfMA,UgwR81iZzViGIPJybzR4AaABAg.99oehnFALlx99ojmqds2U8,pctransplant narrative defenders ai really keeping comments today good job,@DavidM..832,2020-06-12T19:50:31Z,0,UgwR81iZzViGIPJybzR4AaABAg
qlxsHz1YfMA,UgzESUKF9PkmfhdIB014AaABAg,forced take children daycare allowed go back work clear,@kricketflyd111,2020-06-12T18:54:38Z,2,
qlxsHz1YfMA,UgwRjVJJ_HEdjSMxdz54AaABAg,forced make change forced make business change nothing like started,@kricketflyd111,2020-06-12T18:52:37Z,0,
qlxsHz1YfMA,Ugy2W8uanYcqAaOiELZ4AaABAg,distancing limiting toys destroy development children,@kricketflyd111,2020-06-12T18:51:03Z,1,
