video_id,channel_id,video_title,channel_title,category_name,live_upcoming_none,view_count,like_count,dislike_count,comment_count,published_at,tags,duration,definition,caption,thumbnail,url
lJcjFGt9eQM,UCXIJgqnII2ZOINSWNOGFThA,coronavirus pandemic questions answered  part ,Fox News,News & Politics,none,186373,2430,0,907,2020-03-16T18:00:09Z,"Fox News Channel,Fox news,News,FNC,outnumbered overtime,harris faulkner,harris faulkner fox news,dr siegel,coronavirus,coronavirus questions,self quarantine,coronavirus news,coronavirus updates,trump,donald trump,president trump,trump coronavirus,trump coronavirus task force,coronavirus task force,health,health crisis,public health crisis,us public health crisis,fox news coronavirus,how to avoid coronavirus,corona virus,response to coronavirus",PT9M49S,hd,True,https://i.ytimg.com/vi/lJcjFGt9eQM/default.jpg,https://www.youtube.com/watch?v=lJcjFGt9eQM
76J7SqZXG1g,UCXIJgqnII2ZOINSWNOGFThA,coronavirus pandemic questions answered  part ,Fox News,News & Politics,none,30984,403,0,123,2020-03-16T18:22:44Z,"Fox News Channel,Fox News,News,FNC,harris faulkner,harris faulkner fox news,outnumbered overtime,coronavirus pandemic,bill hemmer,bill hemmer fox news,coronavirus,corona virus,us coronavirus,coronavirus outbreak,coronavirus in the us,trump,trump coronavirus,pandemic,trump coronavirus task force,coronavirus task force,coronavirus response,us coronavirus response,coronavirus news,coronavirus updates",PT7M42S,hd,True,https://i.ytimg.com/vi/76J7SqZXG1g/default.jpg,https://www.youtube.com/watch?v=76J7SqZXG1g
zwX5z_BvaN4,UCXIJgqnII2ZOINSWNOGFThA,coronavirus pandemic questions answered  part ,Fox News,News & Politics,none,43328,635,0,178,2020-03-16T18:12:18Z,"Fox News Channel,Fox News,News,FNC,outnumbered overtime,harris faulkner,harris faulkner fox news,harris faulkner outnumbered overtime,dr siegel,mark seigel,dr mark seigel fox news,coronavirus,corona virus,us coronavirus,coronavirus outbreak,coronavirus pandemic,coronavirus in the us,trump,trump coronavirus,trump coronavirus task force,coronavirus task force,coronavirus response,us coronavirus response,coronavirus news,coronavirus updates",PT7M33S,hd,True,https://i.ytimg.com/vi/zwX5z_BvaN4/default.jpg,https://www.youtube.com/watch?v=zwX5z_BvaN4
xhpqX1NbusQ,UCXIJgqnII2ZOINSWNOGFThA,coronavirus pandemic questions answered  part ,Fox News,News & Politics,none,39565,499,0,280,2020-03-16T18:25:52Z,"Fox News Channel,Fox News,News,FNC,harris faulkner,harris faulkner fox news,outnumbered overtime,coronavirus,corona virus,us coronavirus,coronavirus outbreak,coronavirus pandemic,coronavirus in the us,trump,trump coronavirus,trump coronavirus task force,coronavirus task force,coronavirus response,us coronavirus response,coronavirus news,coronavirus updates,pandemic",PT5M50S,hd,True,https://i.ytimg.com/vi/xhpqX1NbusQ/default.jpg,https://www.youtube.com/watch?v=xhpqX1NbusQ
0pkwjVhq230,UCXIJgqnII2ZOINSWNOGFThA,coronavirus pandemic questions answered  part ,Fox News,News & Politics,none,45038,416,0,123,2020-03-16T18:18:47Z,"Fox News Channel,Fox News,News,FNC,harris faulkner,harris faulkner fox news,diamond princess,cruise ship,diamond princess passenger,diamond princess cruise ship,coronavirus,corona virus,us coronavirus,coronavirus outbreak,coronavirus pandemic,coronavirus in the us,trump,trump coronavirus,trump coronavirus task force,coronavirus task force,coronavirus response,us coronavirus response,coronavirus news,coronavirus updates,pandemic",PT4M11S,hd,True,https://i.ytimg.com/vi/0pkwjVhq230/default.jpg,https://www.youtube.com/watch?v=0pkwjVhq230
6G_-qe0iMBs,UCXIJgqnII2ZOINSWNOGFThA,coronavirus pandemic questions answered  part ,Fox News,News & Politics,none,41548,394,0,169,2020-03-16T18:24:00Z,"Fox News Channel,Fox News,News,FNC,harris faulkner,harris faulkner fox news,outnumbered overtime,coronavirus,corona virus,us coronavirus,coronavirus outbreak,coronavirus pandemic,coronavirus in the us,trump,trump coronavirus,trump coronavirus task force,coronavirus task force,coronavirus response,us coronavirus response,coronavirus news,coronavirus updates,pandemic",PT4M21S,hd,True,https://i.ytimg.com/vi/6G_-qe0iMBs/default.jpg,https://www.youtube.com/watch?v=6G_-qe0iMBs
6g4LpUAjhN0,UCXIJgqnII2ZOINSWNOGFThA,miami marlins coronavirus outbreak causes mlb to postpone games,Fox News,News & Politics,none,35542,219,0,399,2020-07-27T18:33:53Z,"Fox News Channel,Fox News,News,media,sports,Miami Marlins,Derek Jeter,mlb,miami marlins coronavirus,Coronavirus,Coronavirus treatment,coronavirus bill,public health,public health crisis,covid 19,coronavirus cases,us health,global health,coronavirus pandemic,coronavirus quarantine,social distancing,coronavirus relief bill,coronavirus peak,coronavirus vaccine,vaccines,medical supplies,Marlins Phillies,MLB opener,MLB coronavirus",PT1M31S,hd,False,https://i.ytimg.com/vi/6g4LpUAjhN0/default.jpg,https://www.youtube.com/watch?v=6g4LpUAjhN0
Pevfw17JS6k,UCXIJgqnII2ZOINSWNOGFThA,gutfeld on promising new treatments on the coronavirus,Fox News,News & Politics,none,152542,3261,0,1004,2020-03-23T23:01:39Z,"The Five,The Five Greg Gutfeld,Greg Gutfeld,Gutfeld,Greg Gutfeld Monologue,Gutfeld Monologue,Gutfeld Tonight,Greg Gutfeld Monologue tonight,Greg Gutfeld reacts,juan williams,dana perrino,dagen mcdowell,jesse watters,Greg Gutfeld china,greg gutfeld medicine,coronavirus,the five coronavirus,fnc,fox news,fox news channel,fox news media,fox news network,malaria drug,hydroxychloroquine,coronavirus hydroxychloroquine,covid-19,covid-19 treatment,new york",PT7M45S,hd,True,https://i.ytimg.com/vi/Pevfw17JS6k/default.jpg,https://www.youtube.com/watch?v=Pevfw17JS6k
d1eEWihvwpQ,UCXIJgqnII2ZOINSWNOGFThA,who declares coronavirus outbreak a pandemic,Fox News,News & Politics,none,464904,3656,0,1923,2020-03-11T16:50:56Z,"fox news alert,breaking news,fox,news,fox news channel,corona,corona virus,virus,coronavirus,pandemic,WHO,world health,world health organization,breaking,health,coronavirus pandemic,covid,covid 19,covid19,coronavirus news",PT51S,hd,True,https://i.ytimg.com/vi/d1eEWihvwpQ/default.jpg,https://www.youtube.com/watch?v=d1eEWihvwpQ
byWnECUo1uw,UCXIJgqnII2ZOINSWNOGFThA,dr fauci takes questions from the press around coronavirus procedures,Fox News,News & Politics,none,44067,693,0,197,2020-03-12T21:56:55Z,"Dr. Fauci,ANthony Fauci live,Dr. Fauci Live,Dr Fauci Press conference,dr fauci coronavirus live,coronavirus,coronavirus vaccine,fnc,fox news,fox news channel,fox news network,fox news live,coronavirus press conference live,fox news dr. fauci,fox news coronavirus,coronavirus outbreak,stock market,virus protection",PT5M27S,hd,False,https://i.ytimg.com/vi/byWnECUo1uw/default.jpg,https://www.youtube.com/watch?v=byWnECUo1uw
cQm7T94FuE4,UCXIJgqnII2ZOINSWNOGFThA,study gilead drug remdesivir sped coronavirus recovery time by ,Fox News,News & Politics,none,47375,853,0,462,2020-04-30T20:46:09Z,"health,remdesivir,remdesivir cost per pill,remdesivir cost,siegel,dr. marc siegel,marc siegel,dr. siegel,marc siegel remdesivir,remdesivir coronavirus treatment,coronavirus treatments,gilead,gilead remdesivir,who makes remdesivir,gilead sciences drug coronavirus,fox news,fox news channel,fox news media,fox news network,coronavirus,coronavirus pandemic,covid-19,coronavirus updates,remdesivir trump,bill hemmer,bill hemmer reports,bill hemmer siegel,fnc",PT4M10S,hd,True,https://i.ytimg.com/vi/cQm7T94FuE4/default.jpg,https://www.youtube.com/watch?v=cQm7T94FuE4
vjg3FW7YVFI,UCXIJgqnII2ZOINSWNOGFThA,whos most at risk for coronavirus  psa,Fox News,News & Politics,none,44049,564,0,306,2020-03-24T14:31:25Z,"Fox News Channel,FNC,Fox News,News,Latest News,coronavirus,covid19,covid-19,covid 19,CDC,centers for disease control and prevention,corona virus,public health,infectious disease,coronavirus news,coronavirus symptoms",PT1M1S,hd,False,https://i.ytimg.com/vi/vjg3FW7YVFI/default.jpg,https://www.youtube.com/watch?v=vjg3FW7YVFI
ZVv2R9MbI9s,UCXIJgqnII2ZOINSWNOGFThA,medical experts answer viewers coronavirus questions on fox news  night,Fox News,News & Politics,none,46927,642,0,355,2020-03-19T05:02:23Z,"special,fox news @ night,health,Coronavirus,wuhan coronavirus,wuhan china,Coronavirus treatment,Coronavirus china,coronavirus bill,public health,public health crisis,covid 19,coronavirus cases,us health,global health,coronavirus pandemic,China,Chinese government,coronavirus quarantine,virus,viral disease,diseases,social distancing,white house,Fox News Channel,Fox News",PT9M,hd,True,https://i.ytimg.com/vi/ZVv2R9MbI9s/default.jpg,https://www.youtube.com/watch?v=ZVv2R9MbI9s
XI7cIQ-mY3E,UCXIJgqnII2ZOINSWNOGFThA,gutfeld coronavirus and the war of perspectives,Fox News,News & Politics,none,922398,16177,0,3304,2020-03-15T13:25:00Z,"Fox News Channel,Fox News,News,opinion,The Greg Gutfeld Show,Greg Gutfeld,social distancing,covid 19,US coronavirus,Coronavirus,wuhan coronavirus,Coronavirus treatment,public health,public health crisis,coronavirus cases,coronavirus pandemic,coronavirus quarantine,virus,viral disease,diseases,wuhan china,Coronavirus china,coronavirus bill,us health,global health,China,Chinese government",PT15M39S,hd,True,https://i.ytimg.com/vi/XI7cIQ-mY3E/default.jpg,https://www.youtube.com/watch?v=XI7cIQ-mY3E
-r6mUnerPtc,UCXIJgqnII2ZOINSWNOGFThA,barstool sports founder on making the most of coronavirus quarantine,Fox News,News & Politics,none,75784,1147,0,122,2020-03-26T01:40:39Z,"Dave Portnoy,El Presidente,Barstool Sports,barstool sports founder,dave portnoy barstool sports,barstool sports pizza,dave portnoy pizza,dave portnoy coronavirus,tucker carlson dave portnoy,barstool,portnoy,dave portnoy purple pants,coronavirus,coronavirus pandemic,self isolation,quarantine,fnc,fox news,fox news channel,fox news network,carlson,tucker,tucker carlson,tucker carlson tonight,tucker reacts,tucker tonight,stooly,barstool sports investigates",PT4M2S,hd,True,https://i.ytimg.com/vi/-r6mUnerPtc/default.jpg,https://www.youtube.com/watch?v=-r6mUnerPtc
24eJqiOufNA,UCXIJgqnII2ZOINSWNOGFThA,gutfeld where were the media warnings back when coronavirus pandemic started,Fox News,News & Politics,none,866346,23974,0,4554,2020-05-17T14:30:00Z,"Fox News Channel,Fox News,News,opinion,Greg Gutfeld,The Greg Gutfeld Show,Mainstream media,coronavirus,media coverage,coronavirus coverage,Coronavirus,Coronavirus treatment,Coronavirus china,coronavirus bill,public health,public health crisis,covid 19,coronavirus cases,us health,global health,coronavirus pandemic,coronavirus quarantine,diseases,social distancing,coronavirus relief bill,coronavirus peak,coronavirus vaccine,vaccines,medical supplies",PT13M54S,hd,True,https://i.ytimg.com/vi/24eJqiOufNA/default.jpg,https://www.youtube.com/watch?v=24eJqiOufNA
DUcn_m9FQaY,UCXIJgqnII2ZOINSWNOGFThA,ingraham day  of the national coronavirus shutdown,Fox News,News & Politics,none,216799,4692,0,1875,2020-03-27T04:00:02Z,"coronavirus,coronavirus pandemic,laura ingraham coronavirus,america shutdown,stock market,coronavirus unemployment,unemployed americans,covid-19,coronavirus response,fnc,fox news,fox news channel,fox news media,fox news network,fox news ingraham angle,ingraham,ingraham angle,ingraham angle monologue,ingraham angle tonight,ingraham tonight,laura ingraham,laura ingraham angle,laura ingraham monologue,laura ingraham tonight,thats the angle,the angle",PT7M49S,hd,True,https://i.ytimg.com/vi/DUcn_m9FQaY/default.jpg,https://www.youtube.com/watch?v=DUcn_m9FQaY
1my36mbUFLM,UCXIJgqnII2ZOINSWNOGFThA,the queen addresses the uk on coronavirus,Fox News,News & Politics,none,222500,4661,0,1246,2020-04-05T19:08:24Z,"Fox News Channel,FNC,Fox News,News,Latest News,Top stories,The Queen,Fox News live stream,Queen Elizabeth II,Queen Elizabeth live,Queen Elizabeth address,United Kingdom,Britian,UK,coronavirus UK,Queen Elizabeth coronavirus address,Coronavirus,Coronavirus treatment,public health,public health crisis,covid 19,coronavirus cases,global health,social distancing,virus,coronavirus quarantine,Royal family,Queen Elizabeth UK coronavirus",PT3M35S,hd,False,https://i.ytimg.com/vi/1my36mbUFLM/default.jpg,https://www.youtube.com/watch?v=1my36mbUFLM
ob5_NvJz1io,UCXIJgqnII2ZOINSWNOGFThA,trump to declare national emergency amid coronavirus pandemic,Fox News,News & Politics,none,797042,6991,0,3475,2020-03-13T16:21:58Z,"Trump,President Trump,Donald Trump,Potus,President,White House,White House news,Trump news,us news,breaking news,donald trump,coronavirus update,fox news,fox news channel,coronavirus news,trump coronavirus,corona virus,trump on coronavirus,president trump coronavirus,trump coronavirus speech,covid-19 containment,coronavirus latest news,white house today,john roberts,harris faulkner,fox,news,outnumbered,trump news,trump today",PT3M19S,hd,True,https://i.ytimg.com/vi/ob5_NvJz1io/default.jpg,https://www.youtube.com/watch?v=ob5_NvJz1io
jXHikITwlng,UCXIJgqnII2ZOINSWNOGFThA,bill gates on his  virus warning efforts to fight coronavirus pandemic,Fox News,News & Politics,none,890873,8145,0,12106,2020-04-05T18:50:02Z,"Fox News Channel,Fox News,News,fox news sunday,health,tech,Fox News Sunday,Chris Wallce,Bill Gates,Bill and Melinda Gates,Coronavirus,wuhan coronavirus,wuhan china,Coronavirus treatment,Coronavirus china,coronavirus bill,public health,public health crisis,covid 19,coronavirus cases,us health,global health,coronavirus pandemic,China,Chinese government,coronavirus quarantine,virus,social distancing,white house,coronavirus relief bill",PT12M29S,hd,True,https://i.ytimg.com/vi/jXHikITwlng/default.jpg,https://www.youtube.com/watch?v=jXHikITwlng
DZLQRA5XwPY,UCXIJgqnII2ZOINSWNOGFThA,gun sales skyrocket during coronavirus pandemic,Fox News,News & Politics,none,119740,2206,0,1158,2020-03-18T23:10:00Z,"Gun sales,coronavirus,coronavirus gun sales,gun sale spikes,ammunition sales,coronavirus ammunition sales,coronavirus gun sale spike,safe gun rights,second ammendment,ammunition shortage,William La Jeunesse,fox news coronavirus,fox news coronavirus coverage,looting,marshal law,fnc,fox news,fox news channel,fox news media,fox news network,coronavirus guns,coronavirus outbreak,coronavirus news,pandemic,pandemic fear,coronavirus fear",PT2M3S,hd,True,https://i.ytimg.com/vi/DZLQRA5XwPY/default.jpg,https://www.youtube.com/watch?v=DZLQRA5XwPY
hIpCSt6NUJg,UCXIJgqnII2ZOINSWNOGFThA,ingraham what we still dont know about coronavirus pandemic,Fox News,News & Politics,none,289346,6326,0,1879,2020-03-18T03:40:19Z,"Fox News Channel,Fox News,News,opinion,the ingraham angle,ingraham angle,laura ingraham,ingraham,ingraham monologue,laura ingraham monologue,laura ingraham angle,ingraham the angle,china,china virus,wuhan,wuhan virus,coronavirus,fox news coronavirus,coronavirus pandemic,pandemic,covid-19,covid 19,coronavirus in the us,us coronavirus,coronavirus facts,covid-19 facts,coronavirus testing,coronavirus outbreak,corona virus,coronavirus response",PT8M9S,hd,True,https://i.ytimg.com/vi/hIpCSt6NUJg/default.jpg,https://www.youtube.com/watch?v=hIpCSt6NUJg
rLezK6SQNNk,UCXIJgqnII2ZOINSWNOGFThA,ingraham persistence not politics during the coronavirus crisis,Fox News,News & Politics,none,149161,2958,0,633,2020-03-20T03:30:05Z,"coronavirus,coronavirus outbreak,covid-19,anthony fauci,fox news,fox news channel,fox news media,fox news network,fox news ingraham angle,ingraham,ingraham angle,ingraham angle monologue,ingraham angle tonight,ingraham tonight,laura ingraham,laura ingraham angle,laura ingraham monologue,laura ingraham tonight,thats the angle,the angle,the ingraham angle,trump coronavirus,hydroxychloroquine,chloroquine,hydroxychloroquine coronavirus,coronavirus pandemic",PT6M7S,hd,True,https://i.ytimg.com/vi/rLezK6SQNNk/default.jpg,https://www.youtube.com/watch?v=rLezK6SQNNk
H9N9M9IjXD0,UCXIJgqnII2ZOINSWNOGFThA,klobucher reacts to trumps handling of the coronavirus pandemic,Fox News,News & Politics,none,159490,997,0,4149,2020-10-04T20:00:02Z,"Fox News Channel,Fox News,News,health,politics,Fox News Sunday,Amy Klobuchar,Chris Wallace,Coronavirus,Coronavirus treatment,coronavirus bill,public health,public health crisis,covid 19,coronavirus cases,us health,global health,coronavirus pandemic,coronavirus quarantine,social distancing,coronavirus relief bill,coronavirus peak,coronavirus vaccine,vaccines,medical supplies",PT9M45S,hd,True,https://i.ytimg.com/vi/H9N9M9IjXD0/default.jpg,https://www.youtube.com/watch?v=H9N9M9IjXD0
5GLwsH8EwgA,UCXIJgqnII2ZOINSWNOGFThA,dr phils grim warning about mental health risks amid coronavirus,Fox News,News & Politics,none,819516,13113,0,6113,2020-04-17T03:30:11Z,"Dr. phil,dr phil,dr. phil mcgraw,phil mcgraw,laura ingraham phil mcgraw,laura ingraham dr phil,dr. phil show,mental health,coronavirus mental health,zoom,zoom school,fox news ingraham angle,ingraham,ingraham angle,ingraham angle tonight,laura ingraham,laura ingraham angle,laura ingraham tonight,the ingraham angle,laura ingraham exclusive,fnc,fox news,fox news channel,fox news media,coronavirus,coronavirus pandemic,pandemic",PT9M17S,hd,True,https://i.ytimg.com/vi/5GLwsH8EwgA/default.jpg,https://www.youtube.com/watch?v=5GLwsH8EwgA
Oei9_SRfaSw,UCXIJgqnII2ZOINSWNOGFThA,secretary ben carson on efforts to slow the coronavirus pandemic,Fox News,News & Politics,none,174517,2929,0,1000,2020-03-22T01:26:44Z,"politics,Fox News Channel,Fox News,HUD Secretary,Ben Carson,Trump administration,Coronavirus,wuhan coronavirus,wuhan china,Coronavirus treatment,Coronavirus china,coronavirus bill,public health,public health crisis,covid 19,coronavirus cases,us health,global health,coronavirus pandemic,China,Chinese government,coronavirus quarantine,virus,viral disease,diseases,social distancing,white house,coronavirus relief bill",PT5M33S,hd,True,https://i.ytimg.com/vi/Oei9_SRfaSw/default.jpg,https://www.youtube.com/watch?v=Oei9_SRfaSw
PvktE4u_E8Q,UCXIJgqnII2ZOINSWNOGFThA,gutfeld on the media and democrats on the coronavirus,Fox News,News & Politics,none,274306,7756,0,2082,2020-03-09T21:36:41Z,"The Five,The Five Today,Greg Gutfeld,Greg Gutfeld Monologue,Monologue,Gutfeld Monologue,Gutfeld Coronavirus monologue,Greg Gutfeld reacts to coronavirus,Greg Gutfeld The Five,The Five Greg Gutfeld monologue,Dana perino,juan williams,jesse watters,coronavirus,fox news the five,katie pavlich,fnc,fox news,fox news channel,fox news media,fox news network,coronavirus outbreak,2020 democrats,president trump,trump coronavirus response,jesse watters reacts",PT11M9S,hd,True,https://i.ytimg.com/vi/PvktE4u_E8Q/default.jpg,https://www.youtube.com/watch?v=PvktE4u_E8Q
EZ2TPymcdL4,UCXIJgqnII2ZOINSWNOGFThA,trump says us is on wartime footing in battle against coronavirus pandemic,Fox News,News & Politics,none,212865,2448,0,1466,2020-03-18T22:29:03Z,"President Trump,Donald Trump,Donald Trump coronavirus,coronavirus outbreak,coronavirus,coronavirus pandemic,trump press conference,coronavirus task force,trump coronavirus task force,mike pence,vice president mike pence,pence,trump,john roberts,fnc,fox news,fox news channel,fox news media,fox news network,coronavirus update,pandemic,public health,trump coronavirus,coronavirus us,us coronavirus,stock market news,covid-19 us",PT3M37S,hd,True,https://i.ytimg.com/vi/EZ2TPymcdL4/default.jpg,https://www.youtube.com/watch?v=EZ2TPymcdL4
LmNOVFozyjo,UCXIJgqnII2ZOINSWNOGFThA,how are big cities and large states handling the coronavirus outbreak,Fox News,News & Politics,none,112332,1227,0,437,2020-03-13T03:27:49Z,"politics,fox news @ night,personality,health|infectious_disease,health|infectious_disease|coronavirus,health,politics|state_local,primary_us,health|infectious_disease|outbreaks,personality|shannon_bream,on_air,on_air|fox_news_@night",PT6M28S,hd,True,https://i.ytimg.com/vi/LmNOVFozyjo/default.jpg,https://www.youtube.com/watch?v=LmNOVFozyjo
aSBWlKC7reM,UCXIJgqnII2ZOINSWNOGFThA,hhs sec azar provides an update on the coronavirus outbreak,Fox News,News & Politics,none,84325,1295,0,804,2020-03-09T15:38:11Z,"america's newsroom,health,health news,covid,covid 19,covid19,corona,coronavirus,coronavirus update",PT10M,hd,True,https://i.ytimg.com/vi/aSBWlKC7reM/default.jpg,https://www.youtube.com/watch?v=aSBWlKC7reM
3ebpS88BAwA,UCXIJgqnII2ZOINSWNOGFThA,steve hilton on the longterm consequences of coronavirus,Fox News,News & Politics,none,33011,861,0,308,2020-04-06T13:10:44Z,"Fox News Channel,Fox News,News,opinion,the next revolution,steve hilton,steve hilton monologue,steve hilton fox news,steve hilton the next revolution,steve hilton fox news monologue,coronavirus,us coronavirus,coronavirus relief,coronavirus response,covid-19,us businesses,coronavirus in the us,charlie kirk,charlie kirk fox news,economy,us economy,trump economy,coronavirus pandemic,stock market,coronavirus outbreak,coronavirus news,public health crisis",PT4M6S,hd,True,https://i.ytimg.com/vi/3ebpS88BAwA/default.jpg,https://www.youtube.com/watch?v=3ebpS88BAwA
qTJeHfqP36E,UCXIJgqnII2ZOINSWNOGFThA,pentagon officials hold press briefing on coronavirus,Fox News,News & Politics,none,204939,1491,0,467,2020-03-25T14:04:17Z,"fnc,fox news,fox news channel,fox news media,fox news network,Fox news live,pentagon,pentagon live stream,live stream fox news,pentagon live,coronavirus press conference,coronavirus press conference live,pentagon coronavirus press conference",PT51M42S,hd,False,https://i.ytimg.com/vi/qTJeHfqP36E/default.jpg,https://www.youtube.com/watch?v=qTJeHfqP36E
DXBIQbJbZVw,UCXIJgqnII2ZOINSWNOGFThA,siegel slowing the spread of coronavirus,Fox News,News & Politics,none,46390,1508,0,564,2020-03-30T13:20:14Z,"Fox News Channel,Fox News,News,health,the next revolution,steve hilton,steve hilton the next revolution,marc siegel,marc siegel fox news,public health,public health crisis,us health crisis,coronavirus,coronavirus testing,us coronavirus,covid 19,latest coronavirus news,coronavirus pandemic,quarantine,stop the spread,coronavirus restrictions,coronavirus test,flatten the curve,coronavirus update,coronavirus outbreak,coronavirus news,covid-19 outbreak",PT5M2S,hd,True,https://i.ytimg.com/vi/DXBIQbJbZVw/default.jpg,https://www.youtube.com/watch?v=DXBIQbJbZVw
G6HbxcCb-7g,UCXIJgqnII2ZOINSWNOGFThA,trump declares national emergency over coronavirus,Fox News,News & Politics,none,1870478,21056,0,4561,2020-03-13T20:56:58Z,"Trump,President Trump,Donald Trump,Potus,President,White House,White House news,Trump news,Fox news live,fox news live stream,live stream,fox live,Live updates,live video,Live news,fox live stream,trump remarks,trump remarks live,trump speech,Trump speech live,trump live,trump news,trump today,White House Live,White House Today,White House News,trump press conference,trump news conference,coronavirus,trump coronavirus,bolsonaro",PT1H12M37S,hd,False,https://i.ytimg.com/vi/G6HbxcCb-7g/default.jpg,https://www.youtube.com/watch?v=G6HbxcCb-7g
_FUiPbzoGSQ,UCXIJgqnII2ZOINSWNOGFThA,ben carson on coronavirus pandemic we cant operate out of hysteria,Fox News,News & Politics,none,247544,4971,0,1469,2020-04-10T00:14:46Z,"health,ben carson,ben carson HUD,carson,Ben Carson fox news,HUD secretary,ben carsn coronavirus,coronavirus economy,american economy,americans woried about economy,health disparities,minority health disparities,coronavirus models,the story,the story martha maccallum,martha maccallum,maccallum,ben carson maccallum,coronavirus,coronavirus outbreak,coronavirus pandemic,covid-19,fox news,fox news channel,fox news media,fox news network,covid-19 pandemic",PT6M36S,hd,True,https://i.ytimg.com/vi/_FUiPbzoGSQ/default.jpg,https://www.youtube.com/watch?v=_FUiPbzoGSQ
-r_C-QsWEak,UCXIJgqnII2ZOINSWNOGFThA,fauci redfield testify before house on coronavirus crisis,Fox News,News & Politics,none,165384,1309,0,606,2020-07-31T17:40:32Z,"Fox News,Fox News Channel,Fox News Channel Live,Fox News Live,House eharing,fox news house hearing,fox news house coronavirus hearing,dr. fauci live,fauci testify,anthony fauci,dr. anthony fauci,fox news fauci testify live,robert redfield,fox news robert redfield live,House Select Subcommittee on the Coronavirus Crisis,live,live stream,fox news house democrats,fox news house republicans",PT3H47M54S,hd,True,https://i.ytimg.com/vi/-r_C-QsWEak/default.jpg,https://www.youtube.com/watch?v=-r_C-QsWEak
EjQ2Go1z7xw,UCXIJgqnII2ZOINSWNOGFThA,graham on stopping coronavirus were going to bomb the hell out of it,Fox News,News & Politics,none,109076,2105,0,702,2020-03-20T03:00:04Z,"Politico,Lindsey Graham,Senator Lindsey Graham,Lindsey Graham coronavirus bill,EB-5 visa,coronavirus outbreak,coronavirus update,coronavirus news,white house,coronavirus symptoms,national emergency,coronavirus pandemic,graham,eb-5 visa program,coronavirus bill,hannity,sean hannity,sean hannity show,hannity graham,lindsey graham president trump,fnc,fox news,fox news channel,fox news media,fox news network",PT4M46S,hd,True,https://i.ytimg.com/vi/EjQ2Go1z7xw/default.jpg,https://www.youtube.com/watch?v=EjQ2Go1z7xw
dN-xosv9pOk,UCXIJgqnII2ZOINSWNOGFThA,dr fauci on hopeful medical advances current coronavirus response,Fox News,News & Politics,none,307046,3097,0,1255,2020-03-20T20:05:20Z,"Anthony Fauci,Dr. Fauci,Dr. Anthony Fauci,Cronavirus response,coronavirus outbreak,bill hemmer reports,bill hemmer,bill hemmer fox news,pandemic,coronavirus pandemic,italy coronavirus,china coronavirus,nursing homes,health,US news,fnc,fox news,fox news channel,fox news media,fox news network,coronavirus update,coronavirus news,covid 19,corona virus,public health,dr anthony fauci,global shut down,california,shelter in place",PT10M29S,hd,True,https://i.ytimg.com/vi/dN-xosv9pOk/default.jpg,https://www.youtube.com/watch?v=dN-xosv9pOk
ebH3NDpXoVs,UCXIJgqnII2ZOINSWNOGFThA,religious leaders emphasize importance of faith during coronavirus pandemic,Fox News,News & Politics,none,21232,413,0,383,2020-04-12T15:48:04Z,"health,faith,easter sunday,easter,easter service,easter resurrection,rabbi,priest,priest and rabbi,faith during coronavirus,coronavirus easter,father dave dwyer,dave dwyer,rabbi evan moffic,evan moffic,coronavirus religious services,religious freedom,coronavirus,coronavirus outbreak,coronavirus pandemic,coronavirus presser,coronavirus updates,covid-19,covid-19 pandemic,outbreak,pandemic,fnc,fox news,fox news channel,fox news media,fox news network",PT11M9S,hd,True,https://i.ytimg.com/vi/ebH3NDpXoVs/default.jpg,https://www.youtube.com/watch?v=ebH3NDpXoVs
h25aDe9Lvgs,UCXIJgqnII2ZOINSWNOGFThA,what happens if the homeless population gets infected with coronavirus,Fox News,News & Politics,none,406680,9120,0,2821,2020-03-14T01:36:18Z,"health,homeless crisis,tuker carlson,tucker,carlson,tucker tonight,tucker carlson tonight,jason rantz,homelessness,homeless,coronavirus,coronavirus homeless crisis,california homeless crisis,california homeless coronavirus,homeless camp,covid-19,coronavirus test kits,state of emergency,pandemic,coronavirus pandemic,fnc,fox news,fox news channel,fox news media,fox news network,coronavirus symptoms,coronavirus news,coronavirus outbreak",PT3M,hd,True,https://i.ytimg.com/vi/h25aDe9Lvgs/default.jpg,https://www.youtube.com/watch?v=h25aDe9Lvgs
2gBEJOZANDA,UCXIJgqnII2ZOINSWNOGFThA,growing concerns over coronavirus,Fox News,News & Politics,none,105518,2647,0,894,2020-03-23T13:10:00Z,"Fox News Channel,Fox News,News,the next revolution,steve hilton,steve hilton the next revolution,steve hilton fox news,charlie kirk,charlie kirk fox news,lisa boothe,lisa boothe fox news,sara carter,sara carter fox news,economy,us economy,trump economy,coronavirus,quarantine,coronavirus quarantine,self isolation,public health,public health crisis,coronavirus outbreak,us coronavirus,flatten the curve,donald trump,president trump,trump coronavirus",PT3M13S,hd,True,https://i.ytimg.com/vi/2gBEJOZANDA/default.jpg,https://www.youtube.com/watch?v=2gBEJOZANDA
EE1iX5HKELA,UCXIJgqnII2ZOINSWNOGFThA,nunes on chinas efforts to shift the narrative on coronavirus pandemic,Fox News,News & Politics,none,280291,3178,0,1879,2020-03-19T03:51:18Z,"politics,fox news @ night,Fox News Channel,Coronavirus,wuhan coronavirus,wuhan china,Coronavirus treatment,Coronavirus china,white house",PT7M35S,hd,True,https://i.ytimg.com/vi/EE1iX5HKELA/default.jpg,https://www.youtube.com/watch?v=EE1iX5HKELA
fVpbMvz2auY,UCXIJgqnII2ZOINSWNOGFThA,trump delivers message to americas children during coronavirus pandemic,Fox News,News & Politics,none,217942,3236,0,1323,2020-03-27T23:13:52Z,"school,children,coronavirus school closures,trump,president trump,the press,press briefing,coronavirus,coronavirus outbreak,coronavirus pandemic,coronavirus presser,coronavirus task force,coronavirus updates,coronavirus white house press conference live,covid-19,covid-19 pandemic,outbreak,pandemic,trump coronavirus,trump coronavirus task force,fnc,fox news,fox news channel,fox news media,fox news network,education coronavirus",PT2M45S,hd,True,https://i.ytimg.com/vi/fVpbMvz2auY/default.jpg,https://www.youtube.com/watch?v=fVpbMvz2auY
SZpNe53WFEc,UCXIJgqnII2ZOINSWNOGFThA,former medical director of the peace corps hails us response to coronavirus pandemic,Fox News,News & Politics,none,64169,955,0,404,2020-03-17T03:59:44Z,"special,fox news @ night,health,Fox News Channel,Fox News,Coronavirus,wuhan coronavirus,wuhan china,Coronavirus treatment,Coronavirus china,coronavirus bill,public health,public health crisis,covid 19,coronavirus cases,us health,global health,coronavirus pandemic,China,coronavirus quarantine,virus,diseases,Chinese government,viral disease",PT4M16S,hd,True,https://i.ytimg.com/vi/SZpNe53WFEc/default.jpg,https://www.youtube.com/watch?v=SZpNe53WFEc
9LBUutWsfBc,UCXIJgqnII2ZOINSWNOGFThA,traveling amid the coronavirus outbreak what you need to know,Fox News,News & Politics,none,16978,222,0,125,2020-03-09T17:58:00Z,"health,coronavirus,virus,coronavirus update,travel,travel info,travel during coronavirus,fox news,fox news channel,travelling,fox,news",PT2M14S,hd,False,https://i.ytimg.com/vi/9LBUutWsfBc/default.jpg,https://www.youtube.com/watch?v=9LBUutWsfBc
xtW8F1Y3mAw,UCXIJgqnII2ZOINSWNOGFThA,fda approves rapid coronavirus test,Fox News,News & Politics,none,114326,1952,0,563,2020-03-28T19:48:30Z,"rapid test,fda approval,fda coronavirus,America's news HQ,fox news america's news HQ,fox news coronavirus,coronavirus,coronavirus outbreak,coronavirus pandemic,coronavirus task force,coronavirus updates,covid-19,covid-19 pandemic,outbreak,pandemic,fnc,fox news,fox news channel,fox news media,fox news network,coronavirus test,point of care,coronavirus news today,coronavirus news update,us news today,fda regulations,fda coronavirus regulations",PT1M30S,hd,True,https://i.ytimg.com/vi/xtW8F1Y3mAw/default.jpg,https://www.youtube.com/watch?v=xtW8F1Y3mAw
WYlwQeE06og,UCXIJgqnII2ZOINSWNOGFThA,moderna claims  effective coronavirus vaccine,Fox News,News & Politics,none,28953,401,0,604,2020-11-16T16:28:42Z,"Fox News Channel,Fox News,News,azar,alex azar,azar fox news,alex azar fox news,moderna,moderna vaccine,moderna coronavirus,moderna coronavirus vaccine,moderna covid-19,moderna covid-19 vaccine,pfizer,pfizer vaccine,vaccine,vaccine development,coronavirus,coronavirus vaccine,coronavirus vaccine development,new york,new york coronavirus,coronavirus restrictions,lockdown,coronavirus lockdown",PT5M28S,hd,True,https://i.ytimg.com/vi/WYlwQeE06og/default.jpg,https://www.youtube.com/watch?v=WYlwQeE06og
Z5cG6m0fYXY,UCXIJgqnII2ZOINSWNOGFThA,white house coronavirus task force member peter navarro on federal governments response to covid,Fox News,News & Politics,none,75214,1200,0,471,2020-03-22T01:19:16Z,"politics,Fox News Channel,Fox News,Judge Jeanine,Coronavirus,wuhan coronavirus,wuhan china,Coronavirus treatment,covid 19,us health,global health,coronavirus pandemic,China,Chinese government,coronavirus quarantine,viral disease,diseases,white house,coronavirus relief bill,Coronavirus china,coronavirus bill,public health,public health crisis,coronavirus cases,virus,social distancing,Peter Navarro,White House Trade Adviser",PT6M5S,hd,True,https://i.ytimg.com/vi/Z5cG6m0fYXY/default.jpg,https://www.youtube.com/watch?v=Z5cG6m0fYXY
felnRnj_zZ8,UCXIJgqnII2ZOINSWNOGFThA,gutfeld on limiting coronavirus lawsuits,Fox News,News & Politics,none,218826,4288,0,899,2020-04-29T22:55:41Z,"The FIve,Greg Gutfeld,Gutfeld,Gutfeld monologue,gutfeld tonight,greg gutfeld monologue,The Five greg gutfeld,Fox News The Five,The Five Gutfeld Monologue,The Five monologue,litigation,coronavirus lawsuits,tort reform,mitch mcconnell tort reform,lawsuits,juan williams,dana perino,jesse watters,kennedy,fnc,fox news,fox news channel,fox news media,fox news network,coronavirus pandemic,coronavirus quarantine,public health,chinese government,coronavirus",PT7M18S,hd,True,https://i.ytimg.com/vi/felnRnj_zZ8/default.jpg,https://www.youtube.com/watch?v=felnRnj_zZ8
T3mVLmebO3M,UCXIJgqnII2ZOINSWNOGFThA,schumer holds a press conference amid coronavirus outbreak,Fox News,News & Politics,none,54028,243,0,1073,2020-03-11T16:17:21Z,,PT34M15S,hd,False,https://i.ytimg.com/vi/T3mVLmebO3M/default.jpg,https://www.youtube.com/watch?v=T3mVLmebO3M
ArFQdvF8vDE,UC16niRr50-MSBwiO3YDb3RA,coronavirus explained in  seconds  bbc news,BBC News,News & Politics,none,582417,2665,0,306,2020-03-19T12:27:10Z,"bbc,bbc news,news,China coronavirus,coronavirus,coronavirus news,coronavirus symptoms,coronavirus latest,coronavirus cases,coronavirus deaths,corona virus,corona virus news,corona virus latest,china news,chinese news,world TV,BBC World,world news,covid 19,covid-19,Coronavirus Explained,corona virus US,corona Virus trump,donald trump,president trump,corona",PT1M23S,hd,False,https://i.ytimg.com/vi/ArFQdvF8vDE/default.jpg,https://www.youtube.com/watch?v=ArFQdvF8vDE
mmSJQul260g,UC16niRr50-MSBwiO3YDb3RA,coronavirus what is a pandemic and why use the term now   bbc news,BBC News,News & Politics,none,420271,3142,0,852,2020-03-12T07:26:11Z,"bbc,bbc news,news,China coronavirus,coronavirus,coronavirus news,coronavirus symptoms,coronavirus latest,coronavirus cases,coronavirus deaths,corona virus,corona virus news,corona virus latest,china news,chinese news,world TV,BBC World,world news,covid 19,covid-19,Coronavirus Explained",PT7M45S,hd,False,https://i.ytimg.com/vi/mmSJQul260g/default.jpg,https://www.youtube.com/watch?v=mmSJQul260g
jW1n-rq5GBk,UC16niRr50-MSBwiO3YDb3RA,coronavirus what are the symptoms  bbc news,BBC News,News & Politics,none,579434,3526,0,528,2020-04-03T08:33:17Z,"bbc,bbc news,news,coronavirus,covid-19,symptoms,Laura Foster,health",PT1M39S,hd,False,https://i.ytimg.com/vi/jW1n-rq5GBk/default.jpg,https://www.youtube.com/watch?v=jW1n-rq5GBk
tSCWs85mye8,UC16niRr50-MSBwiO3YDb3RA,coronavirus the impact of covid on women  bbc news,BBC News,News & Politics,none,21875,244,0,109,2020-06-25T10:05:25Z,"bbc,bbc news,news",PT4M51S,hd,False,https://i.ytimg.com/vi/tSCWs85mye8/default.jpg,https://www.youtube.com/watch?v=tSCWs85mye8
zZ4BUc_64vs,UC16niRr50-MSBwiO3YDb3RA,coronavirus false claims by politicians debunked  bbc news,BBC News,News & Politics,none,141769,1572,0,640,2020-04-16T14:03:01Z,"bbc,bbc news,news,coronavirus,covid-19,pandemic,health,Reality Check,Chris Morris,World news",PT3M25S,hd,False,https://i.ytimg.com/vi/zZ4BUc_64vs/default.jpg,https://www.youtube.com/watch?v=zZ4BUc_64vs
ccbqTCazG3Y,UC16niRr50-MSBwiO3YDb3RA,coronavirus vaccine what are human challenge trials  bbc news,BBC News,News & Politics,none,84310,562,0,1002,2020-08-23T11:16:20Z,"bbc,bbc news,news",PT1M15S,hd,False,https://i.ytimg.com/vi/ccbqTCazG3Y/default.jpg,https://www.youtube.com/watch?v=ccbqTCazG3Y
6wDEuVl1TZo,UC16niRr50-MSBwiO3YDb3RA,coronavirus explained what is coronavirus  bbc news,BBC News,News & Politics,none,342166,2333,0,477,2020-03-06T11:20:52Z,"bbc,bbc news,news,China coronavirus,coronavirus,coronavirus news,coronavirus symptoms,coronavirus latest,coronavirus cases,coronavirus deaths,corona virus,corona virus news,corona virus latest,china news,chinese news,world TV,BBC World,world news,covid 19,covid-19,Coronavirus Explained",PT5M4S,hd,False,https://i.ytimg.com/vi/6wDEuVl1TZo/default.jpg,https://www.youtube.com/watch?v=6wDEuVl1TZo
j-9CgwB6mus,UC16niRr50-MSBwiO3YDb3RA,how to shop safely in a coronavirus pandemic  bbc news,BBC News,News & Politics,none,39021,363,0,109,2020-05-27T10:35:10Z,"bbc,bbc news,news,coronavirus,covid-19,shopping,retail,pandemic,health",PT59S,hd,False,https://i.ytimg.com/vi/j-9CgwB6mus/default.jpg,https://www.youtube.com/watch?v=j-9CgwB6mus
gtf9j06EOvo,UC16niRr50-MSBwiO3YDb3RA,coronavirus nations heading in wrong direction with covid says who  bbc news,BBC News,News & Politics,none,111948,814,0,756,2020-07-14T11:19:56Z,"bbc,bbc news,news",PT9M40S,hd,False,https://i.ytimg.com/vi/gtf9j06EOvo/default.jpg,https://www.youtube.com/watch?v=gtf9j06EOvo
6CajGH3Q5RU,UC16niRr50-MSBwiO3YDb3RA,coronavirus pregnancy during a pandemic is terrifying  bbc news,BBC News,News & Politics,none,34364,513,0,0,2020-04-07T10:15:44Z,"bbc,bbc news,news,coronavirus,covid-19,United states,pregnancy,birth,health,pandemic",PT3M55S,hd,False,https://i.ytimg.com/vi/6CajGH3Q5RU/default.jpg,https://www.youtube.com/watch?v=6CajGH3Q5RU
6P7zkVLbxWc,UC16niRr50-MSBwiO3YDb3RA,coronavirus what happens in an intensive care unit  bbc news,BBC News,News & Politics,none,908209,3498,0,0,2020-04-08T14:40:35Z,"bbc,bbc news,news,coronavirus,covid-19,health,pandemic",PT1M25S,hd,False,https://i.ytimg.com/vi/6P7zkVLbxWc/default.jpg,https://www.youtube.com/watch?v=6P7zkVLbxWc
2F3KHb_1bkw,UC16niRr50-MSBwiO3YDb3RA,coronavirus more myths to ignore  bbc news,BBC News,News & Politics,none,277568,2363,0,447,2020-03-23T16:53:11Z,"bbc,bbc news,news",PT2M17S,hd,False,https://i.ytimg.com/vi/2F3KHb_1bkw/default.jpg,https://www.youtube.com/watch?v=2F3KHb_1bkw
hHcY4Vw532Y,UC16niRr50-MSBwiO3YDb3RA,excess deaths how many are dying from coronavirus  bbc news,BBC News,News & Politics,none,187047,1153,0,551,2020-06-19T09:49:02Z,"bbc,bbc news,news",PT7M32S,hd,False,https://i.ytimg.com/vi/hHcY4Vw532Y/default.jpg,https://www.youtube.com/watch?v=hHcY4Vw532Y
A2kiXc5XEdU,UC16niRr50-MSBwiO3YDb3RA,how do i know if i have coronavirus  bbc news,BBC News,News & Politics,none,1139524,9427,0,1055,2020-03-21T10:10:19Z,"bbc,bbc news,news,China coronavirus,coronavirus,coronavirus news,coronavirus symptoms,coronavirus latest,coronavirus cases,coronavirus deaths,corona virus,corona virus news,corona virus latest,china news,chinese news,world TV,BBC World,world news,covid 19,covid-19,Coronavirus Explained,corona virus US,corona Virus trump,donald trump,president trump,corona",PT1M35S,hd,False,https://i.ytimg.com/vi/A2kiXc5XEdU/default.jpg,https://www.youtube.com/watch?v=A2kiXc5XEdU
v5fRX5V7mgE,UC16niRr50-MSBwiO3YDb3RA,coronavirus can children catch and pass on coronavirus  bbc news,BBC News,News & Politics,none,26206,260,0,0,2020-05-25T11:18:48Z,"bbc,bbc news,news,coronavirus,covid-19,pandemic,health,children,families",PT1M23S,hd,False,https://i.ytimg.com/vi/v5fRX5V7mgE/default.jpg,https://www.youtube.com/watch?v=v5fRX5V7mgE
kdUf0DhY6Ow,UC16niRr50-MSBwiO3YDb3RA,how has coronavirus changed how doctors deal with death  bbc news,BBC News,News & Politics,none,24555,330,0,187,2020-06-17T11:43:13Z,"bbc,bbc news,news,coronavirus,covid-19,death,care,health,pandemic,nurses,doctors,palliative care",PT5M9S,hd,False,https://i.ytimg.com/vi/kdUf0DhY6Ow/default.jpg,https://www.youtube.com/watch?v=kdUf0DhY6Ow
3AgxeIVrH24,UC16niRr50-MSBwiO3YDb3RA,coronavirus v influenza how do the two viruses compare  bbc news,BBC News,News & Politics,none,407146,3166,0,975,2020-03-04T07:43:00Z,"bbc,bbc news,news",PT4M32S,hd,False,https://i.ytimg.com/vi/3AgxeIVrH24/default.jpg,https://www.youtube.com/watch?v=3AgxeIVrH24
PmdBxIWQcKE,UC16niRr50-MSBwiO3YDb3RA,coronavirus major drugs trial offers hopes for treatment  bbc news,BBC News,News & Politics,none,79210,1069,0,376,2020-04-29T22:19:31Z,"bbc,bbc news,news,coronavirus,virus,treatment,drugs,trial,medicines,volunteers,vaccine,Addenbrooke’s,Cambridge,Fergus Walsh,Medical,Correspondent,Huw Edwards,hospitals,results,doctors,therapy,research,HiV,malaria,inflammation,immune,Oxford,patients,Covid-19,pandemic,experimental,trials,antiviral,Ebola,symptoms",PT5M10S,hd,False,https://i.ytimg.com/vi/PmdBxIWQcKE/default.jpg,https://www.youtube.com/watch?v=PmdBxIWQcKE
2JVhN0ahwrQ,UC16niRr50-MSBwiO3YDb3RA,coronavirus tracking new outbreaks in the sewers  bbc news,BBC News,News & Politics,none,162368,1389,0,680,2020-08-01T12:43:09Z,"bbc,bbc news,news",PT1M58S,hd,False,https://i.ytimg.com/vi/2JVhN0ahwrQ/default.jpg,https://www.youtube.com/watch?v=2JVhN0ahwrQ
zERY6MSjRkI,UC16niRr50-MSBwiO3YDb3RA,coronavirus protein treatment trial a breakthrough  bbc news,BBC News,News & Politics,none,91813,1505,0,458,2020-07-20T12:18:15Z,"bbc,bbc news,news",PT4M8S,hd,False,https://i.ytimg.com/vi/zERY6MSjRkI/default.jpg,https://www.youtube.com/watch?v=zERY6MSjRkI
WE9gvJ8ou7g,UC16niRr50-MSBwiO3YDb3RA,coronavirus immunity explained  bbc news,BBC News,News & Politics,none,98803,1558,0,494,2020-07-08T12:53:19Z,"bbc,bbc news,news,coronavirus,covid-19,health,pandemic,immunity,lockdown,reality check",PT3M30S,hd,False,https://i.ytimg.com/vi/WE9gvJ8ou7g/default.jpg,https://www.youtube.com/watch?v=WE9gvJ8ou7g
STgRHkB-vx4,UC16niRr50-MSBwiO3YDb3RA,coronavirus explained how do i protect myself  bbc news,BBC News,News & Politics,none,127759,1495,0,231,2020-03-06T11:18:16Z,"bbc,bbc news,news,China coronavirus,coronavirus,coronavirus news,coronavirus symptoms,coronavirus latest,coronavirus cases,coronavirus deaths,corona virus,corona virus news,corona virus latest,china news,chinese news,world TV,BBC World,world news,covid 19,covid-19,Coronavirus Explained",PT9M45S,hd,False,https://i.ytimg.com/vi/STgRHkB-vx4/default.jpg,https://www.youtube.com/watch?v=STgRHkB-vx4
r5yw9S3X7m4,UC16niRr50-MSBwiO3YDb3RA,scientists search for coronavirus vaccine  bbc news,BBC News,News & Politics,none,356054,3139,0,1115,2020-01-27T14:59:42Z,"bbc,bbc news,news,coronavirus,coronavirus vaccine",PT3M48S,hd,False,https://i.ytimg.com/vi/r5yw9S3X7m4/default.jpg,https://www.youtube.com/watch?v=r5yw9S3X7m4
Fihj2_qSDhU,UC16niRr50-MSBwiO3YDb3RA,coronavirus infections worldwide top  million  bbc news,BBC News,News & Politics,none,47085,391,0,231,2020-06-30T11:23:42Z,"bbc,bbc news,news",PT12M24S,hd,False,https://i.ytimg.com/vi/Fihj2_qSDhU/default.jpg,https://www.youtube.com/watch?v=Fihj2_qSDhU
_f4VKQ21sNw,UC16niRr50-MSBwiO3YDb3RA,coronavirus treatment breakthrough will save thousands of lives  bbc news,BBC News,News & Politics,none,237244,3386,0,1063,2020-06-16T21:17:57Z,"bbc,bbc news,news,coronavirus,virus,drug,treatment,medicine,breakthrough,steroid,Dexamethasone,Oxford,University,scientists,medical,researchers,deaths,Covid,Covid-19,oxygen,ventilator,ill,sick,risk,patients,Huw Edwards,Fergus Walsh,correspondent",PT5M6S,hd,False,https://i.ytimg.com/vi/_f4VKQ21sNw/default.jpg,https://www.youtube.com/watch?v=_f4VKQ21sNw
1UtPZxGRZ5k,UC16niRr50-MSBwiO3YDb3RA,coronavirus health claims debunked  bbc news,BBC News,News & Politics,none,113394,1541,0,1099,2020-04-23T14:17:24Z,"bbc,bbc news,news,coronavirus,covid-19,pandemic,health,reality check,5G,Chris Morris",PT2M41S,hd,False,https://i.ytimg.com/vi/1UtPZxGRZ5k/default.jpg,https://www.youtube.com/watch?v=1UtPZxGRZ5k
hCyqI9sIwVU,UC16niRr50-MSBwiO3YDb3RA,coronavirus why do i need to be tested  bbc news,BBC News,News & Politics,none,22329,318,0,231,2020-05-07T09:07:51Z,"bbc,bbc news,news,coronavirus,covid-19,pandemic,health,testing,test,Reality Check,Chris Morris",PT2M36S,hd,False,https://i.ytimg.com/vi/hCyqI9sIwVU/default.jpg,https://www.youtube.com/watch?v=hCyqI9sIwVU
alo1kLQXaf4,UC16niRr50-MSBwiO3YDb3RA,coronavirus more health myths to ignore  bbc news,BBC News,News & Politics,none,356978,2996,0,682,2020-04-02T15:11:04Z,"bbc,bbc news,news,coronavirus,covid-19,health,pandemic",PT2M1S,hd,False,https://i.ytimg.com/vi/alo1kLQXaf4/default.jpg,https://www.youtube.com/watch?v=alo1kLQXaf4
zoZlDUsdtAg,UC16niRr50-MSBwiO3YDb3RA,could challenge trials speed coronavirus vaccine development  bbc news,BBC News,News & Politics,none,74504,557,0,800,2020-08-21T22:01:34Z,"bbc,bbc news,news,fergus walsh,coronavirus,vaccine,pandemic",PT3M26S,hd,False,https://i.ytimg.com/vi/zoZlDUsdtAg/default.jpg,https://www.youtube.com/watch?v=zoZlDUsdtAg
HTAMZI0CVss,UC16niRr50-MSBwiO3YDb3RA,coronavirus should we be vaccinating children  bbc newsnight,BBC News,News & Politics,none,33787,513,0,463,2021-04-21T23:09:06Z,"bbc,bbc news,news,coronavirus,covid,vaccines,covid vaccines,children vaccines,israel covid,bbc newsnight,newsnight covid,deb cohen,bbc news coronavirus,pfizer,astra zeneca,moderna,flu vaccine,covid third wave,uk covid strategy,israel covid strategy,israel vaccination strategy,benjamin netanyahu",PT6M48S,hd,False,https://i.ytimg.com/vi/HTAMZI0CVss/default.jpg,https://www.youtube.com/watch?v=HTAMZI0CVss
bYQjssb7xdk,UC16niRr50-MSBwiO3YDb3RA,coronavirus what is social distancing  bbc news,BBC News,News & Politics,none,183809,1241,0,327,2020-03-24T09:44:17Z,"bbc,bbc news,news",PT1M23S,hd,False,https://i.ytimg.com/vi/bYQjssb7xdk/default.jpg,https://www.youtube.com/watch?v=bYQjssb7xdk
6MBVHWFpiEo,UC16niRr50-MSBwiO3YDb3RA,coronavirus why are people experiencing more vivid dreams  bbc news,BBC News,News & Politics,none,139046,1547,0,895,2020-04-08T08:33:41Z,"bbc,bbc news,news",PT3M22S,hd,False,https://i.ytimg.com/vi/6MBVHWFpiEo/default.jpg,https://www.youtube.com/watch?v=6MBVHWFpiEo
lHVNvFX8Bfg,UC16niRr50-MSBwiO3YDb3RA,coronavirus when can i get the covid vaccine  bbc news,BBC News,News & Politics,none,142941,1091,0,1686,2020-11-27T10:33:17Z,"bbc,bbc news,news",PT4M18S,hd,False,https://i.ytimg.com/vi/lHVNvFX8Bfg/default.jpg,https://www.youtube.com/watch?v=lHVNvFX8Bfg
UZ2YVvXL7Hk,UC16niRr50-MSBwiO3YDb3RA,coronavirus why are there outbreaks in meat processing plants  bbc news,BBC News,News & Politics,none,71301,603,0,435,2020-06-23T10:06:44Z,"bbc,bbc news,news",PT8M53S,hd,False,https://i.ytimg.com/vi/UZ2YVvXL7Hk/default.jpg,https://www.youtube.com/watch?v=UZ2YVvXL7Hk
mYsoH7Fiqbw,UC16niRr50-MSBwiO3YDb3RA,coronavirus tips to stop the spread of misinformation  bbc news,BBC News,News & Politics,none,56393,642,0,406,2020-04-01T14:08:37Z,"bbc,bbc news,news,coronavirus,covid-19,social media,online news,Zeinab Badawi",PT3M51S,hd,False,https://i.ytimg.com/vi/mYsoH7Fiqbw/default.jpg,https://www.youtube.com/watch?v=mYsoH7Fiqbw
OjgN_acftWU,UC16niRr50-MSBwiO3YDb3RA,coronavirus thanking healthcare workers worldwide  bbc news,BBC News,News & Politics,none,36617,433,0,180,2020-05-05T13:05:15Z,"bbc,bbc news,news,coronavirus,covid-19,health,healthcare workers,pandemic",PT2M26S,hd,False,https://i.ytimg.com/vi/OjgN_acftWU/default.jpg,https://www.youtube.com/watch?v=OjgN_acftWU
aQHn2h-B594,UC16niRr50-MSBwiO3YDb3RA,a cold flu or coronavirus  which one do i have  bbc news,BBC News,News & Politics,none,96800,925,0,495,2020-09-17T11:49:24Z,"bbc,bbc news,news",PT1M52S,hd,False,https://i.ytimg.com/vi/aQHn2h-B594/default.jpg,https://www.youtube.com/watch?v=aQHn2h-B594
YK_gq3PC7TE,UC16niRr50-MSBwiO3YDb3RA,coronavirus disease named covid  bbc news,BBC News,News & Politics,none,913483,6964,0,2483,2020-02-12T07:17:42Z,"bbc,bbc news,news",PT9M38S,hd,False,https://i.ytimg.com/vi/YK_gq3PC7TE/default.jpg,https://www.youtube.com/watch?v=YK_gq3PC7TE
y0q6bvGuIdI,UC16niRr50-MSBwiO3YDb3RA,coronavirus how many more people are dying  bbc news,BBC News,News & Politics,none,47558,587,0,183,2020-06-18T12:56:37Z,"bbc,bbc news,news",PT2M27S,hd,False,https://i.ytimg.com/vi/y0q6bvGuIdI/default.jpg,https://www.youtube.com/watch?v=y0q6bvGuIdI
b-3DYyQEO6Q,UC16niRr50-MSBwiO3YDb3RA,coronavirus vaccine how close are we and who will get it  bbc news,BBC News,News & Politics,none,180585,1230,0,1352,2020-07-29T11:40:31Z,"bbc,bbc news,news",PT2M20S,hd,False,https://i.ytimg.com/vi/b-3DYyQEO6Q/default.jpg,https://www.youtube.com/watch?v=b-3DYyQEO6Q
MnhnoM8X-YU,UC16niRr50-MSBwiO3YDb3RA,how close are we to a coronavirus vaccine  bbc news,BBC News,News & Politics,none,133932,1365,0,420,2020-04-23T11:23:48Z,"bbc,bbc news,news,coronavirus,covid-19,pandemic,health,vaccine,Laura Foster,immunisation",PT2M2S,hd,False,https://i.ytimg.com/vi/MnhnoM8X-YU/default.jpg,https://www.youtube.com/watch?v=MnhnoM8X-YU
JP7OtUAVAjE,UC16niRr50-MSBwiO3YDb3RA,coronavirus ended our marriage  bbc news,BBC News,News & Politics,none,94253,762,0,500,2020-12-05T17:00:18Z,"bbc,bbc news,news,divorce,marriage,relationships,covid,covid-19,vaccine,coronavirus,pandemic",PT6M57S,hd,False,https://i.ytimg.com/vi/JP7OtUAVAjE/default.jpg,https://www.youtube.com/watch?v=JP7OtUAVAjE
pXopk-mrLH8,UC16niRr50-MSBwiO3YDb3RA,how staying at home can stop coronavirus  bbc news,BBC News,News & Politics,none,99122,1219,0,283,2020-03-26T11:33:53Z,"bbc,bbc news,news",PT1M29S,hd,False,https://i.ytimg.com/vi/pXopk-mrLH8/default.jpg,https://www.youtube.com/watch?v=pXopk-mrLH8
W5Elo2iczhQ,UC16niRr50-MSBwiO3YDb3RA,coronavirus how to talk about conspiracy theories  bbc news,BBC News,News & Politics,none,26392,260,0,344,2020-07-15T10:13:31Z,"bbc,bbc news,news,coronavirus,covid-19,pandemic,health,conspiracy theories,internet,technology,Marianna Spring,disinformation",PT4M39S,hd,False,https://i.ytimg.com/vi/W5Elo2iczhQ/default.jpg,https://www.youtube.com/watch?v=W5Elo2iczhQ
hURUDrx33TU,UC16niRr50-MSBwiO3YDb3RA,coronavirus death toll passes   bbc news,BBC News,News & Politics,none,1315806,8173,0,2962,2020-03-20T12:45:55Z,"bbc,bbc news,news",PT10M38S,hd,False,https://i.ytimg.com/vi/hURUDrx33TU/default.jpg,https://www.youtube.com/watch?v=hURUDrx33TU
dnLLT9rCstw,UC16niRr50-MSBwiO3YDb3RA,coronavirus tears fears and anxiety amid job losses  bbc news,BBC News,News & Politics,none,54833,524,0,234,2020-04-02T20:09:02Z,"bbc,bbc news,news,coronavirus,corona virus,unemployment",PT2M18S,hd,False,https://i.ytimg.com/vi/dnLLT9rCstw/default.jpg,https://www.youtube.com/watch?v=dnLLT9rCstw
NbRnHkHnnkQ,UC16niRr50-MSBwiO3YDb3RA,coronavirus royals praise stoicism of nhs workers  bbc news,BBC News,News & Politics,none,109750,685,0,380,2020-04-17T10:19:00Z,"bbc,bbc news,news,coronavirus,covid-19,pandemic,health,Duke and Duchess of Cambridge,mental health,Tina Daheley,Prince William,Catherine",PT6M18S,hd,False,https://i.ytimg.com/vi/NbRnHkHnnkQ/default.jpg,https://www.youtube.com/watch?v=NbRnHkHnnkQ
f5htX7WQ9oQ,UC16niRr50-MSBwiO3YDb3RA,hay fever or coronavirus the symptoms compared  bbc news,BBC News,News & Politics,none,98807,1268,0,321,2020-04-20T09:57:13Z,"bbc,bbc news,news,coronavirus,covid-19,hayfever,pandemic,health,Laura Foster",PT1M38S,hd,False,https://i.ytimg.com/vi/f5htX7WQ9oQ/default.jpg,https://www.youtube.com/watch?v=f5htX7WQ9oQ
sV9Yc9mCns0,UC16niRr50-MSBwiO3YDb3RA,record fall in greenhouse gas emissions due to coronavirus lockdown  bbc news,BBC News,News & Politics,none,88522,1092,0,472,2020-05-19T22:29:23Z,"bbc,bbc news,news,coronavirus,virus,air,clean,environment,co2,carbon,dioxide,emissions,pollution,greenhouse,gases,global warming,temperature,transport,cuts,lockdown,cars,vehicles,reduction,pandemic,slowdown,temporary,scientists,atmosphere,China,UK,US,United States,Trump,President,malaria,drug,medicine,hydroxychloroquine,health,warning,regulators,officials,dangerous,heart,side effects,Huw Edwards,David Shukman,Science,Editor,Nick Bryant,North America,correspondent,New York",PT7M22S,hd,False,https://i.ytimg.com/vi/sV9Yc9mCns0/default.jpg,https://www.youtube.com/watch?v=sV9Yc9mCns0
2sxI7s8p99o,UC16niRr50-MSBwiO3YDb3RA,coronavirus why we touch our faces and how to stop it  bbc news,BBC News,News & Politics,none,98720,1251,0,271,2020-03-16T09:56:05Z,"bbc,bbc news,news,China coronavirus,coronavirus,coronavirus news,coronavirus symptoms,coronavirus latest,coronavirus cases,coronavirus deaths,corona virus,corona virus news,corona virus latest,china news,chinese news,world TV,BBC World,world news,covid 19,covid-19,Coronavirus Explained,corona virus US,corona Virus trump,donald trump,president trump,corona",PT2M32S,hd,False,https://i.ytimg.com/vi/2sxI7s8p99o/default.jpg,https://www.youtube.com/watch?v=2sxI7s8p99o
iVo5j9mZq7g,UCupvZG-5ko_eiXAupbDfxWw,coronavirus explained how it spreads and how to protect yourself,CNN,News & Politics,none,722466,4914,0,898,2020-03-20T14:47:27Z,"latest News,Happening Now,CNN",PT7M29S,hd,False,https://i.ytimg.com/vi/iVo5j9mZq7g/default.jpg,https://www.youtube.com/watch?v=iVo5j9mZq7g
SfWtBPbE9so,UCupvZG-5ko_eiXAupbDfxWw,what an antibody test could mean for the coronavirus pandemic,CNN,News & Politics,none,694580,3473,0,1555,2020-04-10T23:07:42Z,"latest News,Happening Now,CNN,coronavirus,pandemic,Covid-19,Dr. Sanjay Gupta,Dr. Anthony Fauci,White House,Jake Tapper,antibody test,antibodies",PT10M19S,hd,False,https://i.ytimg.com/vi/SfWtBPbE9so/default.jpg,https://www.youtube.com/watch?v=SfWtBPbE9so
Dvz20hLJ15I,UCupvZG-5ko_eiXAupbDfxWw,coronavirus factcheck separating fear from facts,CNN,News & Politics,none,490181,4298,0,1600,2020-03-14T12:58:43Z,"latest News,Happening Now,CNN",PT4M55S,hd,False,https://i.ytimg.com/vi/Dvz20hLJ15I/default.jpg,https://www.youtube.com/watch?v=Dvz20hLJ15I
3AzIgAa0Cm8,UCupvZG-5ko_eiXAupbDfxWw,gupta the truth about using chloroquine to fight coronavirus pandemic,CNN,News & Politics,none,783910,5584,0,4494,2020-03-24T03:55:00Z,"latest News,Happening Now,CNN,world news,coronavirus,sanjay gupta,anderson cooper",PT5M22S,hd,True,https://i.ytimg.com/vi/3AzIgAa0Cm8/default.jpg,https://www.youtube.com/watch?v=3AzIgAa0Cm8
SdqlNNAEju0,UCupvZG-5ko_eiXAupbDfxWw,fauci announces good news about coronavirus drug,CNN,News & Politics,none,1417737,8449,0,4900,2020-04-29T21:22:51Z,"latest News,Happening Now,CNN,President Trump,US News,World News,Your Health,Jake Tapper",PT10M24S,hd,True,https://i.ytimg.com/vi/SdqlNNAEju0/default.jpg,https://www.youtube.com/watch?v=SdqlNNAEju0
yMTTZiY1ppg,UCupvZG-5ko_eiXAupbDfxWw,how cows could by key to combatting coronavirus,CNN,News & Politics,none,163695,1422,0,1075,2020-05-15T14:41:39Z,"latest News,Happening Now,CNN,Elizabeth Cohen,Health,New Day",PT2M23S,sd,False,https://i.ytimg.com/vi/yMTTZiY1ppg/default.jpg,https://www.youtube.com/watch?v=yMTTZiY1ppg
63M9ZQd2B7M,UCupvZG-5ko_eiXAupbDfxWw,coronavirus expert says he has second thoughts about flying,CNN,News & Politics,none,922299,7533,0,2997,2020-03-13T07:21:48Z,"latest News,Happening Now,CNN,coronavirus,anthony fauci,cnn town hall,health,medical,us news,anderson cooper,sanjay gupta",PT9M34S,hd,True,https://i.ytimg.com/vi/63M9ZQd2B7M/default.jpg,https://www.youtube.com/watch?v=63M9ZQd2B7M
girPw3j5OJs,UCupvZG-5ko_eiXAupbDfxWw,new study raises question can coronavirus spread through sex,CNN,News & Politics,none,299681,1379,0,1539,2020-05-09T00:14:02Z,"latest News,Happening Now,CNN",PT3M33S,sd,False,https://i.ytimg.com/vi/girPw3j5OJs/default.jpg,https://www.youtube.com/watch?v=girPw3j5OJs
OV1Vuv9zfzI,UCupvZG-5ko_eiXAupbDfxWw,tips to stay safe during the coronavirus pandemic,CNN,News & Politics,none,127009,1254,0,362,2020-04-03T22:08:12Z,"latest News,Happening Now,CNN",PT4M38S,hd,False,https://i.ytimg.com/vi/OV1Vuv9zfzI/default.jpg,https://www.youtube.com/watch?v=OV1Vuv9zfzI
V2VOMkIDm2k,UCupvZG-5ko_eiXAupbDfxWw,what coronavirus could teach us about the climate crisis,CNN,News & Politics,none,66188,1080,0,580,2020-05-14T02:30:02Z,"latest News,Happening Now,CNN,bill weir,climate change,us news,covid-19,coronavirus,climate crisis,jskj",PT3M19S,hd,False,https://i.ytimg.com/vi/V2VOMkIDm2k/default.jpg,https://www.youtube.com/watch?v=V2VOMkIDm2k
GHe5fv6dR4w,UCupvZG-5ko_eiXAupbDfxWw,global coronavirus cases have surpassed  million,CNN,News & Politics,none,57073,642,0,920,2020-10-20T10:51:29Z,"latest News,Happening Now,CNN",PT8M22S,hd,False,https://i.ytimg.com/vi/GHe5fv6dR4w/default.jpg,https://www.youtube.com/watch?v=GHe5fv6dR4w
oTL8tnKlHCY,UCupvZG-5ko_eiXAupbDfxWw,chris cuomo shares chest xrays after coronavirus diagnosis,CNN,News & Politics,none,2882724,26509,0,7922,2020-04-07T02:13:11Z,"latest News,Happening Now,CNN,cuomo prime time,cuomo,chris cuomo,medial news,us news",PT10M4S,hd,False,https://i.ytimg.com/vi/oTL8tnKlHCY/default.jpg,https://www.youtube.com/watch?v=oTL8tnKlHCY
DuTy8aHiIjU,UCupvZG-5ko_eiXAupbDfxWw,doctor ultrasounds his lungs as his coronavirus progresses,CNN,News & Politics,none,181234,1724,0,656,2020-03-13T14:37:12Z,"latest News,Happening Now,CNN",PT3M43S,hd,False,https://i.ytimg.com/vi/DuTy8aHiIjU/default.jpg,https://www.youtube.com/watch?v=DuTy8aHiIjU
7cOExWfYqr0,UCupvZG-5ko_eiXAupbDfxWw,doctor ultrasounds his lungs as his coronavirus progresses,CNN,News & Politics,none,542699,4449,0,1071,2020-03-13T18:48:41Z,"latest News,Happening Now,CNN",PT4M34S,hd,True,https://i.ytimg.com/vi/7cOExWfYqr0/default.jpg,https://www.youtube.com/watch?v=7cOExWfYqr0
tEPh2mGAnjk,UCupvZG-5ko_eiXAupbDfxWw,coronavirus survivor describes his battle with delirium my brain kept on looping,CNN,News & Politics,none,283055,2909,0,823,2020-04-15T16:25:29Z,"latest News,Happening Now,CNN,coronavirus,delirium,icu,nurse,pandemic,covid-19",PT7M51S,hd,False,https://i.ytimg.com/vi/tEPh2mGAnjk/default.jpg,https://www.youtube.com/watch?v=tEPh2mGAnjk
nt06wMyE1zU,UCupvZG-5ko_eiXAupbDfxWw,dl hughley opens up about coronavirus battle,CNN,News & Politics,none,607549,6186,0,1856,2020-07-03T14:37:22Z,"latest News,Happening Now,CNN,D.L. Hughley,John Berman,new day,coronavirus",PT6M42S,hd,False,https://i.ytimg.com/vi/nt06wMyE1zU/default.jpg,https://www.youtube.com/watch?v=nt06wMyE1zU
_O0IbLsZ3wA,UCupvZG-5ko_eiXAupbDfxWw,worried about the coronavirus see this patients advice,CNN,News & Politics,none,810402,5402,0,2352,2020-03-07T19:43:12Z,"latest News,Happening Now,CNN,Coronavirus,Christi Paul,Amara Walker",PT5M8S,hd,False,https://i.ytimg.com/vi/_O0IbLsZ3wA/default.jpg,https://www.youtube.com/watch?v=_O0IbLsZ3wA
Wbk8ZrfU3EM,UCupvZG-5ko_eiXAupbDfxWw,tom hanks and rita wilson test positive for coronavirus,CNN,News & Politics,none,618653,5521,0,3344,2020-03-12T02:58:53Z,"latest News,Happening Now,CNN,us news,entertainment",PT8M49S,hd,False,https://i.ytimg.com/vi/Wbk8ZrfU3EM/default.jpg,https://www.youtube.com/watch?v=Wbk8ZrfU3EM
krPe-n5r9CE,UCupvZG-5ko_eiXAupbDfxWw,promising early results from coronavirus vaccine trial,CNN,News & Politics,none,786842,5663,0,2758,2020-05-18T20:48:08Z,"latest News,Happening Now,CNN,health,covid-19,coronavirus,moderna,sanjay gupta,lead,jake tapper",PT8M4S,hd,False,https://i.ytimg.com/vi/krPe-n5r9CE/default.jpg,https://www.youtube.com/watch?v=krPe-n5r9CE
nORRqnxPDcQ,UCupvZG-5ko_eiXAupbDfxWw,he tested positive for coronavirus  hear how he feels now,CNN,News & Politics,none,420613,3797,0,1480,2020-03-06T05:52:23Z,"latest News,Happening Now,CNN,coronavirus,health,world,sanjay gupta,anderson cooper,cnn town hall",PT6M21S,hd,True,https://i.ytimg.com/vi/nORRqnxPDcQ/default.jpg,https://www.youtube.com/watch?v=nORRqnxPDcQ
3ULfFDzO8ok,UCupvZG-5ko_eiXAupbDfxWw,homegrown coronavirus variants what you need to know,CNN,News & Politics,none,42690,586,0,464,2021-02-15T14:32:42Z,"latest News,Happening Now,CNN,health,medical news,elizabeth cohen,us news,coronavirus,covid-19",PT3M17S,hd,False,https://i.ytimg.com/vi/3ULfFDzO8ok/default.jpg,https://www.youtube.com/watch?v=3ULfFDzO8ok
4oXMM2L88W4,UCupvZG-5ko_eiXAupbDfxWw,us setting records as covid cases soar,CNN,News & Politics,none,888493,7697,0,4619,2020-07-05T13:06:41Z,"latest News,Happening Now,CNN,US News,Coronavirus,Cases,States,Florida,Texas,Arizona,Phil Mattingly,Inside Politics",PT8M38S,hd,False,https://i.ytimg.com/vi/4oXMM2L88W4/default.jpg,https://www.youtube.com/watch?v=4oXMM2L88W4
CuRuIzUTrnk,UCupvZG-5ko_eiXAupbDfxWw,richard quest reveals positive coronavirus test during his show,CNN,News & Politics,none,114200,1012,0,488,2020-04-20T22:21:10Z,"latest News,Happening Now,CNN,Richard Quest,Business,coronavirus,cnni",PT1M31S,hd,False,https://i.ytimg.com/vi/CuRuIzUTrnk/default.jpg,https://www.youtube.com/watch?v=CuRuIzUTrnk
szfnKmsCZ5g,UCupvZG-5ko_eiXAupbDfxWw,he lost both parents to coronavirus hear his story,CNN,News & Politics,none,325961,3644,0,1881,2020-07-24T21:23:51Z,"latest News,Happening Now,CNN,Brooke Baldwin,newsroom,coronavirus",PT10M37S,hd,False,https://i.ytimg.com/vi/szfnKmsCZ5g/default.jpg,https://www.youtube.com/watch?v=szfnKmsCZ5g
z53kXE5dRHk,UCupvZG-5ko_eiXAupbDfxWw,trump announces tougher coronavirus guidelines,CNN,News & Politics,none,1417967,9731,0,7491,2020-03-16T21:07:38Z,"latest News,Happening Now,CNN",PT8M33S,hd,True,https://i.ytimg.com/vi/z53kXE5dRHk/default.jpg,https://www.youtube.com/watch?v=z53kXE5dRHk
l9FtHFAjDFM,UCupvZG-5ko_eiXAupbDfxWw,dr sanjay gupta takes coronavirus antibody test,CNN,News & Politics,none,237809,2146,0,752,2020-04-21T22:44:59Z,"latest News,Happening Now,CNN,Sanjay Gupta,Antibody testing,health,coronavirus",PT10M40S,hd,False,https://i.ytimg.com/vi/l9FtHFAjDFM/default.jpg,https://www.youtube.com/watch?v=l9FtHFAjDFM
ZtkSYY9Z2fE,UCupvZG-5ko_eiXAupbDfxWw,wuhan coronavirus kills doctor who warned of outbreak,CNN,News & Politics,none,1772695,16430,0,5033,2020-02-07T08:18:15Z,"latest News,Happening Now,CNN,wuhan,china,coronavirus,david culver,world,Li Wenliang,cnn newsroom,john vause",PT7M9S,hd,True,https://i.ytimg.com/vi/ZtkSYY9Z2fE/default.jpg,https://www.youtube.com/watch?v=ZtkSYY9Z2fE
A71lfXrQlxU,UCupvZG-5ko_eiXAupbDfxWw,bill gates makes a prediction about when coronavirus cases will peak,CNN,News & Politics,none,12481393,106324,0,64290,2020-03-27T03:52:55Z,"latest News,Happening Now,CNN",PT10M52S,hd,False,https://i.ytimg.com/vi/A71lfXrQlxU/default.jpg,https://www.youtube.com/watch?v=A71lfXrQlxU
CEFo5skGRSI,UCupvZG-5ko_eiXAupbDfxWw,coronavirus kills  in washington state,CNN,News & Politics,none,810808,5728,0,4413,2020-03-03T06:23:28Z,"latest News,Happening Now,CNN,nick watt,coronavirus",PT10M32S,hd,False,https://i.ytimg.com/vi/CEFo5skGRSI/default.jpg,https://www.youtube.com/watch?v=CEFo5skGRSI
RSthtmix0zw,UCupvZG-5ko_eiXAupbDfxWw,fauci this has been my lowest point during covid pandemic,CNN,News & Politics,none,616759,4771,0,6528,2021-02-23T15:26:58Z,"latest News,Happening Now,CNN,fauci,us news,health news,medical news,anthony fauci,new day,alysin camerota",PT10M36S,hd,False,https://i.ytimg.com/vi/RSthtmix0zw/default.jpg,https://www.youtube.com/watch?v=RSthtmix0zw
XfbvLn3DgV8,UCupvZG-5ko_eiXAupbDfxWw,trump criticizes china for their coronavirus response heres what we know,CNN,News & Politics,none,1016178,6742,0,8013,2020-04-17T19:41:18Z,"latest News,Happening Now,CNN",PT8M12S,hd,False,https://i.ytimg.com/vi/XfbvLn3DgV8/default.jpg,https://www.youtube.com/watch?v=XfbvLn3DgV8
eEUqCxP5Lvc,UCupvZG-5ko_eiXAupbDfxWw,coronavirus whistleblower doctor is online hero in china,CNN,News & Politics,none,3603211,34278,0,6649,2020-02-04T15:26:54Z,"latest News,Happening Now,CNN,cnni,coronavirus,china,wuhan",PT2M57S,hd,False,https://i.ytimg.com/vi/eEUqCxP5Lvc/default.jpg,https://www.youtube.com/watch?v=eEUqCxP5Lvc
rgpSC__Nxso,UCupvZG-5ko_eiXAupbDfxWw,go inside a nyc hospital on the front lines of the coronavirus outbreak,CNN,News & Politics,none,921601,5807,0,2663,2020-03-30T11:18:23Z,"latest News,Happening Now,CNN,covid-19,coronavirus,pandemic,nyc,ventilators,new york,quarantine,hospital",PT10M20S,hd,False,https://i.ytimg.com/vi/rgpSC__Nxso/default.jpg,https://www.youtube.com/watch?v=rgpSC__Nxso
91CBoU0GqBM,UCupvZG-5ko_eiXAupbDfxWw,doctors warn coronavirus spreads more easily than first thought,CNN,News & Politics,none,329579,3303,0,1755,2020-07-06T15:05:46Z,"latest News,Happening Now,CNN,Elizabeth Cohen,newsroom,coronavirus,pandemic",PT4M57S,hd,False,https://i.ytimg.com/vi/91CBoU0GqBM/default.jpg,https://www.youtube.com/watch?v=91CBoU0GqBM
yvW6juGxZQE,UCupvZG-5ko_eiXAupbDfxWw,cuomo extends new york coronavirus shutdown,CNN,News & Politics,none,307142,3916,0,1757,2020-04-16T20:04:47Z,"latest News,Happening Now,CNN,US News,President Trump",PT10M45S,hd,True,https://i.ytimg.com/vi/yvW6juGxZQE/default.jpg,https://www.youtube.com/watch?v=yvW6juGxZQE
ibCuZkan4JM,UCupvZG-5ko_eiXAupbDfxWw,dr anthony fauci this is a critical time in coronavirus pandemic,CNN,News & Politics,none,780318,7241,0,2710,2020-03-31T15:02:16Z,"latest News,Happening Now,CNN",PT9M35S,hd,False,https://i.ytimg.com/vi/ibCuZkan4JM/default.jpg,https://www.youtube.com/watch?v=ibCuZkan4JM
r0ForQ9kzzY,UCupvZG-5ko_eiXAupbDfxWw,us adds more than k coronavirus infections in just  weeks,CNN,News & Politics,none,445964,4556,0,2072,2020-07-22T15:49:51Z,"latest News,Happening Now,CNN,magic wall,john king,coronavirus,covid-19,pandemic",PT9M3S,hd,False,https://i.ytimg.com/vi/r0ForQ9kzzY/default.jpg,https://www.youtube.com/watch?v=r0ForQ9kzzY
R2ZETF515Ec,UCupvZG-5ko_eiXAupbDfxWw,bill gates heres when we could expect a coronavirus vaccine,CNN,News & Politics,none,1491761,8830,0,17124,2020-04-27T16:43:13Z,"latest News,Happening Now,CNN,bill gates,microsoft,vaccine,coronavirus,covid-19,pandemic",PT5M45S,hd,False,https://i.ytimg.com/vi/R2ZETF515Ec/default.jpg,https://www.youtube.com/watch?v=R2ZETF515Ec
2_o1hvFnteI,UCupvZG-5ko_eiXAupbDfxWw,new us coronavirus cases origin is unknown cdc says,CNN,News & Politics,none,566547,3942,0,4176,2020-02-27T05:04:33Z,"latest News,Happening Now,CNN,health,world,coronavirus,california,community spread,sanjay gupta,cuomo,cuomo prime time",PT10M52S,hd,False,https://i.ytimg.com/vi/2_o1hvFnteI/default.jpg,https://www.youtube.com/watch?v=2_o1hvFnteI
sXpIrDGXeTg,UCupvZG-5ko_eiXAupbDfxWw,how to cope with anxiety and stress linked to coronavirus pandemic,CNN,News & Politics,none,128135,1502,0,827,2020-03-20T07:08:06Z,"latest News,Happening Now,CNN",PT7M11S,hd,False,https://i.ytimg.com/vi/sXpIrDGXeTg/default.jpg,https://www.youtube.com/watch?v=sXpIrDGXeTg
A_rMCaYkk68,UCupvZG-5ko_eiXAupbDfxWw,us sets alarming new coronavirus record,CNN,News & Politics,none,931017,7799,0,7685,2020-07-02T21:09:41Z,"latest News,Happening Now,CNN,US News,Politics,President Trump,World News",PT10M58S,hd,True,https://i.ytimg.com/vi/A_rMCaYkk68/default.jpg,https://www.youtube.com/watch?v=A_rMCaYkk68
rXzD2XZFwQY,UCupvZG-5ko_eiXAupbDfxWw,conspiracy theorists said she started the coronavirus pandemic now shes afraid for her life,CNN,News & Politics,none,1148606,6615,0,7083,2020-04-27T12:45:04Z,"latest News,Happening Now,CNN,coronavirus,pandemic,covid-19,patient zero,conspiracy",PT4M52S,hd,False,https://i.ytimg.com/vi/rXzD2XZFwQY/default.jpg,https://www.youtube.com/watch?v=rXzD2XZFwQY
5RunFCEZh_4,UCupvZG-5ko_eiXAupbDfxWw,three promising signs in fight against coronavirus,CNN,News & Politics,none,69438,720,0,676,2021-02-25T00:24:36Z,"latest News,Happening Now,CNN,jake tapper,the lead,dr sanjay gupta,your health,health,coronavirus,covid 19,amara walker",PT10M13S,hd,False,https://i.ytimg.com/vi/5RunFCEZh_4/default.jpg,https://www.youtube.com/watch?v=5RunFCEZh_4
zzLmzHOiYcE,UCupvZG-5ko_eiXAupbDfxWw,dr gupta us in the middle of a coronavirus storm,CNN,News & Politics,none,347774,3877,0,1660,2020-06-24T16:23:13Z,"latest News,Happening Now,CNN",PT10M54S,hd,False,https://i.ytimg.com/vi/zzLmzHOiYcE/default.jpg,https://www.youtube.com/watch?v=zzLmzHOiYcE
v_vDjR5zBDk,UCupvZG-5ko_eiXAupbDfxWw,unprecedented restrictions in italy over coronavirus outbreak,CNN,News & Politics,none,292645,1971,0,1121,2020-03-10T07:34:11Z,"latest News,Happening Now,CNN,world news,international,ben wedeman,italy,coronavirus,bologna",PT8M18S,hd,True,https://i.ytimg.com/vi/v_vDjR5zBDk/default.jpg,https://www.youtube.com/watch?v=v_vDjR5zBDk
ogjaqVvk4JI,UCupvZG-5ko_eiXAupbDfxWw, states see an increase in new coronavirus cases,CNN,News & Politics,none,279252,3011,0,1950,2020-10-07T16:03:11Z,"latest News,Happening Now,CNN,John King,Dr. Anthony Fauci,Dr. Tom Inglesby,Coronavirus",PT7M59S,hd,False,https://i.ytimg.com/vi/ogjaqVvk4JI/default.jpg,https://www.youtube.com/watch?v=ogjaqVvk4JI
ODQ6wnuDOXA,UCupvZG-5ko_eiXAupbDfxWw,chinese officials are turning their focus in fight against coronavirus,CNN,News & Politics,none,433121,2743,0,2254,2020-03-20T08:03:30Z,"latest News,Happening Now,CNN,david culver,china,coronavirus,CNNi,world news",PT8M33S,hd,False,https://i.ytimg.com/vi/ODQ6wnuDOXA/default.jpg,https://www.youtube.com/watch?v=ODQ6wnuDOXA
uRjiq4PSvvo,UCupvZG-5ko_eiXAupbDfxWw,brooke baldwin returns with message of hope after coronavirus fight,CNN,News & Politics,none,218361,3898,0,1372,2020-04-27T17:31:00Z,"latest News,Happening Now,CNN,brooke baldwin,must see moments,us news,newsroom,coronavirus",PT4M41S,hd,False,https://i.ytimg.com/vi/uRjiq4PSvvo/default.jpg,https://www.youtube.com/watch?v=uRjiq4PSvvo
qqCZC-gFA6A,UCupvZG-5ko_eiXAupbDfxWw,cnni food crisis worsens in cuba as coronavirus spikes,CNN,News & Politics,none,30085,309,0,338,2021-02-13T18:30:56Z,"latest News,Happening Now,CNN,world,cnn international,cnni,patrick oppmann,cuba",PT4M35S,sd,False,https://i.ytimg.com/vi/qqCZC-gFA6A/default.jpg,https://www.youtube.com/watch?v=qqCZC-gFA6A
mnq2cpm6dY8,UCupvZG-5ko_eiXAupbDfxWw,us overtakes italy in total coronavirus cases,CNN,News & Politics,none,516718,3086,0,2807,2020-03-26T23:46:01Z,"latest News,Happening Now,CNN",PT8M31S,hd,True,https://i.ytimg.com/vi/mnq2cpm6dY8/default.jpg,https://www.youtube.com/watch?v=mnq2cpm6dY8
RwUi63zcIBo,UCaXkIU1QidjPwiAYu6GcHjg,secrets to combating coronavirus stress  msnbc,MS NOW,News & Politics,none,68025,485,0,126,2020-03-31T01:09:59Z,"Society,Mental Health,Ari Melber,Coronavirus,The Beat with Ari Melber",PT8M58S,hd,True,https://i.ytimg.com/vi/RwUi63zcIBo/default.jpg,https://www.youtube.com/watch?v=RwUi63zcIBo
yevFE3500U4,UCaXkIU1QidjPwiAYu6GcHjg,how families can fight coronavirus as a unit  morning joe  msnbc,MS NOW,News & Politics,none,113589,695,0,221,2020-03-17T14:29:46Z,"News,Health,Donald Trump,Best of last night,Coronavirus,Morning Joe,Joe Scarborough,Mika Brzezinski,Willie Geist,MSNBC,MSNBC news,MSNBC live,MSNBC TV,breaking news,current events,US news,politics,politics news,political news,elections,morning joe full,morning joe live,coronavirus update,coronavirus us,illness,cdc,symptoms,sickness,COVID-19,pandemic,outbreak,coronavirus prevention,coronavirus explained,covid-19 news,covid-19 updates,covid-19 outbreak",PT9M24S,hd,True,https://i.ytimg.com/vi/yevFE3500U4/default.jpg,https://www.youtube.com/watch?v=yevFE3500U4
cCYOqx8qho8,UCaXkIU1QidjPwiAYu6GcHjg,dr fauci assures a coronavirus vaccine will be a reality  msnbc,MS NOW,News & Politics,none,34563,476,0,210,2020-07-31T15:29:50Z,"Congress,Politics,Coronavirus,Coronavirus - Politics,MSNBC,NBC News,nbc,breaking news,us news,world news,current events,top stories,pop culture,political news,msnbc live,Dr. Fauci,Coronavirus Vaccine,Dr. Anthony Fauci,vaccine for HIV,House hearing,covid-19,covid-19 updates,covid-19 news,coronavirus pandemic,covid-19 vaccine,virus protection,coronavirus update,covid-19 outbreak,coronavirus news,coronavirus us,social distancing,fauci interview",PT2M50S,hd,True,https://i.ytimg.com/vi/cCYOqx8qho8/default.jpg,https://www.youtube.com/watch?v=cCYOqx8qho8
Sq_P-OjGZU0,UCaXkIU1QidjPwiAYu6GcHjg,top chef judge on restaurant apocalypse in wake of coronavirus pandemic  all in  msnbc,MS NOW,News & Politics,none,73073,503,0,206,2020-04-18T01:46:05Z,"Health,Economy,Small Businesses,Global Health,Jobs,Coronavirus,Coronavirus - Money,Coronavirus - Culture,All In With Chris Hayes,coronavirus update,coronavirus us,coronavirus news,coronavirus latest news,coronavirus symptoms,cdc,center for disease control,quarantine,symptoms,social distancing,virus protection,outbreak,coronavirus outbreak,COVID-19,pandemic,coronavirus pandemic,coronavirus prevention,covid-19 news,covid-19 updates,covid-19 outbreak,corona",PT6M30S,hd,True,https://i.ytimg.com/vi/Sq_P-OjGZU0/default.jpg,https://www.youtube.com/watch?v=Sq_P-OjGZU0
af9eETMD_aA,UCaXkIU1QidjPwiAYu6GcHjg,identifying airborne transmission of the coronavirus  morning joe  msnbc,MS NOW,News & Politics,none,100408,1387,0,412,2020-05-28T13:33:00Z,"Health,Donald Trump,Best of last night,Morning Joe,Joe Scarborough,Mika Brzezinski,Willie Geist,coronavirus,coronavirus update,coronavirus us,coronavirus news,coronavirus latest news,coronavirus symptoms,center for disease control,quarantine,symptoms,social distancing,virus protection,outbreak,coronavirus outbreak,COVID-19,pandemic,coronavirus pandemic,coronavirus prevention,coronavirus explained,covid-19 news,covid-19 updates,covid-19 outbreak,corona",PT9M27S,hd,True,https://i.ytimg.com/vi/af9eETMD_aA/default.jpg,https://www.youtube.com/watch?v=af9eETMD_aA
unN8leCvHyM,UCaXkIU1QidjPwiAYu6GcHjg,er doctor explains what to do if you start showing coronavirus symptoms  all in  msnbc,MS NOW,News & Politics,none,423006,3141,0,850,2020-03-13T01:54:23Z,"Health,Global Health,Coronavirus,Coronavirus - Health Tips,Coronavirus - Culture,All In,Chris Hayes,MSNBC,MSNBC news,MSNBC live,MSNBC TV,news,breaking news,current events,US news,politics,elections,chris hayes msnbc,virus protection,outbreak,coronavirus outbreak,COVID-19,pandemic,coronavirus pandemic,coronavirus prevention,coronavirus explained,covid-19 news,covid-19 updates,covid-19 outbreak,coronavirus update,coronavirus us,coronavirus news",PT5M1S,hd,True,https://i.ytimg.com/vi/unN8leCvHyM/default.jpg,https://www.youtube.com/watch?v=unN8leCvHyM
nhcYyVWWeR0,UCaXkIU1QidjPwiAYu6GcHjg,lady gaga announces coronavirus benefit concert  morning joe  msnbc,MS NOW,News & Politics,none,140564,1344,0,293,2020-04-09T14:59:47Z,"News,Society,Media,Culture,Health,Best of last night,Coronavirus,Morning Joe,coronavirus update,coronavirus us,coronavirus news,coronavirus latest news,cdc,quarantine,symptoms,outbreak,coronavirus outbreak,COVID-19,pandemic,coronavirus pandemic,covid-19 news,covid-19 outbreak,corona,Lady Gaga,Coronavirus Benefit Concert,Benefit Concert,WHO,Global Citizen,U.N. Foundation,COVID-19 Response Fund,Ginny Rometty,Kirk Tanner,one world: together at home",PT11M30S,hd,True,https://i.ytimg.com/vi/nhcYyVWWeR0/default.jpg,https://www.youtube.com/watch?v=nhcYyVWWeR0
YJ0kpE9zXjo,UCaXkIU1QidjPwiAYu6GcHjg,how combating coronavirus myths can save your life  the beat with ari  msnbc,MS NOW,News & Politics,none,231850,2279,0,402,2020-04-03T01:47:29Z,"Media,Culture,Health,White House,Science,Coronavirus,msnbc,Flint,Environment,MSNBC,news,breaking news,us news,world news,politics,current events,top stories,pop culture,liberal,MSNBC live,NBC News,business,health,progressive,The Beat with Ari Melber,Ari Melber,ari melber msnbc,msnbc live,ari melber live",PT11M3S,hd,True,https://i.ytimg.com/vi/YJ0kpE9zXjo/default.jpg,https://www.youtube.com/watch?v=YJ0kpE9zXjo
AjkeiY8MdEY,UCaXkIU1QidjPwiAYu6GcHjg,the mental health impact of the coronavirus  morning joe  msnbc,MS NOW,News & Politics,none,31552,432,0,122,2020-12-18T17:29:50Z,"Health,Politics,Economy,Donald Trump,Best of last night,Coronavirus,Morning Joe,Joe Scarborough,Mika Brzezinski,Willie Geist,MSNBC,MSNBC news,MSNBC live,MSNBC TV,news,breaking news,current events,morning joe full,morning joe today,coronavirus update,coronavirus us,coronavirus latest news,COVID-19,coronavirus pandemic,coronavirus explained,covid-19 news,covid-19 updates,covid-19 outbreak,Dr. Dave Campbell,Mental Health Impact,Mental Health Crisis",PT5M33S,hd,True,https://i.ytimg.com/vi/AjkeiY8MdEY/default.jpg,https://www.youtube.com/watch?v=AjkeiY8MdEY
z43onGU9ul4,UCaXkIU1QidjPwiAYu6GcHjg,dr fauci people weaponizing lies about the coronavirus are killing people,MS NOW,News & Politics,none,30993,571,0,930,2021-11-24T01:45:03Z,"dr fauci,fauci,anthony fauci,covid vaccines,vaccine,misinformation,anti vaxx,anti vaccine,covid,the beat with ari melber,ari melber,msnbc,us news,news",PT9M55S,hd,False,https://i.ytimg.com/vi/z43onGU9ul4/default.jpg,https://www.youtube.com/watch?v=z43onGU9ul4
sBmQam6kY0Q,UCaXkIU1QidjPwiAYu6GcHjg,racial and wealth disparities laid bare by coronavirus pandemic  msnbc,MS NOW,News & Politics,none,22470,319,0,81,2020-04-24T05:59:48Z,"Race,National Security,Health,Healthcare,Economy,Best of last night,Global Health,Poverty,Science,Wealth,Coronavirus,msnbc,NBC News,nbc,news,breaking news,us news,world news,politics,current events,top stories,pop culture,political news,msnbc live,Racial And Wealth Disparities,Coronavirus Pandemic,Dr. Vin Gupta,racial and wealth,covid-19,us news 2020,us news today,coronavirus outbreak 2020,coronavirus outbreak in usa,covid-19 news,covid-19 updates",PT2M41S,hd,True,https://i.ytimg.com/vi/sBmQam6kY0Q/default.jpg,https://www.youtube.com/watch?v=sBmQam6kY0Q
-2h2bQYO-0E,UCaXkIU1QidjPwiAYu6GcHjg,coronavirus pandemic cases continue to sweep across us  morning joe  msnbc,MS NOW,News & Politics,none,98532,1108,0,259,2020-07-21T12:59:48Z,"Politics,Russia,Donald Trump,Congress,Homeland Security,Campaign Finance,Joe Biden,Best of last night,2020 Elections,Decision 2020,Coronavirus,Morning Joe,coronavirus update,coronavirus us,coronavirus news,coronavirus symptoms,cdc,quarantine,symptoms,social distancing,virus protection,outbreak,coronavirus outbreak,COVID-19,pandemic,coronavirus pandemic,coronavirus prevention,coronavirus explained,covid-19 news,covid-19 updates,covid-19 outbreak,corona",PT8M46S,hd,False,https://i.ytimg.com/vi/-2h2bQYO-0E/default.jpg,https://www.youtube.com/watch?v=-2h2bQYO-0E
2QIB9E7IoVM,UCaXkIU1QidjPwiAYu6GcHjg,how the coronavirus pandemic could change america forever  the th hour  msnbc,MS NOW,News & Politics,none,59319,520,0,196,2020-04-21T04:41:13Z,"News,Society,Republicans,National Security,Health,Healthcare,White House,Labor and Workers' Rights,Economy,Brian Williams,Donald Trump,Best of last night,Global Health,Coronavirus,The 11th Hour with Brian Williams,The 11th Hour,MSNBC,MSNBC News,MSNBC Live,US News,Current Events,Progressive News,Liberal News,Brian Williams msnbc,11th hour,11th hour msnbc",PT3M40S,hd,True,https://i.ytimg.com/vi/2QIB9E7IoVM/default.jpg,https://www.youtube.com/watch?v=2QIB9E7IoVM
QwGfY5CJJZ0,UCaXkIU1QidjPwiAYu6GcHjg,answering your questions about the coronavirus pandemic  msnbc,MS NOW,News & Politics,none,4179,124,0,52,2021-02-15T15:29:46Z,"The Week with Joshua Johnson,The Week,MSNBC,NBC News,nbc,news,breaking news,us news,world news,politics,current events,top stories,pop culture,political news,msnbc live,coronavirus,coronavirus update,coronavirus us,coronavirus news,coronavirus latest news,quarantine,symptoms,social distancing,virus protection,outbreak,COVID-19,pandemic,coronavirus pandemic,coronavirus prevention,coronavirus explained,covid-19 news,covid-19 updates,Covid-19 outbreak",PT8M32S,hd,True,https://i.ytimg.com/vi/QwGfY5CJJZ0/default.jpg,https://www.youtube.com/watch?v=QwGfY5CJJZ0
2gq5FV4rEgQ,UCaXkIU1QidjPwiAYu6GcHjg,dr lipi roy answering your questions about the coronavirus pandemic  msnbc,MS NOW,News & Politics,none,4235,68,0,53,2021-04-11T16:17:13Z,"The Week with Joshua Johnson,The Week",PT7M8S,hd,True,https://i.ytimg.com/vi/2gq5FV4rEgQ/default.jpg,https://www.youtube.com/watch?v=2gq5FV4rEgQ
hyR3j-swUVQ,UCaXkIU1QidjPwiAYu6GcHjg,us records worst weekend for new coronavirus infections  morning joe  msnbc,MS NOW,News & Politics,none,201186,2400,0,608,2020-07-20T14:31:34Z,"Economy,Business,Politics,Donald Trump,Health,Florida,Best of last night,Coronavirus,Morning Joe,Joe Scarborough,Mika Brzezinski,Willie Geist,MSNBC,MSNBC news,MSNBC live,MSNBC TV,breaking news,current events,US news,politics news,political news,elections,morning joe full,morning joe live,morning joe today,Coronavirus Infections,Chief Medical Correspondent,Dr. Dave Campbell,face coverings,covid-19,covid-19 news,covid-19 us cases,cdc,masks,covid",PT6M32S,hd,False,https://i.ytimg.com/vi/hyR3j-swUVQ/default.jpg,https://www.youtube.com/watch?v=hyR3j-swUVQ
ZI_LpF3lAMw,UCaXkIU1QidjPwiAYu6GcHjg,gov cuomo coronavirus pandemic is a full bown nationwide crisis  the last word  msnbc,MS NOW,News & Politics,none,97570,1274,0,383,2020-03-31T04:03:58Z,"New York,Coronavirus,The Last Word with Lawrence O'Donnell,Last Word,MSNBC News,MSNBC Live,US News,Current Events,Progressive News,Liberal News,lawrence odonnell,lawrence odonnell live,news,Andrew Cuomo,Cuomo,Gov cuomo,NYC,Covid19,crisis,pandemic",PT4M57S,hd,True,https://i.ytimg.com/vi/ZI_LpF3lAMw/default.jpg,https://www.youtube.com/watch?v=ZI_LpF3lAMw
0IXlvcL6WdE,UCaXkIU1QidjPwiAYu6GcHjg,why slowing the spread of coronavirus is critical to public health  the th hour  msnbc,MS NOW,News & Politics,none,43740,234,0,43,2020-03-14T05:26:12Z,"News,National Security,Health,White House,Brian Williams,Donald Trump,Best of last night,Global Health,Coronavirus,The 11th Hour with Brian Williams,The 11th Hour,MSNBC,MSNBC News,MSNBC Live,US News,Current Events,Progressive News,Liberal News,11th hour,11th hour msnbc,virus protection,outbreak,coronavirus outbreak,COVID-19,pandemic,coronavirus pandemic,coronavirus prevention,coronavirus explained,covid-19 news,covid-19 updates,covid-19 outbreak",PT2M33S,hd,True,https://i.ytimg.com/vi/0IXlvcL6WdE/default.jpg,https://www.youtube.com/watch?v=0IXlvcL6WdE
Tm_KWLzEhNE,UCaXkIU1QidjPwiAYu6GcHjg,study coronavirus pandemic may last two years without vaccine  the th hour  msnbc,MS NOW,News & Politics,none,203990,987,0,693,2020-05-02T04:43:08Z,"News,National Security,Health,Healthcare,Brian Williams,Donald Trump,Best of last night,Global Health,Science,Coronavirus,The 11th Hour with Brian Williams,The 11th Hour,MSNBC,MSNBC News,MSNBC Live,US News,Current Events,Progressive News,Liberal News,Brian Williams msnbc,11th hour,11th hour msnbc,Vaccine,Coronavirus Pandemic,Dr. Michael Osterholm,covid-19,covid-19 protection,virus infection,social distancing,pandemic,covid-19 saftey measures,cdc",PT2M1S,hd,True,https://i.ytimg.com/vi/Tm_KWLzEhNE/default.jpg,https://www.youtube.com/watch?v=Tm_KWLzEhNE
pEVJUgPZfBE,UCaXkIU1QidjPwiAYu6GcHjg,world health organization declares coronavirus a pandemic  andrea mitchell  msnbc,MS NOW,News & Politics,none,87441,847,0,357,2020-03-11T17:12:38Z,"Andrea Mitchell,Coronavirus,Andrea Mitchell Reports,MSNBC,MSNBC News,MSNBC Live,US News,Current Events,Progressive News,Liberal News,andrea mitchell msnbc,andrea mitchell live,news,breaking news,coronavirus update,coronavirus us,coronavirus news,coronavirus latest news,coronavirus symptoms,illness,cdc,safety,symptoms,sickness,virus protection,outbreak,coronavirus outbreak,COVID-19,pandemic,coronavirus pandemic,covid-19 news,covid-19 updates",PT2M52S,hd,True,https://i.ytimg.com/vi/pEVJUgPZfBE/default.jpg,https://www.youtube.com/watch?v=pEVJUgPZfBE
-SV8a9lGGk8,UCaXkIU1QidjPwiAYu6GcHjg,americans see massive disruptions to daily life as coronavirus spreads  day that was  msnbc,MS NOW,News & Politics,none,110129,1293,0,386,2020-03-13T11:05:53Z,"MSNBC,news,coronavirus,coronavirus update,coronavirus us,coronavirus news,coronavirus latest news,coronavirus symptoms,illness,cdc,center for disease control,safety,symptoms,sickness,virus protection,outbreak,coronavirus outbreak,COVID-19,pandemic,coronavirus pandemic,coronavirus prevention,coronavirus explained,covid-19 news,covid-19 updates,NBC News,nbc,breaking news,us news,world news,politics,current events,top stories,pop culture,msnbc live",PT5M32S,hd,False,https://i.ytimg.com/vi/-SV8a9lGGk8/default.jpg,https://www.youtube.com/watch?v=-SV8a9lGGk8
YOu3er_zpAo,UCaXkIU1QidjPwiAYu6GcHjg,us shatters daily coronavirus case count as omicron surges,MS NOW,News & Politics,none,26872,325,0,289,2021-12-31T05:00:15Z,"Lawrence O'Donnell,covid cases,covid,omicron,delta,covid surge,msnbc,us news,news",PT6M20S,hd,False,https://i.ytimg.com/vi/YOu3er_zpAo/default.jpg,https://www.youtube.com/watch?v=YOu3er_zpAo
yLyDCMjdbVQ,UCaXkIU1QidjPwiAYu6GcHjg,dr ashish jha on the coronavirus pandemic the end is not near  craig melvin  msnbc,MS NOW,News & Politics,none,29697,615,0,152,2020-10-19T17:29:53Z,"Craig Melvin,Coronavirus,MSNBC,NBC News,news,breaking news,us news,world news,politics,current events,top stories,pop culture,business,health,liberal,progressive,craig melvin live,msnbc live,craig melvin msnbc,coronavirus update,coronavirus us,cdc,quarantine,symptoms,social distancing,virus protection,outbreak,coronavirus outbreak,COVID-19,pandemic,coronavirus pandemic,coronavirus prevention,covid-19 news,covid-19 updates,covid-19 outbreak,Corona",PT4M9S,hd,True,https://i.ytimg.com/vi/yLyDCMjdbVQ/default.jpg,https://www.youtube.com/watch?v=yLyDCMjdbVQ
-_1gxrkgIJU,UCaXkIU1QidjPwiAYu6GcHjg,rise in vaccinations in states hardest hit by coronavirus,MS NOW,News & Politics,none,86287,1023,0,572,2021-08-02T15:45:01Z,"Coronavirus,Morning Joe,Covid 19,Vaccines,coronavirus pandemic,covid 19 pandemic,delta,delta variant,unvaccinated,vaccinations,coronavirus vaccine,covid 19 vaccine,Joe Scarborough,Mika Brzezinski,Willie Geist,MSNBC,MSNBC news,MSNBC live,MSNBC TV,news,breaking news,current events,US news,politics,politics news,political news,elections,morning joe full,morning joe live,morning joe today",PT10M8S,hd,True,https://i.ytimg.com/vi/-_1gxrkgIJU/default.jpg,https://www.youtube.com/watch?v=-_1gxrkgIJU
uhiEQ67NhZU,UCaXkIU1QidjPwiAYu6GcHjg,dranthony fauci coronavirus now at outbreak and likely pandemic proportions  msnbc,MS NOW,News & Politics,none,74425,735,0,367,2020-03-02T20:29:45Z,"Coronavirus,MSNBC,NBC News,nbc,breaking news,us news,world news,politics,current events,top stories,political news,msnbc live,Dr. Anthony Fauci,National Institute of Allergy,Allergy and Infectious Diseases,expert on coronavirus,outbreak,pandemic proportions,disease,cdc,center for disease control,safety,symptoms,sickness,virus protection,coronavirus outbreak,COVID-19,coronavirus update,coronavirus us,coronavirus news,china virus,coronavirus latest news",PT1M14S,hd,True,https://i.ytimg.com/vi/uhiEQ67NhZU/default.jpg,https://www.youtube.com/watch?v=uhiEQ67NhZU
wPLkdevhWD0,UCaXkIU1QidjPwiAYu6GcHjg,fauci downplaying coronavirus threat is not a good thing  msnbc,MS NOW,News & Politics,none,78297,1073,0,1009,2020-09-11T18:00:43Z,"Andrea Mitchell,Coronavirus,msnbc,NBC News,nbc,news,breaking news,us news,politics,current events,top stories,political news,msnbc live,coronavirus update,coronavirus us,coronavirus latest news,cdc,center for disease control,quarantine,symptoms,social distancing,virus protection,outbreak,COVID-19,pandemic,coronavirus pandemic,covid-19 news,covid-19 updates,covid-19 outbreak,corona,Downplaying Coronavirus,Anthony Fauci,Anthony Fauci Interview",PT1M21S,hd,True,https://i.ytimg.com/vi/wPLkdevhWD0/default.jpg,https://www.youtube.com/watch?v=wPLkdevhWD0
wXzrP7dBb1g,UCaXkIU1QidjPwiAYu6GcHjg,the coronavirus pandemic one year later  morning joe  msnbc,MS NOW,News & Politics,none,51327,640,0,415,2021-03-11T12:59:50Z,"U.S. news,Best of last night,Coronavirus,Morning Joe,coronavirus update,coronavirus us,coronavirus news,quarantine,symptoms,social distancing,virus protection,outbreak,COVID-19,pandemic,covid-19 news,covid-19 updates,covid-19 outbreak,corona,Mika Brzezinski,Willie Geist,MSNBC,MSNBC news,MSNBC live,MSNBC TV,news,breaking news,current events,US news,politics,politics news,political news,elections,morning joe full,morning joe live,Morning joe today",PT4M20S,hd,True,https://i.ytimg.com/vi/wXzrP7dBb1g/default.jpg,https://www.youtube.com/watch?v=wXzrP7dBb1g
2WgNLO67Z18,UCaXkIU1QidjPwiAYu6GcHjg,answering your questions about the coronavirus pandemic  msnbc,MS NOW,News & Politics,none,11167,209,0,47,2021-01-11T17:29:47Z,"Coronavirus,The Week with Joshua Johnson,The Week,MSNBC,NBC News,nbc,news,breaking news,us news,world news,current events,top stories,pop culture,political news,msnbc live,coronavirus prevention,coronavirus explained,covid-19 news,covid-19 updates,covid-19 outbreak,corona,right wing terrorists,terrorism,domestic terrorism,capitol building seige,washing dc,dc,dc riots,president trump,2020 election,us protest,us protest capitol,Us protest 2021",PT6M42S,hd,True,https://i.ytimg.com/vi/2WgNLO67Z18/default.jpg,https://www.youtube.com/watch?v=2WgNLO67Z18
JZDQVHVNC10,UCaXkIU1QidjPwiAYu6GcHjg,with  deaths from coronavirus what have we learned about preventing more  msnbc,MS NOW,News & Politics,none,349988,2459,0,1611,2020-05-28T11:06:59Z,"MSNBC,news,NBC News,nbc,breaking news,us news,world news,politics,current events,top stories,pop culture,political news,msnbc live,coronavirus,coronavirus update,coronavirus us,coronavirus news,coronavirus latest news,coronavirus symptoms,cdc,quarantine,symptoms,social distancing,virus protection,outbreak,coronavirus outbreak,COVID-19,pandemic,coronavirus pandemic,coronavirus explained,covid-19 news,covid-19 updates,covid-19 outbreak,corona",PT4M52S,hd,False,https://i.ytimg.com/vi/JZDQVHVNC10/default.jpg,https://www.youtube.com/watch?v=JZDQVHVNC10
2kEM0XZf4Bo,UCaXkIU1QidjPwiAYu6GcHjg,global hunger crisis intensified by coronavirus pandemic  mtp daily  msnbc,MS NOW,News & Politics,none,23611,251,0,64,2020-12-15T20:39:06Z,"First Read,Politics,MTP Daily,Best of last night,Coronavirus,MTP Daily with Chuck Todd,Chuck Todd,MSNBC,MSNBC News,MSNBC Live,US News,Current Events,Liberal News,news,chuck todd live,msnbc chuck todd,chuck todd msnbc,social distancing,COVID-19,pandemic,outbreak,coronavirus pandemic,coronavirus outbreak,coronavirus prevention,coronavirus explained,covid-19 news,covid-19 updates,covid-19 outbreak,corona,global Hunger Crisis,World Food Program",PT2M2S,hd,True,https://i.ytimg.com/vi/2kEM0XZf4Bo/default.jpg,https://www.youtube.com/watch?v=2kEM0XZf4Bo
0BPWtYPkDS4,UCaXkIU1QidjPwiAYu6GcHjg,ridiculous and dangerous to think the coronavirus is behind us  the th hour  msnbc,MS NOW,News & Politics,none,61066,397,0,230,2020-06-11T04:49:53Z,"News,National Security,Health,Healthcare,White House,Brian Williams,Donald Trump,Best of last night,Global Health,Science,Coronavirus,The 11th Hour,MSNBC,MSNBC News,MSNBC Live,US News,Current Events,Progressive News,Liberal News,Brian Williams msnbc,11th hour,11th hour msnbc,COVID-19,pandemic,outbreak,coronavirus pandemic,coronavirus outbreak,coronavirus prevention,coronavirus explained,covid-19 news,covid-19 updates,covid-19 outbreak,corona",PT1M40S,hd,True,https://i.ytimg.com/vi/0BPWtYPkDS4/default.jpg,https://www.youtube.com/watch?v=0BPWtYPkDS4
orWhiVs8Kjg,UCaXkIU1QidjPwiAYu6GcHjg,answering your questions about the coronavirus pandemic  msnbc,MS NOW,News & Politics,none,5447,112,0,61,2021-02-01T15:29:48Z,"The Week with Joshua Johnson,The Week,MSNBC,NBC News,nbc,news,breaking news,us news,world news,politics,current events,top stories,pop culture,political news,msnbc live,coronavirus,coronavirus update,coronavirus us,coronavirus news,coronavirus latest news,quarantine,symptoms,social distancing,virus protection,outbreak,COVID-19,pandemic,coronavirus pandemic,coronavirus prevention,coronavirus explained,covid-19 news,covid-19 updates,covid-19 outbreak",PT7M59S,hd,True,https://i.ytimg.com/vi/orWhiVs8Kjg/default.jpg,https://www.youtube.com/watch?v=orWhiVs8Kjg
7ajACc7ul4k,UCaXkIU1QidjPwiAYu6GcHjg,infectious disease expert half of america is likely to catch coronavirus  the th hour  msnbc,MS NOW,News & Politics,none,443801,2471,0,1211,2020-03-12T04:26:29Z,"News,Republicans,National Security,Health,Healthcare,White House,Donald Trump,Best of last night,Global Health,Coronavirus,The 11th Hour with Brian Williams,MSNBC,MSNBC News,MSNBC Live,US News,Current Events,Progressive News,Liberal News,11th hour,11th hour msnbc,sickness,virus protection,outbreak,coronavirus outbreak,COVID-19,pandemic,coronavirus pandemic,coronavirus prevention,coronavirus explained,covid-19 news,covid-19 updates,covid-19 outbreak",PT3M20S,hd,True,https://i.ytimg.com/vi/7ajACc7ul4k/default.jpg,https://www.youtube.com/watch?v=7ajACc7ul4k
UX8fSnWIgvc,UCaXkIU1QidjPwiAYu6GcHjg,global pandemics expert coronavirus response needs a longterm strategy  the last word  msnbc,MS NOW,News & Politics,none,26272,298,0,97,2020-05-06T04:17:36Z,"White House,Donald Trump,Coronavirus,The Last Word with Lawrence O'Donnell,Last Word,The Last Word,Lawrence O'Donnell,MSNBC,MSNBC News,MSNBC Live,US News,Current Events,Progressive News,Liberal News,lawrence odonnell,lawrence odonnell live,news,social distancing,virus protection,COVID-19,pandemic,outbreak,coronavirus pandemic,coronavirus outbreak,coronavirus prevention,coronavirus explained,covid-19 news,covid-19 updates,covid-19 outbreak,corona",PT2M56S,hd,True,https://i.ytimg.com/vi/UX8fSnWIgvc/default.jpg,https://www.youtube.com/watch?v=UX8fSnWIgvc
FFPBePaQKow,UCaXkIU1QidjPwiAYu6GcHjg,why antibody tests will be crucial to help fight coronavirus  the th hour  msnbc,MS NOW,News & Politics,none,20607,162,0,33,2020-04-08T05:32:28Z,"News,National Security,Health,Healthcare,White House,Economy,Brian Williams,Donald Trump,Best of last night,Global Health,Jobs,Wall Street,Coronavirus,Fight Coronavirus,Antibody Test,hydroxychloroquine,Dr. Amesh Adalja,coronavirus pandemic,covid-19 updates,covid-19 outbreak,covid-19 news,current events,coronavirus us,coronavirus outbreak,coronavirus explained,social distancing,coronavirus latest news,world news,coronavirus outbreak update",PT1M48S,hd,True,https://i.ytimg.com/vi/FFPBePaQKow/default.jpg,https://www.youtube.com/watch?v=FFPBePaQKow
_fTHWbm9Kb8,UCaXkIU1QidjPwiAYu6GcHjg,chris hayes puts the scale of coronavirus deaths in perspective  all in  msnbc,MS NOW,News & Politics,none,112854,2276,0,414,2020-07-28T01:42:14Z,"Health,White House,Ukraine,Donald Trump,Chris Hayes Commentary,Coronavirus,All In With Chris Hayes,Coronavirus Deaths,coronavirus news,coronavirus latest news,coronavirus symptoms,cdc,center for disease control,quarantine,symptoms,social distancing,virus protection,outbreak,coronavirus outbreak,COVID-19,pandemic,coronavirus pandemic,coronavirus prevention,coronavirus explained,covid-19 news,covid-19 updates,covid-19 outbreak,corona,COVID fatality rate",PT3M24S,hd,True,https://i.ytimg.com/vi/_fTHWbm9Kb8/default.jpg,https://www.youtube.com/watch?v=_fTHWbm9Kb8
w1dtEUXsFIk,UCaXkIU1QidjPwiAYu6GcHjg,us coronavirus deaths pass  mark  msnbc,MS NOW,News & Politics,none,232788,1462,0,1649,2020-05-27T17:38:31Z,"MTP Daily,Katy Tur,MSNBC,NBC News,us news,top stories,pop culture,political news,msnbc live,coronavirus,coronavirus update,coronavirus us,coronavirus news,coronavirus latest news,coronavirus symptoms,center for disease control,quarantine,symptoms,social distancing,virus protection,outbreak,coronavirus outbreak,COVID-19,pandemic,coronavirus pandemic,coronavirus prevention,coronavirus explained,covid-19 news,covid-19 updates,covid-19 outbreak,corona",PT1M45S,hd,True,https://i.ytimg.com/vi/w1dtEUXsFIk/default.jpg,https://www.youtube.com/watch?v=w1dtEUXsFIk
LwJTTpHNXlE,UCaXkIU1QidjPwiAYu6GcHjg,frontline releases new documentary coronavirus pandemic  morning joe  msnbc,MS NOW,News & Politics,none,163211,1241,0,449,2020-04-20T15:00:24Z,"News,Donald Trump,Best of last night,Coronavirus,Morning Joe,coronavirus update,coronavirus us,coronavirus news,coronavirus latest news,coronavirus symptoms,cdc,center for disease control,quarantine,symptoms,social distancing,virus protection,outbreak,coronavirus outbreak,COVID-19,pandemic,coronavirus pandemic,coronavirus prevention,coronavirus explained,covid-19 news,covid-19 updates,covid-19 outbreak,corona,Frontline Release,New Documentary",PT11M53S,hd,True,https://i.ytimg.com/vi/LwJTTpHNXlE/default.jpg,https://www.youtube.com/watch?v=LwJTTpHNXlE
c8TltWFwKuA,UCaXkIU1QidjPwiAYu6GcHjg,cuomo on coronavirus this is a character test for all of us  msnbc,MS NOW,News & Politics,none,63949,536,0,289,2020-03-17T17:59:49Z,"Andrew Cuomo,U.S. news,Health,Coronavirus,msnbc,NBC News,news,breaking news,us news,world news,msnbc live,coronavirus update,coronavirus us,coronavirus news,coronavirus latest news,illness,center for disease control,safety,symptoms,sickness,virus protection,COVID-19,pandemic,outbreak,coronavirus pandemic,coronavirus outbreak,coronavirus prevention,coronavirus explained,covid-19 news,covid-19 updates,covid-19 outbreak,Cuomo On Coronavirus,Character Test",PT1M15S,hd,True,https://i.ytimg.com/vi/c8TltWFwKuA/default.jpg,https://www.youtube.com/watch?v=c8TltWFwKuA
yOFXVdIwH6s,UCaXkIU1QidjPwiAYu6GcHjg,dr deboisblanc hospitals cant rehearse for coronavirus pandemic  the last word  msnbc,MS NOW,News & Politics,none,12969,88,0,14,2020-04-10T04:20:27Z,"New Orleans,Hurricane Katrina,Louisiana,Coronavirus,The Last Word with Lawrence O'Donnell,Last Word,The Last Word,Lawrence O'Donnell,MSNBC,MSNBC News,MSNBC Live,US News,Current Events,Progressive News,Liberal News,lawrence odonnell,lawrence odonnell live,news,Dr. DeBoisblanc,Coronavirus Pandemic,coronavirus news,coronavirus update,coronavirus outbreak,covid-19 news,covid-19 updates,virus protection,coronavirus prevention,covid 19",PT2M45S,hd,True,https://i.ytimg.com/vi/yOFXVdIwH6s/default.jpg,https://www.youtube.com/watch?v=yOFXVdIwH6s
yobnaFCOR7g,UCaXkIU1QidjPwiAYu6GcHjg,nyc doctor on coronavirus feels like a tsunami is about to hit us  the th hour  msnbc,MS NOW,News & Politics,none,15011,176,0,45,2020-03-31T05:14:08Z,"News,National Security,Health,Healthcare,Brian Williams,New York,Donald Trump,Best of last night,Global Health,Coronavirus,The 11th Hour with Brian Williams,The 11th Hour,MSNBC,MSNBC News,MSNBC Live,US News,Current Events,Progressive News,Liberal News,Brian Williams msnbc,11th hour,11th hour msnbc,news,nurse,covid19,doctor,nyc",PT1M34S,hd,True,https://i.ytimg.com/vi/yobnaFCOR7g/default.jpg,https://www.youtube.com/watch?v=yobnaFCOR7g
5QQBUqzU5II,UCaXkIU1QidjPwiAYu6GcHjg,trump hints at early end to coronavirus restrictions as pandemic accelerates  the th hour  msnbc,MS NOW,News & Politics,none,1348928,9686,0,6957,2020-03-24T05:20:19Z,"News,Republicans,National Security,Health,Healthcare,White House,Brian Williams,Best of last night,Global Health,Trump Impeachment Inquiry,Coronavirus,The 11th Hour with Brian Williams,The 11th Hour,MSNBC,MSNBC News,MSNBC Live,US News,Current Events,11th hour,11th hour msnbc,COVID-19,pandemic,outbreak,coronavirus pandemic,coronavirus outbreak,coronavirus prevention,covid-19 news,covid-19 updates,covid-19 outbreak,Trump",PT7M7S,hd,True,https://i.ytimg.com/vi/5QQBUqzU5II/default.jpg,https://www.youtube.com/watch?v=5QQBUqzU5II
etYI26qA1Cs,UCaXkIU1QidjPwiAYu6GcHjg,when it comes to flying during coronavirus crisis preparation matters  the last word  msnbc,MS NOW,News & Politics,none,21294,146,0,16,2020-03-13T04:19:42Z,"Coronavirus,The Last Word with Lawrence O'Donnell,Last Word,The Last Word,Lawrence O'Donnell,MSNBC,MSNBC News,MSNBC Live,US News,Current Events,Progressive News,Liberal News,lawrence odonnell,lawrence odonnell live,news,sickness,virus protection,outbreak,coronavirus outbreak,COVID-19,pandemic,coronavirus pandemic,coronavirus prevention,coronavirus explained,covid-19 news,covid-19 updates,covid-19 outbreak,coronavirus news,coronavirus latest news",PT1M51S,hd,True,https://i.ytimg.com/vi/etYI26qA1Cs/default.jpg,https://www.youtube.com/watch?v=etYI26qA1Cs
FOr1neUb5QI,UCaXkIU1QidjPwiAYu6GcHjg,redlener those downplaying coronavirus are disconnected from reality  the th hour  msnbc,MS NOW,News & Politics,none,696321,3492,0,3037,2020-04-17T05:02:28Z,"News,Republicans,National Security,Health,White House,Brian Williams,Best of last night,Global Health,Science,Trump Impeachment Inquiry,Coronavirus,The 11th Hour with Brian Williams,The 11th Hour,MSNBC,MSNBC News,MSNBC Live,US News,Current Events,Progressive News,Liberal News,Brian Williams msnbc,11th hour,11th hour msnbc,Redlener,Downplaying Coronavirus,severity of the coronavirus,Pandemic,Dr. Irwin Redlener,COVID-19,donald trump,coronavirus outbreak",PT4M37S,hd,True,https://i.ytimg.com/vi/FOr1neUb5QI/default.jpg,https://www.youtube.com/watch?v=FOr1neUb5QI
R_CLY5SnS5o,UCaXkIU1QidjPwiAYu6GcHjg,michael osterholm no question there will be more coronavirus infections  the last word  msnbc,MS NOW,News & Politics,none,19276,260,0,45,2020-05-01T04:52:08Z,"News,Best of last night,Coronavirus,The Last Word with Lawrence O'Donnell,coronavirus update,coronavirus us,coronavirus news,coronavirus latest news,coronavirus symptoms,cdc,center for disease control,quarantine,symptoms,social distancing,virus protection,outbreak,coronavirus outbreak,COVID-19,pandemic,coronavirus pandemic,coronavirus prevention,coronavirus explained,covid-19 news,covid-19 updates,covid-19 outbreak,corona",PT1M23S,hd,True,https://i.ytimg.com/vi/R_CLY5SnS5o/default.jpg,https://www.youtube.com/watch?v=R_CLY5SnS5o
7llEqsZSY6g,UCaXkIU1QidjPwiAYu6GcHjg,white house tries to convince millennials to take coronavirus seriously  mtp daily  msnbc,MS NOW,News & Politics,none,26233,203,0,116,2020-03-18T23:06:33Z,"First Read,Coronavirus - Health Tips,MTP Daily,MTP Daily with Chuck Todd,Chuck Todd,MSNBC,MSNBC News,MSNBC Live,US News,Current Events,Progressive News,news,chuck todd live,msnbc chuck todd,chuck todd msnbc,White House,Convince Millennials,Yale School,Dr. James Hamblin,millennials,symptoms of COVID-19,COVID-19,pandemic,outbreak,coronavirus pandemic,coronavirus outbreak,coronavirus prevention,coronavirus explained,covid-19 news,covid-19 updates",PT1M38S,hd,True,https://i.ytimg.com/vi/7llEqsZSY6g/default.jpg,https://www.youtube.com/watch?v=7llEqsZSY6g
szORuX9KVc4,UCaXkIU1QidjPwiAYu6GcHjg,rosy outlook from trump on coronavirus pandemics deadliest day in us  the th hour  msnbc,MS NOW,News & Politics,none,1025519,6160,0,4476,2020-04-16T04:56:13Z,"News,Republicans,National Security,Health,Healthcare,Politics,White House,Brian Williams,Donald Trump,Best of last night,Global Health,Coronavirus,coronavirus update,coronavirus us,coronavirus news,coronavirus latest news,coronavirus symptoms,cdc,center for disease control,quarantine,symptoms,social distancing,virus protection,outbreak,coronavirus outbreak,COVID-19,pandemic,coronavirus pandemic,covid-19 news,covid-19 updates,covid-19 outbreak,corona",PT8M45S,hd,True,https://i.ytimg.com/vi/szORuX9KVc4/default.jpg,https://www.youtube.com/watch?v=szORuX9KVc4
3x5-AbdB-Bk,UCaXkIU1QidjPwiAYu6GcHjg,coronavirus pandemic highlights environmental injustice in trump era  msnbc,MS NOW,News & Politics,none,44382,562,0,108,2020-03-31T02:19:49Z,"Culture,Flint,Environment,Coronavirus,msnbc,MSNBC,news,breaking news,us news,world news,politics,current events,top stories,pop culture,liberal,MSNBC live,NBC News,business,health,progressive,The Beat with Ari Melber,Ari Melber,ari melber msnbc,msnbc live,ari melber live",PT7M4S,hd,True,https://i.ytimg.com/vi/3x5-AbdB-Bk/default.jpg,https://www.youtube.com/watch?v=3x5-AbdB-Bk
KTaMiWm6Mdk,UCaXkIU1QidjPwiAYu6GcHjg,coronavirus outbreak empties mississippi capitol  rachel maddow  msnbc,MS NOW,News & Politics,none,172259,2949,0,857,2020-07-09T05:40:11Z,"News,Republicans,Mississippi,Health,Politics,Best of last night,Science,Coronavirus,The Rachel Maddow Show,coronavirus update,coronavirus us,coronavirus news,coronavirus latest news,coronavirus symptoms,cdc,center for disease control,quarantine,symptoms,social distancing,virus protection,outbreak,coronavirus outbreak,COVID-19,pandemic,coronavirus pandemic,coronavirus prevention,coronavirus explained,covid-19 news,covid-19 updates,covid-19 outbreak,corona",PT3M15S,hd,True,https://i.ytimg.com/vi/KTaMiWm6Mdk/default.jpg,https://www.youtube.com/watch?v=KTaMiWm6Mdk
qlxsHz1YfMA,UCaXkIU1QidjPwiAYu6GcHjg,daycare centers begin to reopen with coronavirus precautions amid pandemic  msnbc,MS NOW,News & Politics,none,8210,60,0,56,2020-06-12T18:30:58Z,"Coronavirus,msnbc,coronavirus update,coronavirus us,coronavirus news,coronavirus latest news,coronavirus symptoms,quarantine,social distancing,virus protection,coronavirus outbreak,COVID-19,pandemic,coronavirus prevention,covid-19 news,NBC News,nbc,news,us news,Rehema Ellis,childcare,daycare,day care,child care,daycare coronavirus,dependent care,childcare coronavirus,child care coronavirus,covid 19 daycare,covid 19 child care,coronavirus restrictions",PT2M25S,hd,True,https://i.ytimg.com/vi/qlxsHz1YfMA/default.jpg,https://www.youtube.com/watch?v=qlxsHz1YfMA
